run_id,timestamp,experiment,backend,device,model,dataset,batch_size,sequence_length,precision,phase,iteration,latency_ms,throughput,throughput_unit,memory_mb,memory_kind,loss,accuracy,status,error_type,error,extra,metadata
20260919T163805,2026-09-19T16:38:08.320+07:00,matmul,cuda,NVIDIA GeForce RTX 3060,matmul,,,,float32,warmup,0,0.3818850000243401,5623.377843756959,GFLOPS,20.125,cuda_max_memory_allocated (exact peak of tensor allocations),,,ok,,,"{""matrix_size"": 1024, ""matmuls_per_sec"": 2618.5893657416846, ""flops_per_matmul"": 2147483648.0, ""rel_err_vs_cpu_fp32"": 4.4896106032865646e-07, ""reduced_for_time_budget"": false}","{""torch"":""2.14.0+cu130"",""device_name"":""NVIDIA GeForce RTX 3060"",""seed"":1234,""git_commit"":""02ef55fdd8ca475c0661076be05396562212d8b7"",""code_sha256"":""2aca8dcddc402f2b"",""hostname"":""kimang-ubuntu""}"
20260919T163805,2026-09-19T16:38:08.321+07:00,matmul,cuda,NVIDIA GeForce RTX 3060,matmul,,,,float32,warmup,1,0.32314600048266584,6645.552303888703,GFLOPS,20.125,cuda_max_memory_allocated (exact peak of tensor allocations),,,ok,,,"{""matrix_size"": 1024, ""matmuls_per_sec"": 3094.576440699726, ""flops_per_matmul"": 2147483648.0, ""rel_err_vs_cpu_fp32"": 4.4896106032865646e-07, ""reduced_for_time_budget"": false}","{""torch"":""2.14.0+cu130"",""device_name"":""NVIDIA GeForce RTX 3060"",""seed"":1234,""git_commit"":""02ef55fdd8ca475c0661076be05396562212d8b7"",""code_sha256"":""2aca8dcddc402f2b"",""hostname"":""kimang-ubuntu""}"
20260919T163805,2026-09-19T16:38:08.321+07:00,matmul,cuda,NVIDIA GeForce RTX 3060,matmul,,,,float32,warmup,2,0.3257610005675815,6592.206078254873,GFLOPS,20.125,cuda_max_memory_allocated (exact peak of tensor allocations),,,ok,,,"{""matrix_size"": 1024, ""matmuls_per_sec"": 3069.7351685980675, ""flops_per_matmul"": 2147483648.0, ""rel_err_vs_cpu_fp32"": 4.4896106032865646e-07, ""reduced_for_time_budget"": false}","{""torch"":""2.14.0+cu130"",""device_name"":""NVIDIA GeForce RTX 3060"",""seed"":1234,""git_commit"":""02ef55fdd8ca475c0661076be05396562212d8b7"",""code_sha256"":""2aca8dcddc402f2b"",""hostname"":""kimang-ubuntu""}"
20260919T163805,2026-09-19T16:38:08.321+07:00,matmul,cuda,NVIDIA GeForce RTX 3060,matmul,,,,float32,warmup,3,0.3198040003553615,6714.999329632361,GFLOPS,20.125,cuda_max_memory_allocated (exact peak of tensor allocations),,,ok,,,"{""matrix_size"": 1024, ""matmuls_per_sec"": 3126.9152321072115, ""flops_per_matmul"": 2147483648.0, ""rel_err_vs_cpu_fp32"": 4.4896106032865646e-07, ""reduced_for_time_budget"": false}","{""torch"":""2.14.0+cu130"",""device_name"":""NVIDIA GeForce RTX 3060"",""seed"":1234,""git_commit"":""02ef55fdd8ca475c0661076be05396562212d8b7"",""code_sha256"":""2aca8dcddc402f2b"",""hostname"":""kimang-ubuntu""}"
20260919T163805,2026-09-19T16:38:08.321+07:00,matmul,cuda,NVIDIA GeForce RTX 3060,matmul,,,,float32,warmup,4,0.31848600065131905,6742.788202961177,GFLOPS,20.125,cuda_max_memory_allocated (exact peak of tensor allocations),,,ok,,,"{""matrix_size"": 1024, ""matmuls_per_sec"": 3139.85543463434, ""flops_per_matmul"": 2147483648.0, ""rel_err_vs_cpu_fp32"": 4.4896106032865646e-07, ""reduced_for_time_budget"": false}","{""torch"":""2.14.0+cu130"",""device_name"":""NVIDIA GeForce RTX 3060"",""seed"":1234,""git_commit"":""02ef55fdd8ca475c0661076be05396562212d8b7"",""code_sha256"":""2aca8dcddc402f2b"",""hostname"":""kimang-ubuntu""}"
20260919T163805,2026-09-19T16:38:08.321+07:00,matmul,cuda,NVIDIA GeForce RTX 3060,matmul,,,,float32,warmup,5,0.3391009995539207,6332.873246687458,GFLOPS,20.125,cuda_max_memory_allocated (exact peak of tensor allocations),,,ok,,,"{""matrix_size"": 1024, ""matmuls_per_sec"": 2948.973908409224, ""flops_per_matmul"": 2147483648.0, ""rel_err_vs_cpu_fp32"": 4.4896106032865646e-07, ""reduced_for_time_budget"": false}","{""torch"":""2.14.0+cu130"",""device_name"":""NVIDIA GeForce RTX 3060"",""seed"":1234,""git_commit"":""02ef55fdd8ca475c0661076be05396562212d8b7"",""code_sha256"":""2aca8dcddc402f2b"",""hostname"":""kimang-ubuntu""}"
20260919T163805,2026-09-19T16:38:08.321+07:00,matmul,cuda,NVIDIA GeForce RTX 3060,matmul,,,,float32,warmup,6,0.32030399961513467,6704.517116802588,GFLOPS,20.125,cuda_max_memory_allocated (exact peak of tensor allocations),,,ok,,,"{""matrix_size"": 1024, ""matmuls_per_sec"": 3122.0340713870655, ""flops_per_matmul"": 2147483648.0, ""rel_err_vs_cpu_fp32"": 4.4896106032865646e-07, ""reduced_for_time_budget"": false}","{""torch"":""2.14.0+cu130"",""device_name"":""NVIDIA GeForce RTX 3060"",""seed"":1234,""git_commit"":""02ef55fdd8ca475c0661076be05396562212d8b7"",""code_sha256"":""2aca8dcddc402f2b"",""hostname"":""kimang-ubuntu""}"
20260919T163805,2026-09-19T16:38:08.321+07:00,matmul,cuda,NVIDIA GeForce RTX 3060,matmul,,,,float32,warmup,7,0.3180660005455138,6751.6919265714,GFLOPS,20.125,cuda_max_memory_allocated (exact peak of tensor allocations),,,ok,,,"{""matrix_size"": 1024, ""matmuls_per_sec"": 3144.001554032508, ""flops_per_matmul"": 2147483648.0, ""rel_err_vs_cpu_fp32"": 4.4896106032865646e-07, ""reduced_for_time_budget"": false}","{""torch"":""2.14.0+cu130"",""device_name"":""NVIDIA GeForce RTX 3060"",""seed"":1234,""git_commit"":""02ef55fdd8ca475c0661076be05396562212d8b7"",""code_sha256"":""2aca8dcddc402f2b"",""hostname"":""kimang-ubuntu""}"
20260919T163805,2026-09-19T16:38:08.321+07:00,matmul,cuda,NVIDIA GeForce RTX 3060,matmul,,,,float32,warmup,8,0.32372799978475086,6633.604907292164,GFLOPS,20.125,cuda_max_memory_allocated (exact peak of tensor allocations),,,ok,,,"{""matrix_size"": 1024, ""matmuls_per_sec"": 3089.0130006206055, ""flops_per_matmul"": 2147483648.0, ""rel_err_vs_cpu_fp32"": 4.4896106032865646e-07, ""reduced_for_time_budget"": false}","{""torch"":""2.14.0+cu130"",""device_name"":""NVIDIA GeForce RTX 3060"",""seed"":1234,""git_commit"":""02ef55fdd8ca475c0661076be05396562212d8b7"",""code_sha256"":""2aca8dcddc402f2b"",""hostname"":""kimang-ubuntu""}"
20260919T163805,2026-09-19T16:38:08.321+07:00,matmul,cuda,NVIDIA GeForce RTX 3060,matmul,,,,float32,warmup,9,0.3187490001437254,6737.224734922116,GFLOPS,20.125,cuda_max_memory_allocated (exact peak of tensor allocations),,,ok,,,"{""matrix_size"": 1024, ""matmuls_per_sec"": 3137.264742945375, ""flops_per_matmul"": 2147483648.0, ""rel_err_vs_cpu_fp32"": 4.4896106032865646e-07, ""reduced_for_time_budget"": false}","{""torch"":""2.14.0+cu130"",""device_name"":""NVIDIA GeForce RTX 3060"",""seed"":1234,""git_commit"":""02ef55fdd8ca475c0661076be05396562212d8b7"",""code_sha256"":""2aca8dcddc402f2b"",""hostname"":""kimang-ubuntu""}"
20260919T163805,2026-09-19T16:38:08.321+07:00,matmul,cuda,NVIDIA GeForce RTX 3060,matmul,,,,float32,warmup,10,0.31840300016483525,6744.54589588748,GFLOPS,20.125,cuda_max_memory_allocated (exact peak of tensor allocations),,,ok,,,"{""matrix_size"": 1024, ""matmuls_per_sec"": 3140.6739241850933, ""flops_per_matmul"": 2147483648.0, ""rel_err_vs_cpu_fp32"": 4.4896106032865646e-07, ""reduced_for_time_budget"": false}","{""torch"":""2.14.0+cu130"",""device_name"":""NVIDIA GeForce RTX 3060"",""seed"":1234,""git_commit"":""02ef55fdd8ca475c0661076be05396562212d8b7"",""code_sha256"":""2aca8dcddc402f2b"",""hostname"":""kimang-ubuntu""}"
20260919T163805,2026-09-19T16:38:08.321+07:00,matmul,cuda,NVIDIA GeForce RTX 3060,matmul,,,,float32,warmup,11,0.31841100008023204,6744.37644258171,GFLOPS,20.125,cuda_max_memory_allocated (exact peak of tensor allocations),,,ok,,,"{""matrix_size"": 1024, ""matmuls_per_sec"": 3140.59501634059, ""flops_per_matmul"": 2147483648.0, ""rel_err_vs_cpu_fp32"": 4.4896106032865646e-07, ""reduced_for_time_budget"": false}","{""torch"":""2.14.0+cu130"",""device_name"":""NVIDIA GeForce RTX 3060"",""seed"":1234,""git_commit"":""02ef55fdd8ca475c0661076be05396562212d8b7"",""code_sha256"":""2aca8dcddc402f2b"",""hostname"":""kimang-ubuntu""}"
20260919T163805,2026-09-19T16:38:08.321+07:00,matmul,cuda,NVIDIA GeForce RTX 3060,matmul,,,,float32,warmup,12,0.3193259999534348,6725.051039731038,GFLOPS,20.125,cuda_max_memory_allocated (exact peak of tensor allocations),,,ok,,,"{""matrix_size"": 1024, ""matmuls_per_sec"": 3131.5959243714055, ""flops_per_matmul"": 2147483648.0, ""rel_err_vs_cpu_fp32"": 4.4896106032865646e-07, ""reduced_for_time_budget"": false}","{""torch"":""2.14.0+cu130"",""device_name"":""NVIDIA GeForce RTX 3060"",""seed"":1234,""git_commit"":""02ef55fdd8ca475c0661076be05396562212d8b7"",""code_sha256"":""2aca8dcddc402f2b"",""hostname"":""kimang-ubuntu""}"
20260919T163805,2026-09-19T16:38:08.321+07:00,matmul,cuda,NVIDIA GeForce RTX 3060,matmul,,,,float32,warmup,13,0.3185579998898902,6741.26422423006,GFLOPS,20.125,cuda_max_memory_allocated (exact peak of tensor allocations),,,ok,,,"{""matrix_size"": 1024, ""matmuls_per_sec"": 3139.145776736578, ""flops_per_matmul"": 2147483648.0, ""rel_err_vs_cpu_fp32"": 4.4896106032865646e-07, ""reduced_for_time_budget"": false}","{""torch"":""2.14.0+cu130"",""device_name"":""NVIDIA GeForce RTX 3060"",""seed"":1234,""git_commit"":""02ef55fdd8ca475c0661076be05396562212d8b7"",""code_sha256"":""2aca8dcddc402f2b"",""hostname"":""kimang-ubuntu""}"
20260919T163805,2026-09-19T16:38:08.321+07:00,matmul,cuda,NVIDIA GeForce RTX 3060,matmul,,,,float32,warmup,14,0.31881199993222253,6735.893405695337,GFLOPS,20.125,cuda_max_memory_allocated (exact peak of tensor allocations),,,ok,,,"{""matrix_size"": 1024, ""matmuls_per_sec"": 3136.6447944638026, ""flops_per_matmul"": 2147483648.0, ""rel_err_vs_cpu_fp32"": 4.4896106032865646e-07, ""reduced_for_time_budget"": false}","{""torch"":""2.14.0+cu130"",""device_name"":""NVIDIA GeForce RTX 3060"",""seed"":1234,""git_commit"":""02ef55fdd8ca475c0661076be05396562212d8b7"",""code_sha256"":""2aca8dcddc402f2b"",""hostname"":""kimang-ubuntu""}"
20260919T163805,2026-09-19T16:38:08.321+07:00,matmul,cuda,NVIDIA GeForce RTX 3060,matmul,,,,float32,warmup,15,0.31938200027070707,6723.871871864414,GFLOPS,20.125,cuda_max_memory_allocated (exact peak of tensor allocations),,,ok,,,"{""matrix_size"": 1024, ""matmuls_per_sec"": 3131.0468315446815, ""flops_per_matmul"": 2147483648.0, ""rel_err_vs_cpu_fp32"": 4.4896106032865646e-07, ""reduced_for_time_budget"": false}","{""torch"":""2.14.0+cu130"",""device_name"":""NVIDIA GeForce RTX 3060"",""seed"":1234,""git_commit"":""02ef55fdd8ca475c0661076be05396562212d8b7"",""code_sha256"":""2aca8dcddc402f2b"",""hostname"":""kimang-ubuntu""}"
20260919T163805,2026-09-19T16:38:08.321+07:00,matmul,cuda,NVIDIA GeForce RTX 3060,matmul,,,,float32,warmup,16,0.31812100041861413,6750.524627969027,GFLOPS,20.125,cuda_max_memory_allocated (exact peak of tensor allocations),,,ok,,,"{""matrix_size"": 1024, ""matmuls_per_sec"": 3143.457988262655, ""flops_per_matmul"": 2147483648.0, ""rel_err_vs_cpu_fp32"": 4.4896106032865646e-07, ""reduced_for_time_budget"": false}","{""torch"":""2.14.0+cu130"",""device_name"":""NVIDIA GeForce RTX 3060"",""seed"":1234,""git_commit"":""02ef55fdd8ca475c0661076be05396562212d8b7"",""code_sha256"":""2aca8dcddc402f2b"",""hostname"":""kimang-ubuntu""}"
20260919T163805,2026-09-19T16:38:08.321+07:00,matmul,cuda,NVIDIA GeForce RTX 3060,matmul,,,,float32,warmup,17,0.3187929996784078,6736.294868978741,GFLOPS,20.125,cuda_max_memory_allocated (exact peak of tensor allocations),,,ok,,,"{""matrix_size"": 1024, ""matmuls_per_sec"": 3136.8317403731594, ""flops_per_matmul"": 2147483648.0, ""rel_err_vs_cpu_fp32"": 4.4896106032865646e-07, ""reduced_for_time_budget"": false}","{""torch"":""2.14.0+cu130"",""device_name"":""NVIDIA GeForce RTX 3060"",""seed"":1234,""git_commit"":""02ef55fdd8ca475c0661076be05396562212d8b7"",""code_sha256"":""2aca8dcddc402f2b"",""hostname"":""kimang-ubuntu""}"
20260919T163805,2026-09-19T16:38:08.321+07:00,matmul,cuda,NVIDIA GeForce RTX 3060,matmul,,,,float32,warmup,18,0.3192879994458053,6725.85143108238,GFLOPS,20.125,cuda_max_memory_allocated (exact peak of tensor allocations),,,ok,,,"{""matrix_size"": 1024, ""matmuls_per_sec"": 3131.9686356384213, ""flops_per_matmul"": 2147483648.0, ""rel_err_vs_cpu_fp32"": 4.4896106032865646e-07, ""reduced_for_time_budget"": false}","{""torch"":""2.14.0+cu130"",""device_name"":""NVIDIA GeForce RTX 3060"",""seed"":1234,""git_commit"":""02ef55fdd8ca475c0661076be05396562212d8b7"",""code_sha256"":""2aca8dcddc402f2b"",""hostname"":""kimang-ubuntu""}"
20260919T163805,2026-09-19T16:38:08.321+07:00,matmul,cuda,NVIDIA GeForce RTX 3060,matmul,,,,float32,warmup,19,0.3178249999109539,6756.811605763133,GFLOPS,20.125,cuda_max_memory_allocated (exact peak of tensor allocations),,,ok,,,"{""matrix_size"": 1024, ""matmuls_per_sec"": 3146.3855904355332, ""flops_per_matmul"": 2147483648.0, ""rel_err_vs_cpu_fp32"": 4.4896106032865646e-07, ""reduced_for_time_budget"": false}","{""torch"":""2.14.0+cu130"",""device_name"":""NVIDIA GeForce RTX 3060"",""seed"":1234,""git_commit"":""02ef55fdd8ca475c0661076be05396562212d8b7"",""code_sha256"":""2aca8dcddc402f2b"",""hostname"":""kimang-ubuntu""}"
20260919T163805,2026-09-19T16:38:08.321+07:00,matmul,cuda,NVIDIA GeForce RTX 3060,matmul,,,,float32,measure,0,0.3184379993399489,6743.8046101635355,GFLOPS,20.125,cuda_max_memory_allocated (exact peak of tensor allocations),,,ok,,,"{""matrix_size"": 1024, ""matmuls_per_sec"": 3140.3287361206185, ""flops_per_matmul"": 2147483648.0, ""rel_err_vs_cpu_fp32"": 4.4896106032865646e-07, ""reduced_for_time_budget"": false}","{""torch"":""2.14.0+cu130"",""device_name"":""NVIDIA GeForce RTX 3060"",""seed"":1234,""git_commit"":""02ef55fdd8ca475c0661076be05396562212d8b7"",""code_sha256"":""2aca8dcddc402f2b"",""hostname"":""kimang-ubuntu""}"
20260919T163805,2026-09-19T16:38:08.321+07:00,matmul,cuda,NVIDIA GeForce RTX 3060,matmul,,,,float32,measure,1,0.32035599997470854,6703.428835949817,GFLOPS,20.125,cuda_max_memory_allocated (exact peak of tensor allocations),,,ok,,,"{""matrix_size"": 1024, ""matmuls_per_sec"": 3121.5273011242116, ""flops_per_matmul"": 2147483648.0, ""rel_err_vs_cpu_fp32"": 4.4896106032865646e-07, ""reduced_for_time_budget"": false}","{""torch"":""2.14.0+cu130"",""device_name"":""NVIDIA GeForce RTX 3060"",""seed"":1234,""git_commit"":""02ef55fdd8ca475c0661076be05396562212d8b7"",""code_sha256"":""2aca8dcddc402f2b"",""hostname"":""kimang-ubuntu""}"
20260919T163805,2026-09-19T16:38:08.322+07:00,matmul,cuda,NVIDIA GeForce RTX 3060,matmul,,,,float32,measure,2,0.31788600063009653,6755.515007717778,GFLOPS,20.125,cuda_max_memory_allocated (exact peak of tensor allocations),,,ok,,,"{""matrix_size"": 1024, ""matmuls_per_sec"": 3145.7818149206123, ""flops_per_matmul"": 2147483648.0, ""rel_err_vs_cpu_fp32"": 4.4896106032865646e-07, ""reduced_for_time_budget"": false}","{""torch"":""2.14.0+cu130"",""device_name"":""NVIDIA GeForce RTX 3060"",""seed"":1234,""git_commit"":""02ef55fdd8ca475c0661076be05396562212d8b7"",""code_sha256"":""2aca8dcddc402f2b"",""hostname"":""kimang-ubuntu""}"
20260919T163805,2026-09-19T16:38:08.322+07:00,matmul,cuda,NVIDIA GeForce RTX 3060,matmul,,,,float32,measure,3,0.3188780001437408,6734.499234917359,GFLOPS,20.125,cuda_max_memory_allocated (exact peak of tensor allocations),,,ok,,,"{""matrix_size"": 1024, ""matmuls_per_sec"": 3135.9955831046027, ""flops_per_matmul"": 2147483648.0, ""rel_err_vs_cpu_fp32"": 4.4896106032865646e-07, ""reduced_for_time_budget"": false}","{""torch"":""2.14.0+cu130"",""device_name"":""NVIDIA GeForce RTX 3060"",""seed"":1234,""git_commit"":""02ef55fdd8ca475c0661076be05396562212d8b7"",""code_sha256"":""2aca8dcddc402f2b"",""hostname"":""kimang-ubuntu""}"
20260919T163805,2026-09-19T16:38:08.322+07:00,matmul,cuda,NVIDIA GeForce RTX 3060,matmul,,,,float32,measure,4,0.31912800022837473,6729.2235293149315,GFLOPS,20.125,cuda_max_memory_allocated (exact peak of tensor allocations),,,ok,,,"{""matrix_size"": 1024, ""matmuls_per_sec"": 3133.5388912423196, ""flops_per_matmul"": 2147483648.0, ""rel_err_vs_cpu_fp32"": 4.4896106032865646e-07, ""reduced_for_time_budget"": false}","{""torch"":""2.14.0+cu130"",""device_name"":""NVIDIA GeForce RTX 3060"",""seed"":1234,""git_commit"":""02ef55fdd8ca475c0661076be05396562212d8b7"",""code_sha256"":""2aca8dcddc402f2b"",""hostname"":""kimang-ubuntu""}"
20260919T163805,2026-09-19T16:38:08.322+07:00,matmul,cuda,NVIDIA GeForce RTX 3060,matmul,,,,float32,measure,5,0.3182049995302805,6748.742638142129,GFLOPS,20.125,cuda_max_memory_allocated (exact peak of tensor allocations),,,ok,,,"{""matrix_size"": 1024, ""matmuls_per_sec"": 3142.628184585892, ""flops_per_matmul"": 2147483648.0, ""rel_err_vs_cpu_fp32"": 4.4896106032865646e-07, ""reduced_for_time_budget"": false}","{""torch"":""2.14.0+cu130"",""device_name"":""NVIDIA GeForce RTX 3060"",""seed"":1234,""git_commit"":""02ef55fdd8ca475c0661076be05396562212d8b7"",""code_sha256"":""2aca8dcddc402f2b"",""hostname"":""kimang-ubuntu""}"
20260919T163805,2026-09-19T16:38:08.322+07:00,matmul,cuda,NVIDIA GeForce RTX 3060,matmul,,,,float32,measure,6,0.3189589997418807,6732.789009677929,GFLOPS,20.125,cuda_max_memory_allocated (exact peak of tensor allocations),,,ok,,,"{""matrix_size"": 1024, ""matmuls_per_sec"": 3135.1991974180237, ""flops_per_matmul"": 2147483648.0, ""rel_err_vs_cpu_fp32"": 4.4896106032865646e-07, ""reduced_for_time_budget"": false}","{""torch"":""2.14.0+cu130"",""device_name"":""NVIDIA GeForce RTX 3060"",""seed"":1234,""git_commit"":""02ef55fdd8ca475c0661076be05396562212d8b7"",""code_sha256"":""2aca8dcddc402f2b"",""hostname"":""kimang-ubuntu""}"
20260919T163805,2026-09-19T16:38:08.322+07:00,matmul,cuda,NVIDIA GeForce RTX 3060,matmul,,,,float32,measure,7,0.31878800018603215,6736.40051302688,GFLOPS,20.125,cuda_max_memory_allocated (exact peak of tensor allocations),,,ok,,,"{""matrix_size"": 1024, ""matmuls_per_sec"": 3136.880934716612, ""flops_per_matmul"": 2147483648.0, ""rel_err_vs_cpu_fp32"": 4.4896106032865646e-07, ""reduced_for_time_budget"": false}","{""torch"":""2.14.0+cu130"",""device_name"":""NVIDIA GeForce RTX 3060"",""seed"":1234,""git_commit"":""02ef55fdd8ca475c0661076be05396562212d8b7"",""code_sha256"":""2aca8dcddc402f2b"",""hostname"":""kimang-ubuntu""}"
20260919T163805,2026-09-19T16:38:08.322+07:00,matmul,cuda,NVIDIA GeForce RTX 3060,matmul,,,,float32,measure,8,0.31559499984723516,6804.555360634664,GFLOPS,20.125,cuda_max_memory_allocated (exact peak of tensor allocations),,,ok,,,"{""matrix_size"": 1024, ""matmuls_per_sec"": 3168.6180087899156, ""flops_per_matmul"": 2147483648.0, ""rel_err_vs_cpu_fp32"": 4.4896106032865646e-07, ""reduced_for_time_budget"": false}","{""torch"":""2.14.0+cu130"",""device_name"":""NVIDIA GeForce RTX 3060"",""seed"":1234,""git_commit"":""02ef55fdd8ca475c0661076be05396562212d8b7"",""code_sha256"":""2aca8dcddc402f2b"",""hostname"":""kimang-ubuntu""}"
20260919T163805,2026-09-19T16:38:08.322+07:00,matmul,cuda,NVIDIA GeForce RTX 3060,matmul,,,,float32,measure,9,0.3154129999529687,6808.481731318025,GFLOPS,20.125,cuda_max_memory_allocated (exact peak of tensor allocations),,,ok,,,"{""matrix_size"": 1024, ""matmuls_per_sec"": 3170.4463676167766, ""flops_per_matmul"": 2147483648.0, ""rel_err_vs_cpu_fp32"": 4.4896106032865646e-07, ""reduced_for_time_budget"": false}","{""torch"":""2.14.0+cu130"",""device_name"":""NVIDIA GeForce RTX 3060"",""seed"":1234,""git_commit"":""02ef55fdd8ca475c0661076be05396562212d8b7"",""code_sha256"":""2aca8dcddc402f2b"",""hostname"":""kimang-ubuntu""}"
20260919T163805,2026-09-19T16:38:08.322+07:00,matmul,cuda,NVIDIA GeForce RTX 3060,matmul,,,,float32,measure,10,0.31635100003768457,6788.294166113545,GFLOPS,20.125,cuda_max_memory_allocated (exact peak of tensor allocations),,,ok,,,"{""matrix_size"": 1024, ""matmuls_per_sec"": 3161.0458000160497, ""flops_per_matmul"": 2147483648.0, ""rel_err_vs_cpu_fp32"": 4.4896106032865646e-07, ""reduced_for_time_budget"": false}","{""torch"":""2.14.0+cu130"",""device_name"":""NVIDIA GeForce RTX 3060"",""seed"":1234,""git_commit"":""02ef55fdd8ca475c0661076be05396562212d8b7"",""code_sha256"":""2aca8dcddc402f2b"",""hostname"":""kimang-ubuntu""}"
20260919T163805,2026-09-19T16:38:08.322+07:00,matmul,cuda,NVIDIA GeForce RTX 3060,matmul,,,,float32,measure,11,0.3149619997202535,6818.230929151377,GFLOPS,20.125,cuda_max_memory_allocated (exact peak of tensor allocations),,,ok,,,"{""matrix_size"": 1024, ""matmuls_per_sec"": 3174.9861916300733, ""flops_per_matmul"": 2147483648.0, ""rel_err_vs_cpu_fp32"": 4.4896106032865646e-07, ""reduced_for_time_budget"": false}","{""torch"":""2.14.0+cu130"",""device_name"":""NVIDIA GeForce RTX 3060"",""seed"":1234,""git_commit"":""02ef55fdd8ca475c0661076be05396562212d8b7"",""code_sha256"":""2aca8dcddc402f2b"",""hostname"":""kimang-ubuntu""}"
20260919T163805,2026-09-19T16:38:08.322+07:00,matmul,cuda,NVIDIA GeForce RTX 3060,matmul,,,,float32,measure,12,0.31511300039710477,6814.963664760721,GFLOPS,20.125,cuda_max_memory_allocated (exact peak of tensor allocations),,,ok,,,"{""matrix_size"": 1024, ""matmuls_per_sec"": 3173.464753087946, ""flops_per_matmul"": 2147483648.0, ""rel_err_vs_cpu_fp32"": 4.4896106032865646e-07, ""reduced_for_time_budget"": false}","{""torch"":""2.14.0+cu130"",""device_name"":""NVIDIA GeForce RTX 3060"",""seed"":1234,""git_commit"":""02ef55fdd8ca475c0661076be05396562212d8b7"",""code_sha256"":""2aca8dcddc402f2b"",""hostname"":""kimang-ubuntu""}"
20260919T163805,2026-09-19T16:38:08.322+07:00,matmul,cuda,NVIDIA GeForce RTX 3060,matmul,,,,float32,measure,13,0.3158999998049694,6797.985594573647,GFLOPS,20.125,cuda_max_memory_allocated (exact peak of tensor allocations),,,ok,,,"{""matrix_size"": 1024, ""matmuls_per_sec"": 3165.558723068632, ""flops_per_matmul"": 2147483648.0, ""rel_err_vs_cpu_fp32"": 4.4896106032865646e-07, ""reduced_for_time_budget"": false}","{""torch"":""2.14.0+cu130"",""device_name"":""NVIDIA GeForce RTX 3060"",""seed"":1234,""git_commit"":""02ef55fdd8ca475c0661076be05396562212d8b7"",""code_sha256"":""2aca8dcddc402f2b"",""hostname"":""kimang-ubuntu""}"
20260919T163805,2026-09-19T16:38:08.322+07:00,matmul,cuda,NVIDIA GeForce RTX 3060,matmul,,,,float32,measure,14,0.31489200046053156,6819.746595211347,GFLOPS,20.125,cuda_max_memory_allocated (exact peak of tensor allocations),,,ok,,,"{""matrix_size"": 1024, ""matmuls_per_sec"": 3175.6919786386875, ""flops_per_matmul"": 2147483648.0, ""rel_err_vs_cpu_fp32"": 4.4896106032865646e-07, ""reduced_for_time_budget"": false}","{""torch"":""2.14.0+cu130"",""device_name"":""NVIDIA GeForce RTX 3060"",""seed"":1234,""git_commit"":""02ef55fdd8ca475c0661076be05396562212d8b7"",""code_sha256"":""2aca8dcddc402f2b"",""hostname"":""kimang-ubuntu""}"
20260919T163805,2026-09-19T16:38:08.322+07:00,matmul,cuda,NVIDIA GeForce RTX 3060,matmul,,,,float32,measure,15,0.31456799933948787,6826.770849257283,GFLOPS,20.125,cuda_max_memory_allocated (exact peak of tensor allocations),,,ok,,,"{""matrix_size"": 1024, ""matmuls_per_sec"": 3178.962901820095, ""flops_per_matmul"": 2147483648.0, ""rel_err_vs_cpu_fp32"": 4.4896106032865646e-07, ""reduced_for_time_budget"": false}","{""torch"":""2.14.0+cu130"",""device_name"":""NVIDIA GeForce RTX 3060"",""seed"":1234,""git_commit"":""02ef55fdd8ca475c0661076be05396562212d8b7"",""code_sha256"":""2aca8dcddc402f2b"",""hostname"":""kimang-ubuntu""}"
20260919T163805,2026-09-19T16:38:08.322+07:00,matmul,cuda,NVIDIA GeForce RTX 3060,matmul,,,,float32,measure,16,0.3158210001856787,6799.686046011642,GFLOPS,20.125,cuda_max_memory_allocated (exact peak of tensor allocations),,,ok,,,"{""matrix_size"": 1024, ""matmuls_per_sec"": 3166.350557474253, ""flops_per_matmul"": 2147483648.0, ""rel_err_vs_cpu_fp32"": 4.4896106032865646e-07, ""reduced_for_time_budget"": false}","{""torch"":""2.14.0+cu130"",""device_name"":""NVIDIA GeForce RTX 3060"",""seed"":1234,""git_commit"":""02ef55fdd8ca475c0661076be05396562212d8b7"",""code_sha256"":""2aca8dcddc402f2b"",""hostname"":""kimang-ubuntu""}"
20260919T163805,2026-09-19T16:38:08.322+07:00,matmul,cuda,NVIDIA GeForce RTX 3060,matmul,,,,float32,measure,17,0.31464699986827327,6825.056806195649,GFLOPS,20.125,cuda_max_memory_allocated (exact peak of tensor allocations),,,ok,,,"{""matrix_size"": 1024, ""matmuls_per_sec"": 3178.1647383215136, ""flops_per_matmul"": 2147483648.0, ""rel_err_vs_cpu_fp32"": 4.4896106032865646e-07, ""reduced_for_time_budget"": false}","{""torch"":""2.14.0+cu130"",""device_name"":""NVIDIA GeForce RTX 3060"",""seed"":1234,""git_commit"":""02ef55fdd8ca475c0661076be05396562212d8b7"",""code_sha256"":""2aca8dcddc402f2b"",""hostname"":""kimang-ubuntu""}"
20260919T163805,2026-09-19T16:38:08.322+07:00,matmul,cuda,NVIDIA GeForce RTX 3060,matmul,,,,float32,measure,18,0.3152569997837418,6811.850805765197,GFLOPS,20.125,cuda_max_memory_allocated (exact peak of tensor allocations),,,ok,,,"{""matrix_size"": 1024, ""matmuls_per_sec"": 3172.0152151608827, ""flops_per_matmul"": 2147483648.0, ""rel_err_vs_cpu_fp32"": 4.4896106032865646e-07, ""reduced_for_time_budget"": false}","{""torch"":""2.14.0+cu130"",""device_name"":""NVIDIA GeForce RTX 3060"",""seed"":1234,""git_commit"":""02ef55fdd8ca475c0661076be05396562212d8b7"",""code_sha256"":""2aca8dcddc402f2b"",""hostname"":""kimang-ubuntu""}"
20260919T163805,2026-09-19T16:38:08.322+07:00,matmul,cuda,NVIDIA GeForce RTX 3060,matmul,,,,float32,measure,19,0.31612000020686537,6793.254607727163,GFLOPS,20.125,cuda_max_memory_allocated (exact peak of tensor allocations),,,ok,,,"{""matrix_size"": 1024, ""matmuls_per_sec"": 3163.355685643462, ""flops_per_matmul"": 2147483648.0, ""rel_err_vs_cpu_fp32"": 4.4896106032865646e-07, ""reduced_for_time_budget"": false}","{""torch"":""2.14.0+cu130"",""device_name"":""NVIDIA GeForce RTX 3060"",""seed"":1234,""git_commit"":""02ef55fdd8ca475c0661076be05396562212d8b7"",""code_sha256"":""2aca8dcddc402f2b"",""hostname"":""kimang-ubuntu""}"
20260919T163805,2026-09-19T16:38:08.322+07:00,matmul,cuda,NVIDIA GeForce RTX 3060,matmul,,,,float32,measure,20,0.3151179998894804,6814.8555422196605,GFLOPS,20.125,cuda_max_memory_allocated (exact peak of tensor allocations),,,ok,,,"{""matrix_size"": 1024, ""matmuls_per_sec"": 3173.4144046062884, ""flops_per_matmul"": 2147483648.0, ""rel_err_vs_cpu_fp32"": 4.4896106032865646e-07, ""reduced_for_time_budget"": false}","{""torch"":""2.14.0+cu130"",""device_name"":""NVIDIA GeForce RTX 3060"",""seed"":1234,""git_commit"":""02ef55fdd8ca475c0661076be05396562212d8b7"",""code_sha256"":""2aca8dcddc402f2b"",""hostname"":""kimang-ubuntu""}"
20260919T163805,2026-09-19T16:38:08.322+07:00,matmul,cuda,NVIDIA GeForce RTX 3060,matmul,,,,float32,measure,21,0.3152310000587022,6812.412635813408,GFLOPS,20.125,cuda_max_memory_allocated (exact peak of tensor allocations),,,ok,,,"{""matrix_size"": 1024, ""matmuls_per_sec"": 3172.2768376643808, ""flops_per_matmul"": 2147483648.0, ""rel_err_vs_cpu_fp32"": 4.4896106032865646e-07, ""reduced_for_time_budget"": false}","{""torch"":""2.14.0+cu130"",""device_name"":""NVIDIA GeForce RTX 3060"",""seed"":1234,""git_commit"":""02ef55fdd8ca475c0661076be05396562212d8b7"",""code_sha256"":""2aca8dcddc402f2b"",""hostname"":""kimang-ubuntu""}"
20260919T163805,2026-09-19T16:38:08.322+07:00,matmul,cuda,NVIDIA GeForce RTX 3060,matmul,,,,float32,measure,22,0.31596999997418607,6796.479565070873,GFLOPS,20.125,cuda_max_memory_allocated (exact peak of tensor allocations),,,ok,,,"{""matrix_size"": 1024, ""matmuls_per_sec"": 3164.8574234316466, ""flops_per_matmul"": 2147483648.0, ""rel_err_vs_cpu_fp32"": 4.4896106032865646e-07, ""reduced_for_time_budget"": false}","{""torch"":""2.14.0+cu130"",""device_name"":""NVIDIA GeForce RTX 3060"",""seed"":1234,""git_commit"":""02ef55fdd8ca475c0661076be05396562212d8b7"",""code_sha256"":""2aca8dcddc402f2b"",""hostname"":""kimang-ubuntu""}"
20260919T163805,2026-09-19T16:38:08.322+07:00,matmul,cuda,NVIDIA GeForce RTX 3060,matmul,,,,float32,measure,23,0.3147909992549103,6821.934722031295,GFLOPS,20.125,cuda_max_memory_allocated (exact peak of tensor allocations),,,ok,,,"{""matrix_size"": 1024, ""matmuls_per_sec"": 3176.710904590457, ""flops_per_matmul"": 2147483648.0, ""rel_err_vs_cpu_fp32"": 4.4896106032865646e-07, ""reduced_for_time_budget"": false}","{""torch"":""2.14.0+cu130"",""device_name"":""NVIDIA GeForce RTX 3060"",""seed"":1234,""git_commit"":""02ef55fdd8ca475c0661076be05396562212d8b7"",""code_sha256"":""2aca8dcddc402f2b"",""hostname"":""kimang-ubuntu""}"
20260919T163805,2026-09-19T16:38:08.322+07:00,matmul,cuda,NVIDIA GeForce RTX 3060,matmul,,,,float32,measure,24,0.3149189997202484,6819.1619111824675,GFLOPS,20.125,cuda_max_memory_allocated (exact peak of tensor allocations),,,ok,,,"{""matrix_size"": 1024, ""matmuls_per_sec"": 3175.4197139211315, ""flops_per_matmul"": 2147483648.0, ""rel_err_vs_cpu_fp32"": 4.4896106032865646e-07, ""reduced_for_time_budget"": false}","{""torch"":""2.14.0+cu130"",""device_name"":""NVIDIA GeForce RTX 3060"",""seed"":1234,""git_commit"":""02ef55fdd8ca475c0661076be05396562212d8b7"",""code_sha256"":""2aca8dcddc402f2b"",""hostname"":""kimang-ubuntu""}"
20260919T163805,2026-09-19T16:38:08.323+07:00,matmul,cuda,NVIDIA GeForce RTX 3060,matmul,,,,float32,measure,25,0.31552000018564286,6806.172815468061,GFLOPS,20.125,cuda_max_memory_allocated (exact peak of tensor allocations),,,ok,,,"{""matrix_size"": 1024, ""matmuls_per_sec"": 3169.3711948897976, ""flops_per_matmul"": 2147483648.0, ""rel_err_vs_cpu_fp32"": 4.4896106032865646e-07, ""reduced_for_time_budget"": false}","{""torch"":""2.14.0+cu130"",""device_name"":""NVIDIA GeForce RTX 3060"",""seed"":1234,""git_commit"":""02ef55fdd8ca475c0661076be05396562212d8b7"",""code_sha256"":""2aca8dcddc402f2b"",""hostname"":""kimang-ubuntu""}"
20260919T163805,2026-09-19T16:38:08.323+07:00,matmul,cuda,NVIDIA GeForce RTX 3060,matmul,,,,float32,measure,26,0.31506599952990655,6815.9803063616755,GFLOPS,20.125,cuda_max_memory_allocated (exact peak of tensor allocations),,,ok,,,"{""matrix_size"": 1024, ""matmuls_per_sec"": 3173.938163724577, ""flops_per_matmul"": 2147483648.0, ""rel_err_vs_cpu_fp32"": 4.4896106032865646e-07, ""reduced_for_time_budget"": false}","{""torch"":""2.14.0+cu130"",""device_name"":""NVIDIA GeForce RTX 3060"",""seed"":1234,""git_commit"":""02ef55fdd8ca475c0661076be05396562212d8b7"",""code_sha256"":""2aca8dcddc402f2b"",""hostname"":""kimang-ubuntu""}"
20260919T163805,2026-09-19T16:38:08.323+07:00,matmul,cuda,NVIDIA GeForce RTX 3060,matmul,,,,float32,measure,27,0.3147730003547622,6822.324804159496,GFLOPS,20.125,cuda_max_memory_allocated (exact peak of tensor allocations),,,ok,,,"{""matrix_size"": 1024, ""matmuls_per_sec"": 3176.892550736431, ""flops_per_matmul"": 2147483648.0, ""rel_err_vs_cpu_fp32"": 4.4896106032865646e-07, ""reduced_for_time_budget"": false}","{""torch"":""2.14.0+cu130"",""device_name"":""NVIDIA GeForce RTX 3060"",""seed"":1234,""git_commit"":""02ef55fdd8ca475c0661076be05396562212d8b7"",""code_sha256"":""2aca8dcddc402f2b"",""hostname"":""kimang-ubuntu""}"
20260919T163805,2026-09-19T16:38:08.323+07:00,matmul,cuda,NVIDIA GeForce RTX 3060,matmul,,,,float32,measure,28,0.3163330002280418,6788.680429964301,GFLOPS,20.125,cuda_max_memory_allocated (exact peak of tensor allocations),,,ok,,,"{""matrix_size"": 1024, ""matmuls_per_sec"": 3161.225668138033, ""flops_per_matmul"": 2147483648.0, ""rel_err_vs_cpu_fp32"": 4.4896106032865646e-07, ""reduced_for_time_budget"": false}","{""torch"":""2.14.0+cu130"",""device_name"":""NVIDIA GeForce RTX 3060"",""seed"":1234,""git_commit"":""02ef55fdd8ca475c0661076be05396562212d8b7"",""code_sha256"":""2aca8dcddc402f2b"",""hostname"":""kimang-ubuntu""}"
20260919T163805,2026-09-19T16:38:08.323+07:00,matmul,cuda,NVIDIA GeForce RTX 3060,matmul,,,,float32,measure,29,0.314705999699072,6823.7772716550235,GFLOPS,20.125,cuda_max_memory_allocated (exact peak of tensor allocations),,,ok,,,"{""matrix_size"": 1024, ""matmuls_per_sec"": 3177.568908620171, ""flops_per_matmul"": 2147483648.0, ""rel_err_vs_cpu_fp32"": 4.4896106032865646e-07, ""reduced_for_time_budget"": false}","{""torch"":""2.14.0+cu130"",""device_name"":""NVIDIA GeForce RTX 3060"",""seed"":1234,""git_commit"":""02ef55fdd8ca475c0661076be05396562212d8b7"",""code_sha256"":""2aca8dcddc402f2b"",""hostname"":""kimang-ubuntu""}"
20260919T163805,2026-09-19T16:38:08.323+07:00,matmul,cuda,NVIDIA GeForce RTX 3060,matmul,,,,float32,measure,30,0.31503999980486697,6816.542817833077,GFLOPS,20.125,cuda_max_memory_allocated (exact peak of tensor allocations),,,ok,,,"{""matrix_size"": 1024, ""matmuls_per_sec"": 3174.200103540475, ""flops_per_matmul"": 2147483648.0, ""rel_err_vs_cpu_fp32"": 4.4896106032865646e-07, ""reduced_for_time_budget"": false}","{""torch"":""2.14.0+cu130"",""device_name"":""NVIDIA GeForce RTX 3060"",""seed"":1234,""git_commit"":""02ef55fdd8ca475c0661076be05396562212d8b7"",""code_sha256"":""2aca8dcddc402f2b"",""hostname"":""kimang-ubuntu""}"
20260919T163805,2026-09-19T16:38:08.323+07:00,matmul,cuda,NVIDIA GeForce RTX 3060,matmul,,,,float32,measure,31,0.3190419993188698,6731.0374577162665,GFLOPS,20.125,cuda_max_memory_allocated (exact peak of tensor allocations),,,ok,,,"{""matrix_size"": 1024, ""matmuls_per_sec"": 3134.3835674767693, ""flops_per_matmul"": 2147483648.0, ""rel_err_vs_cpu_fp32"": 4.4896106032865646e-07, ""reduced_for_time_budget"": false}","{""torch"":""2.14.0+cu130"",""device_name"":""NVIDIA GeForce RTX 3060"",""seed"":1234,""git_commit"":""02ef55fdd8ca475c0661076be05396562212d8b7"",""code_sha256"":""2aca8dcddc402f2b"",""hostname"":""kimang-ubuntu""}"
20260919T163805,2026-09-19T16:38:08.323+07:00,matmul,cuda,NVIDIA GeForce RTX 3060,matmul,,,,float32,measure,32,0.3153750003548339,6809.30208667088,GFLOPS,20.125,cuda_max_memory_allocated (exact peak of tensor allocations),,,ok,,,"{""matrix_size"": 1024, ""matmuls_per_sec"": 3170.828375346437, ""flops_per_matmul"": 2147483648.0, ""rel_err_vs_cpu_fp32"": 4.4896106032865646e-07, ""reduced_for_time_budget"": false}","{""torch"":""2.14.0+cu130"",""device_name"":""NVIDIA GeForce RTX 3060"",""seed"":1234,""git_commit"":""02ef55fdd8ca475c0661076be05396562212d8b7"",""code_sha256"":""2aca8dcddc402f2b"",""hostname"":""kimang-ubuntu""}"
20260919T163805,2026-09-19T16:38:08.323+07:00,matmul,cuda,NVIDIA GeForce RTX 3060,matmul,,,,float32,measure,33,0.3145079999740119,6828.073206969135,GFLOPS,20.125,cuda_max_memory_allocated (exact peak of tensor allocations),,,ok,,,"{""matrix_size"": 1024, ""matmuls_per_sec"": 3179.569359388731, ""flops_per_matmul"": 2147483648.0, ""rel_err_vs_cpu_fp32"": 4.4896106032865646e-07, ""reduced_for_time_budget"": false}","{""torch"":""2.14.0+cu130"",""device_name"":""NVIDIA GeForce RTX 3060"",""seed"":1234,""git_commit"":""02ef55fdd8ca475c0661076be05396562212d8b7"",""code_sha256"":""2aca8dcddc402f2b"",""hostname"":""kimang-ubuntu""}"
20260919T163805,2026-09-19T16:38:08.323+07:00,matmul,cuda,NVIDIA GeForce RTX 3060,matmul,,,,float32,measure,34,0.31514399961452,6814.293309175405,GFLOPS,20.125,cuda_max_memory_allocated (exact peak of tensor allocations),,,ok,,,"{""matrix_size"": 1024, ""matmuls_per_sec"": 3173.1525944431337, ""flops_per_matmul"": 2147483648.0, ""rel_err_vs_cpu_fp32"": 4.4896106032865646e-07, ""reduced_for_time_budget"": false}","{""torch"":""2.14.0+cu130"",""device_name"":""NVIDIA GeForce RTX 3060"",""seed"":1234,""git_commit"":""02ef55fdd8ca475c0661076be05396562212d8b7"",""code_sha256"":""2aca8dcddc402f2b"",""hostname"":""kimang-ubuntu""}"
20260919T163805,2026-09-19T16:38:08.323+07:00,matmul,cuda,NVIDIA GeForce RTX 3060,matmul,,,,float32,measure,35,0.31553000007988885,6805.957111705004,GFLOPS,20.125,cuda_max_memory_allocated (exact peak of tensor allocations),,,ok,,,"{""matrix_size"": 1024, ""matmuls_per_sec"": 3169.270749997815, ""flops_per_matmul"": 2147483648.0, ""rel_err_vs_cpu_fp32"": 4.4896106032865646e-07, ""reduced_for_time_budget"": false}","{""torch"":""2.14.0+cu130"",""device_name"":""NVIDIA GeForce RTX 3060"",""seed"":1234,""git_commit"":""02ef55fdd8ca475c0661076be05396562212d8b7"",""code_sha256"":""2aca8dcddc402f2b"",""hostname"":""kimang-ubuntu""}"
20260919T163805,2026-09-19T16:38:08.323+07:00,matmul,cuda,NVIDIA GeForce RTX 3060,matmul,,,,float32,measure,36,0.31534800018562237,6809.8851007012345,GFLOPS,20.125,cuda_max_memory_allocated (exact peak of tensor allocations),,,ok,,,"{""matrix_size"": 1024, ""matmuls_per_sec"": 3171.0998624103304, ""flops_per_matmul"": 2147483648.0, ""rel_err_vs_cpu_fp32"": 4.4896106032865646e-07, ""reduced_for_time_budget"": false}","{""torch"":""2.14.0+cu130"",""device_name"":""NVIDIA GeForce RTX 3060"",""seed"":1234,""git_commit"":""02ef55fdd8ca475c0661076be05396562212d8b7"",""code_sha256"":""2aca8dcddc402f2b"",""hostname"":""kimang-ubuntu""}"
20260919T163805,2026-09-19T16:38:08.323+07:00,matmul,cuda,NVIDIA GeForce RTX 3060,matmul,,,,float32,measure,37,0.3147150000586407,6823.582122237136,GFLOPS,20.125,cuda_max_memory_allocated (exact peak of tensor allocations),,,ok,,,"{""matrix_size"": 1024, ""matmuls_per_sec"": 3177.47803509102, ""flops_per_matmul"": 2147483648.0, ""rel_err_vs_cpu_fp32"": 4.4896106032865646e-07, ""reduced_for_time_budget"": false}","{""torch"":""2.14.0+cu130"",""device_name"":""NVIDIA GeForce RTX 3060"",""seed"":1234,""git_commit"":""02ef55fdd8ca475c0661076be05396562212d8b7"",""code_sha256"":""2aca8dcddc402f2b"",""hostname"":""kimang-ubuntu""}"
20260919T163805,2026-09-19T16:38:08.323+07:00,matmul,cuda,NVIDIA GeForce RTX 3060,matmul,,,,float32,measure,38,0.3157780001856736,6800.611970236388,GFLOPS,20.125,cuda_max_memory_allocated (exact peak of tensor allocations),,,ok,,,"{""matrix_size"": 1024, ""matmuls_per_sec"": 3166.7817245406973, ""flops_per_matmul"": 2147483648.0, ""rel_err_vs_cpu_fp32"": 4.4896106032865646e-07, ""reduced_for_time_budget"": false}","{""torch"":""2.14.0+cu130"",""device_name"":""NVIDIA GeForce RTX 3060"",""seed"":1234,""git_commit"":""02ef55fdd8ca475c0661076be05396562212d8b7"",""code_sha256"":""2aca8dcddc402f2b"",""hostname"":""kimang-ubuntu""}"
20260919T163805,2026-09-19T16:38:08.323+07:00,matmul,cuda,NVIDIA GeForce RTX 3060,matmul,,,,float32,measure,39,0.31508399933954934,6815.59092972465,GFLOPS,20.125,cuda_max_memory_allocated (exact peak of tensor allocations),,,ok,,,"{""matrix_size"": 1024, ""matmuls_per_sec"": 3173.7568460985317, ""flops_per_matmul"": 2147483648.0, ""rel_err_vs_cpu_fp32"": 4.4896106032865646e-07, ""reduced_for_time_budget"": false}","{""torch"":""2.14.0+cu130"",""device_name"":""NVIDIA GeForce RTX 3060"",""seed"":1234,""git_commit"":""02ef55fdd8ca475c0661076be05396562212d8b7"",""code_sha256"":""2aca8dcddc402f2b"",""hostname"":""kimang-ubuntu""}"
20260919T163805,2026-09-19T16:38:08.323+07:00,matmul,cuda,NVIDIA GeForce RTX 3060,matmul,,,,float32,measure,40,0.3149679996568011,6818.101046264906,GFLOPS,20.125,cuda_max_memory_allocated (exact peak of tensor allocations),,,ok,,,"{""matrix_size"": 1024, ""matmuls_per_sec"": 3174.9257101979597, ""flops_per_matmul"": 2147483648.0, ""rel_err_vs_cpu_fp32"": 4.4896106032865646e-07, ""reduced_for_time_budget"": false}","{""torch"":""2.14.0+cu130"",""device_name"":""NVIDIA GeForce RTX 3060"",""seed"":1234,""git_commit"":""02ef55fdd8ca475c0661076be05396562212d8b7"",""code_sha256"":""2aca8dcddc402f2b"",""hostname"":""kimang-ubuntu""}"
20260919T163805,2026-09-19T16:38:08.323+07:00,matmul,cuda,NVIDIA GeForce RTX 3060,matmul,,,,float32,measure,41,0.3155069998683757,6806.45326061195,GFLOPS,20.125,cuda_max_memory_allocated (exact peak of tensor allocations),,,ok,,,"{""matrix_size"": 1024, ""matmuls_per_sec"": 3169.50178733652, ""flops_per_matmul"": 2147483648.0, ""rel_err_vs_cpu_fp32"": 4.4896106032865646e-07, ""reduced_for_time_budget"": false}","{""torch"":""2.14.0+cu130"",""device_name"":""NVIDIA GeForce RTX 3060"",""seed"":1234,""git_commit"":""02ef55fdd8ca475c0661076be05396562212d8b7"",""code_sha256"":""2aca8dcddc402f2b"",""hostname"":""kimang-ubuntu""}"
20260919T163805,2026-09-19T16:38:08.323+07:00,matmul,cuda,NVIDIA GeForce RTX 3060,matmul,,,,float32,measure,42,0.31467099961446365,6824.536263688446,GFLOPS,20.125,cuda_max_memory_allocated (exact peak of tensor allocations),,,ok,,,"{""matrix_size"": 1024, ""matmuls_per_sec"": 3177.9223418275105, ""flops_per_matmul"": 2147483648.0, ""rel_err_vs_cpu_fp32"": 4.4896106032865646e-07, ""reduced_for_time_budget"": false}","{""torch"":""2.14.0+cu130"",""device_name"":""NVIDIA GeForce RTX 3060"",""seed"":1234,""git_commit"":""02ef55fdd8ca475c0661076be05396562212d8b7"",""code_sha256"":""2aca8dcddc402f2b"",""hostname"":""kimang-ubuntu""}"
20260919T163805,2026-09-19T16:38:08.323+07:00,matmul,cuda,NVIDIA GeForce RTX 3060,matmul,,,,float32,measure,43,0.31515499995293794,6814.055459442761,GFLOPS,20.125,cuda_max_memory_allocated (exact peak of tensor allocations),,,ok,,,"{""matrix_size"": 1024, ""matmuls_per_sec"": 3173.041837030445, ""flops_per_matmul"": 2147483648.0, ""rel_err_vs_cpu_fp32"": 4.4896106032865646e-07, ""reduced_for_time_budget"": false}","{""torch"":""2.14.0+cu130"",""device_name"":""NVIDIA GeForce RTX 3060"",""seed"":1234,""git_commit"":""02ef55fdd8ca475c0661076be05396562212d8b7"",""code_sha256"":""2aca8dcddc402f2b"",""hostname"":""kimang-ubuntu""}"
20260919T163805,2026-09-19T16:38:08.323+07:00,matmul,cuda,NVIDIA GeForce RTX 3060,matmul,,,,float32,measure,44,0.3150709999317769,6815.872131884559,GFLOPS,20.125,cuda_max_memory_allocated (exact peak of tensor allocations),,,ok,,,"{""matrix_size"": 1024, ""matmuls_per_sec"": 3173.887791058309, ""flops_per_matmul"": 2147483648.0, ""rel_err_vs_cpu_fp32"": 4.4896106032865646e-07, ""reduced_for_time_budget"": false}","{""torch"":""2.14.0+cu130"",""device_name"":""NVIDIA GeForce RTX 3060"",""seed"":1234,""git_commit"":""02ef55fdd8ca475c0661076be05396562212d8b7"",""code_sha256"":""2aca8dcddc402f2b"",""hostname"":""kimang-ubuntu""}"
20260919T163805,2026-09-19T16:38:08.323+07:00,matmul,cuda,NVIDIA GeForce RTX 3060,matmul,,,,float32,measure,45,0.31468599991058,6824.210955079733,GFLOPS,20.125,cuda_max_memory_allocated (exact peak of tensor allocations),,,ok,,,"{""matrix_size"": 1024, ""matmuls_per_sec"": 3177.7708582020055, ""flops_per_matmul"": 2147483648.0, ""rel_err_vs_cpu_fp32"": 4.4896106032865646e-07, ""reduced_for_time_budget"": false}","{""torch"":""2.14.0+cu130"",""device_name"":""NVIDIA GeForce RTX 3060"",""seed"":1234,""git_commit"":""02ef55fdd8ca475c0661076be05396562212d8b7"",""code_sha256"":""2aca8dcddc402f2b"",""hostname"":""kimang-ubuntu""}"
20260919T163805,2026-09-19T16:38:08.323+07:00,matmul,cuda,NVIDIA GeForce RTX 3060,matmul,,,,float32,measure,46,0.31488199965679087,6819.963193642931,GFLOPS,20.125,cuda_max_memory_allocated (exact peak of tensor allocations),,,ok,,,"{""matrix_size"": 1024, ""matmuls_per_sec"": 3175.792840143168, ""flops_per_matmul"": 2147483648.0, ""rel_err_vs_cpu_fp32"": 4.4896106032865646e-07, ""reduced_for_time_budget"": false}","{""torch"":""2.14.0+cu130"",""device_name"":""NVIDIA GeForce RTX 3060"",""seed"":1234,""git_commit"":""02ef55fdd8ca475c0661076be05396562212d8b7"",""code_sha256"":""2aca8dcddc402f2b"",""hostname"":""kimang-ubuntu""}"
20260919T163805,2026-09-19T16:38:08.324+07:00,matmul,cuda,NVIDIA GeForce RTX 3060,matmul,,,,float32,measure,47,0.3154940004606033,6806.733709245806,GFLOPS,20.125,cuda_max_memory_allocated (exact peak of tensor allocations),,,ok,,,"{""matrix_size"": 1024, ""matmuls_per_sec"": 3169.632381408385, ""flops_per_matmul"": 2147483648.0, ""rel_err_vs_cpu_fp32"": 4.4896106032865646e-07, ""reduced_for_time_budget"": false}","{""torch"":""2.14.0+cu130"",""device_name"":""NVIDIA GeForce RTX 3060"",""seed"":1234,""git_commit"":""02ef55fdd8ca475c0661076be05396562212d8b7"",""code_sha256"":""2aca8dcddc402f2b"",""hostname"":""kimang-ubuntu""}"
20260919T163805,2026-09-19T16:38:08.324+07:00,matmul,cuda,NVIDIA GeForce RTX 3060,matmul,,,,float32,measure,48,0.31489000048168236,6819.789909857498,GFLOPS,20.125,cuda_max_memory_allocated (exact peak of tensor allocations),,,ok,,,"{""matrix_size"": 1024, ""matmuls_per_sec"": 3175.7121485925736, ""flops_per_matmul"": 2147483648.0, ""rel_err_vs_cpu_fp32"": 4.4896106032865646e-07, ""reduced_for_time_budget"": false}","{""torch"":""2.14.0+cu130"",""device_name"":""NVIDIA GeForce RTX 3060"",""seed"":1234,""git_commit"":""02ef55fdd8ca475c0661076be05396562212d8b7"",""code_sha256"":""2aca8dcddc402f2b"",""hostname"":""kimang-ubuntu""}"
20260919T163805,2026-09-19T16:38:08.324+07:00,matmul,cuda,NVIDIA GeForce RTX 3060,matmul,,,,float32,measure,49,0.31499899978371104,6817.43005366536,GFLOPS,20.125,cuda_max_memory_allocated (exact peak of tensor allocations),,,ok,,,"{""matrix_size"": 1024, ""matmuls_per_sec"": 3174.6132549202816, ""flops_per_matmul"": 2147483648.0, ""rel_err_vs_cpu_fp32"": 4.4896106032865646e-07, ""reduced_for_time_budget"": false}","{""torch"":""2.14.0+cu130"",""device_name"":""NVIDIA GeForce RTX 3060"",""seed"":1234,""git_commit"":""02ef55fdd8ca475c0661076be05396562212d8b7"",""code_sha256"":""2aca8dcddc402f2b"",""hostname"":""kimang-ubuntu""}"
20260919T163805,2026-09-19T16:38:08.324+07:00,matmul,cuda,NVIDIA GeForce RTX 3060,matmul,,,,float32,measure,50,0.3156550001222058,6803.261938409345,GFLOPS,20.125,cuda_max_memory_allocated (exact peak of tensor allocations),,,ok,,,"{""matrix_size"": 1024, ""matmuls_per_sec"": 3168.015712131441, ""flops_per_matmul"": 2147483648.0, ""rel_err_vs_cpu_fp32"": 4.4896106032865646e-07, ""reduced_for_time_budget"": false}","{""torch"":""2.14.0+cu130"",""device_name"":""NVIDIA GeForce RTX 3060"",""seed"":1234,""git_commit"":""02ef55fdd8ca475c0661076be05396562212d8b7"",""code_sha256"":""2aca8dcddc402f2b"",""hostname"":""kimang-ubuntu""}"
20260919T163805,2026-09-19T16:38:08.324+07:00,matmul,cuda,NVIDIA GeForce RTX 3060,matmul,,,,float32,measure,51,0.3147289999105851,6823.278593997066,GFLOPS,20.125,cuda_max_memory_allocated (exact peak of tensor allocations),,,ok,,,"{""matrix_size"": 1024, ""matmuls_per_sec"": 3177.336693740015, ""flops_per_matmul"": 2147483648.0, ""rel_err_vs_cpu_fp32"": 4.4896106032865646e-07, ""reduced_for_time_budget"": false}","{""torch"":""2.14.0+cu130"",""device_name"":""NVIDIA GeForce RTX 3060"",""seed"":1234,""git_commit"":""02ef55fdd8ca475c0661076be05396562212d8b7"",""code_sha256"":""2aca8dcddc402f2b"",""hostname"":""kimang-ubuntu""}"
20260919T163805,2026-09-19T16:38:08.324+07:00,matmul,cuda,NVIDIA GeForce RTX 3060,matmul,,,,float32,measure,52,0.31500100067205494,6817.386749306642,GFLOPS,20.125,cuda_max_memory_allocated (exact peak of tensor allocations),,,ok,,,"{""matrix_size"": 1024, ""matmuls_per_sec"": 3174.5930897568546, ""flops_per_matmul"": 2147483648.0, ""rel_err_vs_cpu_fp32"": 4.4896106032865646e-07, ""reduced_for_time_budget"": false}","{""torch"":""2.14.0+cu130"",""device_name"":""NVIDIA GeForce RTX 3060"",""seed"":1234,""git_commit"":""02ef55fdd8ca475c0661076be05396562212d8b7"",""code_sha256"":""2aca8dcddc402f2b"",""hostname"":""kimang-ubuntu""}"
20260919T163805,2026-09-19T16:38:08.324+07:00,matmul,cuda,NVIDIA GeForce RTX 3060,matmul,,,,float32,measure,53,0.31614599993190495,6792.695933089613,GFLOPS,20.125,cuda_max_memory_allocated (exact peak of tensor allocations),,,ok,,,"{""matrix_size"": 1024, ""matmuls_per_sec"": 3163.0955324925544, ""flops_per_matmul"": 2147483648.0, ""rel_err_vs_cpu_fp32"": 4.4896106032865646e-07, ""reduced_for_time_budget"": false}","{""torch"":""2.14.0+cu130"",""device_name"":""NVIDIA GeForce RTX 3060"",""seed"":1234,""git_commit"":""02ef55fdd8ca475c0661076be05396562212d8b7"",""code_sha256"":""2aca8dcddc402f2b"",""hostname"":""kimang-ubuntu""}"
20260919T163805,2026-09-19T16:38:08.324+07:00,matmul,cuda,NVIDIA GeForce RTX 3060,matmul,,,,float32,measure,54,0.3150209995510522,6816.9539524681095,GFLOPS,20.125,cuda_max_memory_allocated (exact peak of tensor allocations),,,ok,,,"{""matrix_size"": 1024, ""matmuls_per_sec"": 3174.391553023881, ""flops_per_matmul"": 2147483648.0, ""rel_err_vs_cpu_fp32"": 4.4896106032865646e-07, ""reduced_for_time_budget"": false}","{""torch"":""2.14.0+cu130"",""device_name"":""NVIDIA GeForce RTX 3060"",""seed"":1234,""git_commit"":""02ef55fdd8ca475c0661076be05396562212d8b7"",""code_sha256"":""2aca8dcddc402f2b"",""hostname"":""kimang-ubuntu""}"
20260919T163805,2026-09-19T16:38:08.324+07:00,matmul,cuda,NVIDIA GeForce RTX 3060,matmul,,,,float32,measure,55,0.314705999699072,6823.7772716550235,GFLOPS,20.125,cuda_max_memory_allocated (exact peak of tensor allocations),,,ok,,,"{""matrix_size"": 1024, ""matmuls_per_sec"": 3177.568908620171, ""flops_per_matmul"": 2147483648.0, ""rel_err_vs_cpu_fp32"": 4.4896106032865646e-07, ""reduced_for_time_budget"": false}","{""torch"":""2.14.0+cu130"",""device_name"":""NVIDIA GeForce RTX 3060"",""seed"":1234,""git_commit"":""02ef55fdd8ca475c0661076be05396562212d8b7"",""code_sha256"":""2aca8dcddc402f2b"",""hostname"":""kimang-ubuntu""}"
20260919T163805,2026-09-19T16:38:08.324+07:00,matmul,cuda,NVIDIA GeForce RTX 3060,matmul,,,,float32,measure,56,0.31549599952995777,6806.690579910465,GFLOPS,20.125,cuda_max_memory_allocated (exact peak of tensor allocations),,,ok,,,"{""matrix_size"": 1024, ""matmuls_per_sec"": 3169.6122977465693, ""flops_per_matmul"": 2147483648.0, ""rel_err_vs_cpu_fp32"": 4.4896106032865646e-07, ""reduced_for_time_budget"": false}","{""torch"":""2.14.0+cu130"",""device_name"":""NVIDIA GeForce RTX 3060"",""seed"":1234,""git_commit"":""02ef55fdd8ca475c0661076be05396562212d8b7"",""code_sha256"":""2aca8dcddc402f2b"",""hostname"":""kimang-ubuntu""}"
20260919T163805,2026-09-19T16:38:08.324+07:00,matmul,cuda,NVIDIA GeForce RTX 3060,matmul,,,,float32,measure,57,0.3149009999106056,6819.551695960412,GFLOPS,20.125,cuda_max_memory_allocated (exact peak of tensor allocations),,,ok,,,"{""matrix_size"": 1024, ""matmuls_per_sec"": 3175.601221602602, ""flops_per_matmul"": 2147483648.0, ""rel_err_vs_cpu_fp32"": 4.4896106032865646e-07, ""reduced_for_time_budget"": false}","{""torch"":""2.14.0+cu130"",""device_name"":""NVIDIA GeForce RTX 3060"",""seed"":1234,""git_commit"":""02ef55fdd8ca475c0661076be05396562212d8b7"",""code_sha256"":""2aca8dcddc402f2b"",""hostname"":""kimang-ubuntu""}"
20260919T163805,2026-09-19T16:38:08.324+07:00,matmul,cuda,NVIDIA GeForce RTX 3060,matmul,,,,float32,measure,58,0.3146700000797864,6824.557941511721,GFLOPS,20.125,cuda_max_memory_allocated (exact peak of tensor allocations),,,ok,,,"{""matrix_size"": 1024, ""matmuls_per_sec"": 3177.932436350603, ""flops_per_matmul"": 2147483648.0, ""rel_err_vs_cpu_fp32"": 4.4896106032865646e-07, ""reduced_for_time_budget"": false}","{""torch"":""2.14.0+cu130"",""device_name"":""NVIDIA GeForce RTX 3060"",""seed"":1234,""git_commit"":""02ef55fdd8ca475c0661076be05396562212d8b7"",""code_sha256"":""2aca8dcddc402f2b"",""hostname"":""kimang-ubuntu""}"
20260919T163805,2026-09-19T16:38:08.324+07:00,matmul,cuda,NVIDIA GeForce RTX 3060,matmul,,,,float32,measure,59,0.31566799952997826,6802.98177578199,GFLOPS,20.125,cuda_max_memory_allocated (exact peak of tensor allocations),,,ok,,,"{""matrix_size"": 1024, ""matmuls_per_sec"": 3167.8852512417316, ""flops_per_matmul"": 2147483648.0, ""rel_err_vs_cpu_fp32"": 4.4896106032865646e-07, ""reduced_for_time_budget"": false}","{""torch"":""2.14.0+cu130"",""device_name"":""NVIDIA GeForce RTX 3060"",""seed"":1234,""git_commit"":""02ef55fdd8ca475c0661076be05396562212d8b7"",""code_sha256"":""2aca8dcddc402f2b"",""hostname"":""kimang-ubuntu""}"
20260919T163805,2026-09-19T16:38:08.324+07:00,matmul,cuda,NVIDIA GeForce RTX 3060,matmul,,,,float32,measure,60,0.31485299950873014,6820.591359621001,GFLOPS,20.125,cuda_max_memory_allocated (exact peak of tensor allocations),,,ok,,,"{""matrix_size"": 1024, ""matmuls_per_sec"": 3176.085352721159, ""flops_per_matmul"": 2147483648.0, ""rel_err_vs_cpu_fp32"": 4.4896106032865646e-07, ""reduced_for_time_budget"": false}","{""torch"":""2.14.0+cu130"",""device_name"":""NVIDIA GeForce RTX 3060"",""seed"":1234,""git_commit"":""02ef55fdd8ca475c0661076be05396562212d8b7"",""code_sha256"":""2aca8dcddc402f2b"",""hostname"":""kimang-ubuntu""}"
20260919T163805,2026-09-19T16:38:08.324+07:00,matmul,cuda,NVIDIA GeForce RTX 3060,matmul,,,,float32,measure,61,0.3147530005662702,6822.758302975588,GFLOPS,20.125,cuda_max_memory_allocated (exact peak of tensor allocations),,,ok,,,"{""matrix_size"": 1024, ""matmuls_per_sec"": 3177.0944143531788, ""flops_per_matmul"": 2147483648.0, ""rel_err_vs_cpu_fp32"": 4.4896106032865646e-07, ""reduced_for_time_budget"": false}","{""torch"":""2.14.0+cu130"",""device_name"":""NVIDIA GeForce RTX 3060"",""seed"":1234,""git_commit"":""02ef55fdd8ca475c0661076be05396562212d8b7"",""code_sha256"":""2aca8dcddc402f2b"",""hostname"":""kimang-ubuntu""}"
20260919T163805,2026-09-19T16:38:08.324+07:00,matmul,cuda,NVIDIA GeForce RTX 3060,matmul,,,,float32,measure,62,0.31883500014373567,6735.407489867429,GFLOPS,20.125,cuda_max_memory_allocated (exact peak of tensor allocations),,,ok,,,"{""matrix_size"": 1024, ""matmuls_per_sec"": 3136.4185222738556, ""flops_per_matmul"": 2147483648.0, ""rel_err_vs_cpu_fp32"": 4.4896106032865646e-07, ""reduced_for_time_budget"": false}","{""torch"":""2.14.0+cu130"",""device_name"":""NVIDIA GeForce RTX 3060"",""seed"":1234,""git_commit"":""02ef55fdd8ca475c0661076be05396562212d8b7"",""code_sha256"":""2aca8dcddc402f2b"",""hostname"":""kimang-ubuntu""}"
20260919T163805,2026-09-19T16:38:08.324+07:00,matmul,cuda,NVIDIA GeForce RTX 3060,matmul,,,,float32,measure,63,0.31503799982601777,6816.58609179199,GFLOPS,20.125,cuda_max_memory_allocated (exact peak of tensor allocations),,,ok,,,"{""matrix_size"": 1024, ""matmuls_per_sec"": 3174.2202545478895, ""flops_per_matmul"": 2147483648.0, ""rel_err_vs_cpu_fp32"": 4.4896106032865646e-07, ""reduced_for_time_budget"": false}","{""torch"":""2.14.0+cu130"",""device_name"":""NVIDIA GeForce RTX 3060"",""seed"":1234,""git_commit"":""02ef55fdd8ca475c0661076be05396562212d8b7"",""code_sha256"":""2aca8dcddc402f2b"",""hostname"":""kimang-ubuntu""}"
20260919T163805,2026-09-19T16:38:08.324+07:00,matmul,cuda,NVIDIA GeForce RTX 3060,matmul,,,,float32,measure,64,0.31459400088351686,6826.206609054627,GFLOPS,20.125,cuda_max_memory_allocated (exact peak of tensor allocations),,,ok,,,"{""matrix_size"": 1024, ""matmuls_per_sec"": 3178.700157000975, ""flops_per_matmul"": 2147483648.0, ""rel_err_vs_cpu_fp32"": 4.4896106032865646e-07, ""reduced_for_time_budget"": false}","{""torch"":""2.14.0+cu130"",""device_name"":""NVIDIA GeForce RTX 3060"",""seed"":1234,""git_commit"":""02ef55fdd8ca475c0661076be05396562212d8b7"",""code_sha256"":""2aca8dcddc402f2b"",""hostname"":""kimang-ubuntu""}"
20260919T163805,2026-09-19T16:38:08.324+07:00,matmul,cuda,NVIDIA GeForce RTX 3060,matmul,,,,float32,measure,65,0.3151620003336575,6813.904105591695,GFLOPS,20.125,cuda_max_memory_allocated (exact peak of tensor allocations),,,ok,,,"{""matrix_size"": 1024, ""matmuls_per_sec"": 3172.9713574013185, ""flops_per_matmul"": 2147483648.0, ""rel_err_vs_cpu_fp32"": 4.4896106032865646e-07, ""reduced_for_time_budget"": false}","{""torch"":""2.14.0+cu130"",""device_name"":""NVIDIA GeForce RTX 3060"",""seed"":1234,""git_commit"":""02ef55fdd8ca475c0661076be05396562212d8b7"",""code_sha256"":""2aca8dcddc402f2b"",""hostname"":""kimang-ubuntu""}"
20260919T163805,2026-09-19T16:38:08.324+07:00,matmul,cuda,NVIDIA GeForce RTX 3060,matmul,,,,float32,measure,66,0.3157090004606289,6802.098276788933,GFLOPS,20.125,cuda_max_memory_allocated (exact peak of tensor allocations),,,ok,,,"{""matrix_size"": 1024, ""matmuls_per_sec"": 3167.4738399632893, ""flops_per_matmul"": 2147483648.0, ""rel_err_vs_cpu_fp32"": 4.4896106032865646e-07, ""reduced_for_time_budget"": false}","{""torch"":""2.14.0+cu130"",""device_name"":""NVIDIA GeForce RTX 3060"",""seed"":1234,""git_commit"":""02ef55fdd8ca475c0661076be05396562212d8b7"",""code_sha256"":""2aca8dcddc402f2b"",""hostname"":""kimang-ubuntu""}"
20260919T163805,2026-09-19T16:38:08.324+07:00,matmul,cuda,NVIDIA GeForce RTX 3060,matmul,,,,float32,measure,67,0.3148480000163545,6820.699664245765,GFLOPS,20.125,cuda_max_memory_allocated (exact peak of tensor allocations),,,ok,,,"{""matrix_size"": 1024, ""matmuls_per_sec"": 3176.135785992148, ""flops_per_matmul"": 2147483648.0, ""rel_err_vs_cpu_fp32"": 4.4896106032865646e-07, ""reduced_for_time_budget"": false}","{""torch"":""2.14.0+cu130"",""device_name"":""NVIDIA GeForce RTX 3060"",""seed"":1234,""git_commit"":""02ef55fdd8ca475c0661076be05396562212d8b7"",""code_sha256"":""2aca8dcddc402f2b"",""hostname"":""kimang-ubuntu""}"
20260919T163805,2026-09-19T16:38:08.324+07:00,matmul,cuda,NVIDIA GeForce RTX 3060,matmul,,,,float32,measure,68,0.315248999868345,6812.023666678838,GFLOPS,20.125,cuda_max_memory_allocated (exact peak of tensor allocations),,,ok,,,"{""matrix_size"": 1024, ""matmuls_per_sec"": 3172.095709796454, ""flops_per_matmul"": 2147483648.0, ""rel_err_vs_cpu_fp32"": 4.4896106032865646e-07, ""reduced_for_time_budget"": false}","{""torch"":""2.14.0+cu130"",""device_name"":""NVIDIA GeForce RTX 3060"",""seed"":1234,""git_commit"":""02ef55fdd8ca475c0661076be05396562212d8b7"",""code_sha256"":""2aca8dcddc402f2b"",""hostname"":""kimang-ubuntu""}"
20260919T163805,2026-09-19T16:38:08.324+07:00,matmul,cuda,NVIDIA GeForce RTX 3060,matmul,,,,float32,measure,69,0.3163249994031503,6788.852136416421,GFLOPS,20.125,cuda_max_memory_allocated (exact peak of tensor allocations),,,ok,,,"{""matrix_size"": 1024, ""matmuls_per_sec"": 3161.3056251855664, ""flops_per_matmul"": 2147483648.0, ""rel_err_vs_cpu_fp32"": 4.4896106032865646e-07, ""reduced_for_time_budget"": false}","{""torch"":""2.14.0+cu130"",""device_name"":""NVIDIA GeForce RTX 3060"",""seed"":1234,""git_commit"":""02ef55fdd8ca475c0661076be05396562212d8b7"",""code_sha256"":""2aca8dcddc402f2b"",""hostname"":""kimang-ubuntu""}"
20260919T163805,2026-09-19T16:38:08.325+07:00,matmul,cuda,NVIDIA GeForce RTX 3060,matmul,,,,float32,measure,70,0.3146960007143207,6823.9940867550895,GFLOPS,20.125,cuda_max_memory_allocated (exact peak of tensor allocations),,,ok,,,"{""matrix_size"": 1024, ""matmuls_per_sec"": 3177.6698710187757, ""flops_per_matmul"": 2147483648.0, ""rel_err_vs_cpu_fp32"": 4.4896106032865646e-07, ""reduced_for_time_budget"": false}","{""torch"":""2.14.0+cu130"",""device_name"":""NVIDIA GeForce RTX 3060"",""seed"":1234,""git_commit"":""02ef55fdd8ca475c0661076be05396562212d8b7"",""code_sha256"":""2aca8dcddc402f2b"",""hostname"":""kimang-ubuntu""}"
20260919T163805,2026-09-19T16:38:08.325+07:00,matmul,cuda,NVIDIA GeForce RTX 3060,matmul,,,,float32,measure,71,0.31529500029137125,6811.029816570075,GFLOPS,20.125,cuda_max_memory_allocated (exact peak of tensor allocations),,,ok,,,"{""matrix_size"": 1024, ""matmuls_per_sec"": 3171.6329122754164, ""flops_per_matmul"": 2147483648.0, ""rel_err_vs_cpu_fp32"": 4.4896106032865646e-07, ""reduced_for_time_budget"": false}","{""torch"":""2.14.0+cu130"",""device_name"":""NVIDIA GeForce RTX 3060"",""seed"":1234,""git_commit"":""02ef55fdd8ca475c0661076be05396562212d8b7"",""code_sha256"":""2aca8dcddc402f2b"",""hostname"":""kimang-ubuntu""}"
20260919T163805,2026-09-19T16:38:08.325+07:00,matmul,cuda,NVIDIA GeForce RTX 3060,matmul,,,,float32,measure,72,0.3156039992973092,6804.3613286947,GFLOPS,20.125,cuda_max_memory_allocated (exact peak of tensor allocations),,,ok,,,"{""matrix_size"": 1024, ""matmuls_per_sec"": 3168.5276556269732, ""flops_per_matmul"": 2147483648.0, ""rel_err_vs_cpu_fp32"": 4.4896106032865646e-07, ""reduced_for_time_budget"": false}","{""torch"":""2.14.0+cu130"",""device_name"":""NVIDIA GeForce RTX 3060"",""seed"":1234,""git_commit"":""02ef55fdd8ca475c0661076be05396562212d8b7"",""code_sha256"":""2aca8dcddc402f2b"",""hostname"":""kimang-ubuntu""}"
20260919T163805,2026-09-19T16:38:08.325+07:00,matmul,cuda,NVIDIA GeForce RTX 3060,matmul,,,,float32,measure,73,0.3153590005240403,6809.647558596616,GFLOPS,20.125,cuda_max_memory_allocated (exact peak of tensor allocations),,,ok,,,"{""matrix_size"": 1024, ""matmuls_per_sec"": 3170.989248248104, ""flops_per_matmul"": 2147483648.0, ""rel_err_vs_cpu_fp32"": 4.4896106032865646e-07, ""reduced_for_time_budget"": false}","{""torch"":""2.14.0+cu130"",""device_name"":""NVIDIA GeForce RTX 3060"",""seed"":1234,""git_commit"":""02ef55fdd8ca475c0661076be05396562212d8b7"",""code_sha256"":""2aca8dcddc402f2b"",""hostname"":""kimang-ubuntu""}"
20260919T163805,2026-09-19T16:38:08.325+07:00,matmul,cuda,NVIDIA GeForce RTX 3060,matmul,,,,float32,measure,74,0.31510899952991167,6815.050192802096,GFLOPS,20.125,cuda_max_memory_allocated (exact peak of tensor allocations),,,ok,,,"{""matrix_size"": 1024, ""matmuls_per_sec"": 3173.5050458470805, ""flops_per_matmul"": 2147483648.0, ""rel_err_vs_cpu_fp32"": 4.4896106032865646e-07, ""reduced_for_time_budget"": false}","{""torch"":""2.14.0+cu130"",""device_name"":""NVIDIA GeForce RTX 3060"",""seed"":1234,""git_commit"":""02ef55fdd8ca475c0661076be05396562212d8b7"",""code_sha256"":""2aca8dcddc402f2b"",""hostname"":""kimang-ubuntu""}"
20260919T163805,2026-09-19T16:38:08.325+07:00,matmul,cuda,NVIDIA GeForce RTX 3060,matmul,,,,float32,measure,75,0.31511100041825557,6815.006918671787,GFLOPS,20.125,cuda_max_memory_allocated (exact peak of tensor allocations),,,ok,,,"{""matrix_size"": 1024, ""matmuls_per_sec"": 3173.484894759854, ""flops_per_matmul"": 2147483648.0, ""rel_err_vs_cpu_fp32"": 4.4896106032865646e-07, ""reduced_for_time_budget"": false}","{""torch"":""2.14.0+cu130"",""device_name"":""NVIDIA GeForce RTX 3060"",""seed"":1234,""git_commit"":""02ef55fdd8ca475c0661076be05396562212d8b7"",""code_sha256"":""2aca8dcddc402f2b"",""hostname"":""kimang-ubuntu""}"
20260919T163805,2026-09-19T16:38:08.325+07:00,matmul,cuda,NVIDIA GeForce RTX 3060,matmul,,,,float32,measure,76,0.3146999997625244,6823.90737089454,GFLOPS,20.125,cuda_max_memory_allocated (exact peak of tensor allocations),,,ok,,,"{""matrix_size"": 1024, ""matmuls_per_sec"": 3177.629490799522, ""flops_per_matmul"": 2147483648.0, ""rel_err_vs_cpu_fp32"": 4.4896106032865646e-07, ""reduced_for_time_budget"": false}","{""torch"":""2.14.0+cu130"",""device_name"":""NVIDIA GeForce RTX 3060"",""seed"":1234,""git_commit"":""02ef55fdd8ca475c0661076be05396562212d8b7"",""code_sha256"":""2aca8dcddc402f2b"",""hostname"":""kimang-ubuntu""}"
20260919T163805,2026-09-19T16:38:08.325+07:00,matmul,cuda,NVIDIA GeForce RTX 3060,matmul,,,,float32,measure,77,0.315563000185648,6805.245376475125,GFLOPS,20.125,cuda_max_memory_allocated (exact peak of tensor allocations),,,ok,,,"{""matrix_size"": 1024, ""matmuls_per_sec"": 3168.9393224544474, ""flops_per_matmul"": 2147483648.0, ""rel_err_vs_cpu_fp32"": 4.4896106032865646e-07, ""reduced_for_time_budget"": false}","{""torch"":""2.14.0+cu130"",""device_name"":""NVIDIA GeForce RTX 3060"",""seed"":1234,""git_commit"":""02ef55fdd8ca475c0661076be05396562212d8b7"",""code_sha256"":""2aca8dcddc402f2b"",""hostname"":""kimang-ubuntu""}"
20260919T163805,2026-09-19T16:38:08.325+07:00,matmul,cuda,NVIDIA GeForce RTX 3060,matmul,,,,float32,measure,78,0.3158050003548851,6800.030542856416,GFLOPS,20.125,cuda_max_memory_allocated (exact peak of tensor allocations),,,ok,,,"{""matrix_size"": 1024, ""matmuls_per_sec"": 3166.5109763184637, ""flops_per_matmul"": 2147483648.0, ""rel_err_vs_cpu_fp32"": 4.4896106032865646e-07, ""reduced_for_time_budget"": false}","{""torch"":""2.14.0+cu130"",""device_name"":""NVIDIA GeForce RTX 3060"",""seed"":1234,""git_commit"":""02ef55fdd8ca475c0661076be05396562212d8b7"",""code_sha256"":""2aca8dcddc402f2b"",""hostname"":""kimang-ubuntu""}"
20260919T163805,2026-09-19T16:38:08.325+07:00,matmul,cuda,NVIDIA GeForce RTX 3060,matmul,,,,float32,measure,79,0.3142019995721057,6834.723047353419,GFLOPS,20.125,cuda_max_memory_allocated (exact peak of tensor allocations),,,ok,,,"{""matrix_size"": 1024, ""matmuls_per_sec"": 3182.6659326224676, ""flops_per_matmul"": 2147483648.0, ""rel_err_vs_cpu_fp32"": 4.4896106032865646e-07, ""reduced_for_time_budget"": false}","{""torch"":""2.14.0+cu130"",""device_name"":""NVIDIA GeForce RTX 3060"",""seed"":1234,""git_commit"":""02ef55fdd8ca475c0661076be05396562212d8b7"",""code_sha256"":""2aca8dcddc402f2b"",""hostname"":""kimang-ubuntu""}"
20260919T163805,2026-09-19T16:38:08.325+07:00,matmul,cuda,NVIDIA GeForce RTX 3060,matmul,,,,float32,measure,80,0.3148539999529021,6820.569687287551,GFLOPS,20.125,cuda_max_memory_allocated (exact peak of tensor allocations),,,ok,,,"{""matrix_size"": 1024, ""matmuls_per_sec"": 3176.0752607544655, ""flops_per_matmul"": 2147483648.0, ""rel_err_vs_cpu_fp32"": 4.4896106032865646e-07, ""reduced_for_time_budget"": false}","{""torch"":""2.14.0+cu130"",""device_name"":""NVIDIA GeForce RTX 3060"",""seed"":1234,""git_commit"":""02ef55fdd8ca475c0661076be05396562212d8b7"",""code_sha256"":""2aca8dcddc402f2b"",""hostname"":""kimang-ubuntu""}"
20260919T163805,2026-09-19T16:38:08.325+07:00,matmul,cuda,NVIDIA GeForce RTX 3060,matmul,,,,float32,measure,81,0.3157900000587688,6800.353550145196,GFLOPS,20.125,cuda_max_memory_allocated (exact peak of tensor allocations),,,ok,,,"{""matrix_size"": 1024, ""matmuls_per_sec"": 3166.661388308367, ""flops_per_matmul"": 2147483648.0, ""rel_err_vs_cpu_fp32"": 4.4896106032865646e-07, ""reduced_for_time_budget"": false}","{""torch"":""2.14.0+cu130"",""device_name"":""NVIDIA GeForce RTX 3060"",""seed"":1234,""git_commit"":""02ef55fdd8ca475c0661076be05396562212d8b7"",""code_sha256"":""2aca8dcddc402f2b"",""hostname"":""kimang-ubuntu""}"
20260919T163805,2026-09-19T16:38:08.325+07:00,matmul,cuda,NVIDIA GeForce RTX 3060,matmul,,,,float32,measure,82,0.31482699978369055,6821.154632466339,GFLOPS,20.125,cuda_max_memory_allocated (exact peak of tensor allocations),,,ok,,,"{""matrix_size"": 1024, ""matmuls_per_sec"": 3176.3476470794244, ""flops_per_matmul"": 2147483648.0, ""rel_err_vs_cpu_fp32"": 4.4896106032865646e-07, ""reduced_for_time_budget"": false}","{""torch"":""2.14.0+cu130"",""device_name"":""NVIDIA GeForce RTX 3060"",""seed"":1234,""git_commit"":""02ef55fdd8ca475c0661076be05396562212d8b7"",""code_sha256"":""2aca8dcddc402f2b"",""hostname"":""kimang-ubuntu""}"
20260919T163805,2026-09-19T16:38:08.325+07:00,matmul,cuda,NVIDIA GeForce RTX 3060,matmul,,,,float32,measure,83,0.31469500027014874,6824.015780856069,GFLOPS,20.125,cuda_max_memory_allocated (exact peak of tensor allocations),,,ok,,,"{""matrix_size"": 1024, ""matmuls_per_sec"": 3177.6799731217648, ""flops_per_matmul"": 2147483648.0, ""rel_err_vs_cpu_fp32"": 4.4896106032865646e-07, ""reduced_for_time_budget"": false}","{""torch"":""2.14.0+cu130"",""device_name"":""NVIDIA GeForce RTX 3060"",""seed"":1234,""git_commit"":""02ef55fdd8ca475c0661076be05396562212d8b7"",""code_sha256"":""2aca8dcddc402f2b"",""hostname"":""kimang-ubuntu""}"
20260919T163805,2026-09-19T16:38:08.325+07:00,matmul,cuda,NVIDIA GeForce RTX 3060,matmul,,,,float32,measure,84,0.31560299976263195,6804.382878537729,GFLOPS,20.125,cuda_max_memory_allocated (exact peak of tensor allocations),,,ok,,,"{""matrix_size"": 1024, ""matmuls_per_sec"": 3168.5376905546195, ""flops_per_matmul"": 2147483648.0, ""rel_err_vs_cpu_fp32"": 4.4896106032865646e-07, ""reduced_for_time_budget"": false}","{""torch"":""2.14.0+cu130"",""device_name"":""NVIDIA GeForce RTX 3060"",""seed"":1234,""git_commit"":""02ef55fdd8ca475c0661076be05396562212d8b7"",""code_sha256"":""2aca8dcddc402f2b"",""hostname"":""kimang-ubuntu""}"
20260919T163805,2026-09-19T16:38:08.325+07:00,matmul,cuda,NVIDIA GeForce RTX 3060,matmul,,,,float32,measure,85,0.31493599999521393,6818.79381217973,GFLOPS,20.125,cuda_max_memory_allocated (exact peak of tensor allocations),,,ok,,,"{""matrix_size"": 1024, ""matmuls_per_sec"": 3175.2483044656597, ""flops_per_matmul"": 2147483648.0, ""rel_err_vs_cpu_fp32"": 4.4896106032865646e-07, ""reduced_for_time_budget"": false}","{""torch"":""2.14.0+cu130"",""device_name"":""NVIDIA GeForce RTX 3060"",""seed"":1234,""git_commit"":""02ef55fdd8ca475c0661076be05396562212d8b7"",""code_sha256"":""2aca8dcddc402f2b"",""hostname"":""kimang-ubuntu""}"
20260919T163805,2026-09-19T16:38:08.325+07:00,matmul,cuda,NVIDIA GeForce RTX 3060,matmul,,,,float32,measure,86,0.3153379993818817,6810.101073164186,GFLOPS,20.125,cuda_max_memory_allocated (exact peak of tensor allocations),,,ok,,,"{""matrix_size"": 1024, ""matmuls_per_sec"": 3171.2004324254517, ""flops_per_matmul"": 2147483648.0, ""rel_err_vs_cpu_fp32"": 4.4896106032865646e-07, ""reduced_for_time_budget"": false}","{""torch"":""2.14.0+cu130"",""device_name"":""NVIDIA GeForce RTX 3060"",""seed"":1234,""git_commit"":""02ef55fdd8ca475c0661076be05396562212d8b7"",""code_sha256"":""2aca8dcddc402f2b"",""hostname"":""kimang-ubuntu""}"
20260919T163805,2026-09-19T16:38:08.325+07:00,matmul,cuda,NVIDIA GeForce RTX 3060,matmul,,,,float32,measure,87,0.31546100035484415,6807.44575584436,GFLOPS,20.125,cuda_max_memory_allocated (exact peak of tensor allocations),,,ok,,,"{""matrix_size"": 1024, ""matmuls_per_sec"": 3169.963953944091, ""flops_per_matmul"": 2147483648.0, ""rel_err_vs_cpu_fp32"": 4.4896106032865646e-07, ""reduced_for_time_budget"": false}","{""torch"":""2.14.0+cu130"",""device_name"":""NVIDIA GeForce RTX 3060"",""seed"":1234,""git_commit"":""02ef55fdd8ca475c0661076be05396562212d8b7"",""code_sha256"":""2aca8dcddc402f2b"",""hostname"":""kimang-ubuntu""}"
20260919T163805,2026-09-19T16:38:08.325+07:00,matmul,cuda,NVIDIA GeForce RTX 3060,matmul,,,,float32,measure,88,0.3150249995087506,6816.867395758374,GFLOPS,20.125,cuda_max_memory_allocated (exact peak of tensor allocations),,,ok,,,"{""matrix_size"": 1024, ""matmuls_per_sec"": 3174.3512469150005, ""flops_per_matmul"": 2147483648.0, ""rel_err_vs_cpu_fp32"": 4.4896106032865646e-07, ""reduced_for_time_budget"": false}","{""torch"":""2.14.0+cu130"",""device_name"":""NVIDIA GeForce RTX 3060"",""seed"":1234,""git_commit"":""02ef55fdd8ca475c0661076be05396562212d8b7"",""code_sha256"":""2aca8dcddc402f2b"",""hostname"":""kimang-ubuntu""}"
20260919T163805,2026-09-19T16:38:08.325+07:00,matmul,cuda,NVIDIA GeForce RTX 3060,matmul,,,,float32,measure,89,0.3150970005663112,6815.309711423511,GFLOPS,20.125,cuda_max_memory_allocated (exact peak of tensor allocations),,,ok,,,"{""matrix_size"": 1024, ""matmuls_per_sec"": 3173.625893622409, ""flops_per_matmul"": 2147483648.0, ""rel_err_vs_cpu_fp32"": 4.4896106032865646e-07, ""reduced_for_time_budget"": false}","{""torch"":""2.14.0+cu130"",""device_name"":""NVIDIA GeForce RTX 3060"",""seed"":1234,""git_commit"":""02ef55fdd8ca475c0661076be05396562212d8b7"",""code_sha256"":""2aca8dcddc402f2b"",""hostname"":""kimang-ubuntu""}"
20260919T163805,2026-09-19T16:38:08.325+07:00,matmul,cuda,NVIDIA GeForce RTX 3060,matmul,,,,float32,measure,90,0.31562299955112394,6803.951711548687,GFLOPS,20.125,cuda_max_memory_allocated (exact peak of tensor allocations),,,ok,,,"{""matrix_size"": 1024, ""matmuls_per_sec"": 3168.336912779457, ""flops_per_matmul"": 2147483648.0, ""rel_err_vs_cpu_fp32"": 4.4896106032865646e-07, ""reduced_for_time_budget"": false}","{""torch"":""2.14.0+cu130"",""device_name"":""NVIDIA GeForce RTX 3060"",""seed"":1234,""git_commit"":""02ef55fdd8ca475c0661076be05396562212d8b7"",""code_sha256"":""2aca8dcddc402f2b"",""hostname"":""kimang-ubuntu""}"
20260919T163805,2026-09-19T16:38:08.325+07:00,matmul,cuda,NVIDIA GeForce RTX 3060,matmul,,,,float32,measure,91,0.31482899976253975,6821.111300482938,GFLOPS,20.125,cuda_max_memory_allocated (exact peak of tensor allocations),,,ok,,,"{""matrix_size"": 1024, ""matmuls_per_sec"": 3176.327469052252, ""flops_per_matmul"": 2147483648.0, ""rel_err_vs_cpu_fp32"": 4.4896106032865646e-07, ""reduced_for_time_budget"": false}","{""torch"":""2.14.0+cu130"",""device_name"":""NVIDIA GeForce RTX 3060"",""seed"":1234,""git_commit"":""02ef55fdd8ca475c0661076be05396562212d8b7"",""code_sha256"":""2aca8dcddc402f2b"",""hostname"":""kimang-ubuntu""}"
20260919T163805,2026-09-19T16:38:08.325+07:00,matmul,cuda,NVIDIA GeForce RTX 3060,matmul,,,,float32,measure,92,0.31468700035475194,6824.189259737789,GFLOPS,20.125,cuda_max_memory_allocated (exact peak of tensor allocations),,,ok,,,"{""matrix_size"": 1024, ""matmuls_per_sec"": 3177.760755521147, ""flops_per_matmul"": 2147483648.0, ""rel_err_vs_cpu_fp32"": 4.4896106032865646e-07, ""reduced_for_time_budget"": false}","{""torch"":""2.14.0+cu130"",""device_name"":""NVIDIA GeForce RTX 3060"",""seed"":1234,""git_commit"":""02ef55fdd8ca475c0661076be05396562212d8b7"",""code_sha256"":""2aca8dcddc402f2b"",""hostname"":""kimang-ubuntu""}"
20260919T163805,2026-09-19T16:38:08.326+07:00,matmul,cuda,NVIDIA GeForce RTX 3060,matmul,,,,float32,measure,93,0.31898699944576947,6732.198026036139,GFLOPS,20.125,cuda_max_memory_allocated (exact peak of tensor allocations),,,ok,,,"{""matrix_size"": 1024, ""matmuls_per_sec"": 3134.9239992146095, ""flops_per_matmul"": 2147483648.0, ""rel_err_vs_cpu_fp32"": 4.4896106032865646e-07, ""reduced_for_time_budget"": false}","{""torch"":""2.14.0+cu130"",""device_name"":""NVIDIA GeForce RTX 3060"",""seed"":1234,""git_commit"":""02ef55fdd8ca475c0661076be05396562212d8b7"",""code_sha256"":""2aca8dcddc402f2b"",""hostname"":""kimang-ubuntu""}"
20260919T163805,2026-09-19T16:38:08.326+07:00,matmul,cuda,NVIDIA GeForce RTX 3060,matmul,,,,float32,measure,94,0.31530900014331564,6810.727403987568,GFLOPS,20.125,cuda_max_memory_allocated (exact peak of tensor allocations),,,ok,,,"{""matrix_size"": 1024, ""matmuls_per_sec"": 3171.492090442948, ""flops_per_matmul"": 2147483648.0, ""rel_err_vs_cpu_fp32"": 4.4896106032865646e-07, ""reduced_for_time_budget"": false}","{""torch"":""2.14.0+cu130"",""device_name"":""NVIDIA GeForce RTX 3060"",""seed"":1234,""git_commit"":""02ef55fdd8ca475c0661076be05396562212d8b7"",""code_sha256"":""2aca8dcddc402f2b"",""hostname"":""kimang-ubuntu""}"
20260919T163805,2026-09-19T16:38:08.326+07:00,matmul,cuda,NVIDIA GeForce RTX 3060,matmul,,,,float32,measure,95,0.31725200005894294,6769.015317794732,GFLOPS,20.125,cuda_max_memory_allocated (exact peak of tensor allocations),,,ok,,,"{""matrix_size"": 1024, ""matmuls_per_sec"": 3152.068386690101, ""flops_per_matmul"": 2147483648.0, ""rel_err_vs_cpu_fp32"": 4.4896106032865646e-07, ""reduced_for_time_budget"": false}","{""torch"":""2.14.0+cu130"",""device_name"":""NVIDIA GeForce RTX 3060"",""seed"":1234,""git_commit"":""02ef55fdd8ca475c0661076be05396562212d8b7"",""code_sha256"":""2aca8dcddc402f2b"",""hostname"":""kimang-ubuntu""}"
20260919T163805,2026-09-19T16:38:08.326+07:00,matmul,cuda,NVIDIA GeForce RTX 3060,matmul,,,,float32,measure,96,0.32391799959441414,6629.7138494585615,GFLOPS,20.125,cuda_max_memory_allocated (exact peak of tensor allocations),,,ok,,,"{""matrix_size"": 1024, ""matmuls_per_sec"": 3087.2010856208212, ""flops_per_matmul"": 2147483648.0, ""rel_err_vs_cpu_fp32"": 4.4896106032865646e-07, ""reduced_for_time_budget"": false}","{""torch"":""2.14.0+cu130"",""device_name"":""NVIDIA GeForce RTX 3060"",""seed"":1234,""git_commit"":""02ef55fdd8ca475c0661076be05396562212d8b7"",""code_sha256"":""2aca8dcddc402f2b"",""hostname"":""kimang-ubuntu""}"
20260919T163805,2026-09-19T16:38:08.326+07:00,matmul,cuda,NVIDIA GeForce RTX 3060,matmul,,,,float32,measure,97,0.32413900044048205,6625.19365174114,GFLOPS,20.125,cuda_max_memory_allocated (exact peak of tensor allocations),,,ok,,,"{""matrix_size"": 1024, ""matmuls_per_sec"": 3085.096204532841, ""flops_per_matmul"": 2147483648.0, ""rel_err_vs_cpu_fp32"": 4.4896106032865646e-07, ""reduced_for_time_budget"": false}","{""torch"":""2.14.0+cu130"",""device_name"":""NVIDIA GeForce RTX 3060"",""seed"":1234,""git_commit"":""02ef55fdd8ca475c0661076be05396562212d8b7"",""code_sha256"":""2aca8dcddc402f2b"",""hostname"":""kimang-ubuntu""}"
20260919T163805,2026-09-19T16:38:08.326+07:00,matmul,cuda,NVIDIA GeForce RTX 3060,matmul,,,,float32,measure,98,0.32395899961557006,6628.874797577279,GFLOPS,20.125,cuda_max_memory_allocated (exact peak of tensor allocations),,,ok,,,"{""matrix_size"": 1024, ""matmuls_per_sec"": 3086.8103716416654, ""flops_per_matmul"": 2147483648.0, ""rel_err_vs_cpu_fp32"": 4.4896106032865646e-07, ""reduced_for_time_budget"": false}","{""torch"":""2.14.0+cu130"",""device_name"":""NVIDIA GeForce RTX 3060"",""seed"":1234,""git_commit"":""02ef55fdd8ca475c0661076be05396562212d8b7"",""code_sha256"":""2aca8dcddc402f2b"",""hostname"":""kimang-ubuntu""}"
20260919T163805,2026-09-19T16:38:08.326+07:00,matmul,cuda,NVIDIA GeForce RTX 3060,matmul,,,,float32,measure,99,0.32393000037700403,6629.468235423282,GFLOPS,20.125,cuda_max_memory_allocated (exact peak of tensor allocations),,,ok,,,"{""matrix_size"": 1024, ""matmuls_per_sec"": 3087.086712672972, ""flops_per_matmul"": 2147483648.0, ""rel_err_vs_cpu_fp32"": 4.4896106032865646e-07, ""reduced_for_time_budget"": false}","{""torch"":""2.14.0+cu130"",""device_name"":""NVIDIA GeForce RTX 3060"",""seed"":1234,""git_commit"":""02ef55fdd8ca475c0661076be05396562212d8b7"",""code_sha256"":""2aca8dcddc402f2b"",""hostname"":""kimang-ubuntu""}"
20260919T163805,2026-09-19T16:38:08.652+07:00,matmul,cuda,NVIDIA GeForce RTX 3060,matmul,,,,float32,warmup,0,2.2948160003579687,7486.381993728521,GFLOPS,56.125,cuda_max_memory_allocated (exact peak of tensor allocations),,,ok,,,"{""matrix_size"": 2048, ""matmuls_per_sec"": 435.7647845596378, ""flops_per_matmul"": 17179869184.0, ""rel_err_vs_cpu_fp32"": 1.7894292341225082e-06, ""reduced_for_time_budget"": false}","{""torch"":""2.14.0+cu130"",""device_name"":""NVIDIA GeForce RTX 3060"",""seed"":1234,""git_commit"":""02ef55fdd8ca475c0661076be05396562212d8b7"",""code_sha256"":""2aca8dcddc402f2b"",""hostname"":""kimang-ubuntu""}"
20260919T163805,2026-09-19T16:38:08.652+07:00,matmul,cuda,NVIDIA GeForce RTX 3060,matmul,,,,float32,warmup,1,2.23415899927204,7689.635871752076,GFLOPS,56.125,cuda_max_memory_allocated (exact peak of tensor allocations),,,ok,,,"{""matrix_size"": 2048, ""matmuls_per_sec"": 447.5957173709802, ""flops_per_matmul"": 17179869184.0, ""rel_err_vs_cpu_fp32"": 1.7894292341225082e-06, ""reduced_for_time_budget"": false}","{""torch"":""2.14.0+cu130"",""device_name"":""NVIDIA GeForce RTX 3060"",""seed"":1234,""git_commit"":""02ef55fdd8ca475c0661076be05396562212d8b7"",""code_sha256"":""2aca8dcddc402f2b"",""hostname"":""kimang-ubuntu""}"
20260919T163805,2026-09-19T16:38:08.652+07:00,matmul,cuda,NVIDIA GeForce RTX 3060,matmul,,,,float32,warmup,2,2.2346030000335304,7688.107992221533,GFLOPS,56.125,cuda_max_memory_allocated (exact peak of tensor allocations),,,ok,,,"{""matrix_size"": 2048, ""matmuls_per_sec"": 447.5067830773497, ""flops_per_matmul"": 17179869184.0, ""rel_err_vs_cpu_fp32"": 1.7894292341225082e-06, ""reduced_for_time_budget"": false}","{""torch"":""2.14.0+cu130"",""device_name"":""NVIDIA GeForce RTX 3060"",""seed"":1234,""git_commit"":""02ef55fdd8ca475c0661076be05396562212d8b7"",""code_sha256"":""2aca8dcddc402f2b"",""hostname"":""kimang-ubuntu""}"
20260919T163805,2026-09-19T16:38:08.652+07:00,matmul,cuda,NVIDIA GeForce RTX 3060,matmul,,,,float32,warmup,3,2.229380999779096,7706.116265323115,GFLOPS,56.125,cuda_max_memory_allocated (exact peak of tensor allocations),,,ok,,,"{""matrix_size"": 2048, ""matmuls_per_sec"": 448.5550025316837, ""flops_per_matmul"": 17179869184.0, ""rel_err_vs_cpu_fp32"": 1.7894292341225082e-06, ""reduced_for_time_budget"": false}","{""torch"":""2.14.0+cu130"",""device_name"":""NVIDIA GeForce RTX 3060"",""seed"":1234,""git_commit"":""02ef55fdd8ca475c0661076be05396562212d8b7"",""code_sha256"":""2aca8dcddc402f2b"",""hostname"":""kimang-ubuntu""}"
20260919T163805,2026-09-19T16:38:08.652+07:00,matmul,cuda,NVIDIA GeForce RTX 3060,matmul,,,,float32,warmup,4,2.229789000011806,7704.706222835003,GFLOPS,56.125,cuda_max_memory_allocated (exact peak of tensor allocations),,,ok,,,"{""matrix_size"": 2048, ""matmuls_per_sec"": 448.4729272566621, ""flops_per_matmul"": 17179869184.0, ""rel_err_vs_cpu_fp32"": 1.7894292341225082e-06, ""reduced_for_time_budget"": false}","{""torch"":""2.14.0+cu130"",""device_name"":""NVIDIA GeForce RTX 3060"",""seed"":1234,""git_commit"":""02ef55fdd8ca475c0661076be05396562212d8b7"",""code_sha256"":""2aca8dcddc402f2b"",""hostname"":""kimang-ubuntu""}"
20260919T163805,2026-09-19T16:38:08.652+07:00,matmul,cuda,NVIDIA GeForce RTX 3060,matmul,,,,float32,warmup,5,2.2340269997584983,7690.090220868938,GFLOPS,56.125,cuda_max_memory_allocated (exact peak of tensor allocations),,,ok,,,"{""matrix_size"": 2048, ""matmuls_per_sec"": 447.6221639703108, ""flops_per_matmul"": 17179869184.0, ""rel_err_vs_cpu_fp32"": 1.7894292341225082e-06, ""reduced_for_time_budget"": false}","{""torch"":""2.14.0+cu130"",""device_name"":""NVIDIA GeForce RTX 3060"",""seed"":1234,""git_commit"":""02ef55fdd8ca475c0661076be05396562212d8b7"",""code_sha256"":""2aca8dcddc402f2b"",""hostname"":""kimang-ubuntu""}"
20260919T163805,2026-09-19T16:38:08.652+07:00,matmul,cuda,NVIDIA GeForce RTX 3060,matmul,,,,float32,warmup,6,2.232240000012098,7696.24645374462,GFLOPS,56.125,cuda_max_memory_allocated (exact peak of tensor allocations),,,ok,,,"{""matrix_size"": 2048, ""matmuls_per_sec"": 447.98050388604287, ""flops_per_matmul"": 17179869184.0, ""rel_err_vs_cpu_fp32"": 1.7894292341225082e-06, ""reduced_for_time_budget"": false}","{""torch"":""2.14.0+cu130"",""device_name"":""NVIDIA GeForce RTX 3060"",""seed"":1234,""git_commit"":""02ef55fdd8ca475c0661076be05396562212d8b7"",""code_sha256"":""2aca8dcddc402f2b"",""hostname"":""kimang-ubuntu""}"
20260919T163805,2026-09-19T16:38:08.652+07:00,matmul,cuda,NVIDIA GeForce RTX 3060,matmul,,,,float32,warmup,7,2.227287000096112,7713.361225229911,GFLOPS,56.125,cuda_max_memory_allocated (exact peak of tensor allocations),,,ok,,,"{""matrix_size"": 2048, ""matmuls_per_sec"": 448.97671470127017, ""flops_per_matmul"": 17179869184.0, ""rel_err_vs_cpu_fp32"": 1.7894292341225082e-06, ""reduced_for_time_budget"": false}","{""torch"":""2.14.0+cu130"",""device_name"":""NVIDIA GeForce RTX 3060"",""seed"":1234,""git_commit"":""02ef55fdd8ca475c0661076be05396562212d8b7"",""code_sha256"":""2aca8dcddc402f2b"",""hostname"":""kimang-ubuntu""}"
20260919T163805,2026-09-19T16:38:08.652+07:00,matmul,cuda,NVIDIA GeForce RTX 3060,matmul,,,,float32,warmup,8,2.2247710003284737,7722.084287085501,GFLOPS,56.125,cuda_max_memory_allocated (exact peak of tensor allocations),,,ok,,,"{""matrix_size"": 2048, ""matmuls_per_sec"": 449.48446372788754, ""flops_per_matmul"": 17179869184.0, ""rel_err_vs_cpu_fp32"": 1.7894292341225082e-06, ""reduced_for_time_budget"": false}","{""torch"":""2.14.0+cu130"",""device_name"":""NVIDIA GeForce RTX 3060"",""seed"":1234,""git_commit"":""02ef55fdd8ca475c0661076be05396562212d8b7"",""code_sha256"":""2aca8dcddc402f2b"",""hostname"":""kimang-ubuntu""}"
20260919T163805,2026-09-19T16:38:08.652+07:00,matmul,cuda,NVIDIA GeForce RTX 3060,matmul,,,,float32,warmup,9,2.222205999714788,7730.997570074499,GFLOPS,56.125,cuda_max_memory_allocated (exact peak of tensor allocations),,,ok,,,"{""matrix_size"": 2048, ""matmuls_per_sec"": 450.0032850817369, ""flops_per_matmul"": 17179869184.0, ""rel_err_vs_cpu_fp32"": 1.7894292341225082e-06, ""reduced_for_time_budget"": false}","{""torch"":""2.14.0+cu130"",""device_name"":""NVIDIA GeForce RTX 3060"",""seed"":1234,""git_commit"":""02ef55fdd8ca475c0661076be05396562212d8b7"",""code_sha256"":""2aca8dcddc402f2b"",""hostname"":""kimang-ubuntu""}"
20260919T163805,2026-09-19T16:38:08.652+07:00,matmul,cuda,NVIDIA GeForce RTX 3060,matmul,,,,float32,measure,0,2.222905000053288,7728.566530548161,GFLOPS,56.125,cuda_max_memory_allocated (exact peak of tensor allocations),,,ok,,,"{""matrix_size"": 2048, ""matmuls_per_sec"": 449.8617799573206, ""flops_per_matmul"": 17179869184.0, ""rel_err_vs_cpu_fp32"": 1.7894292341225082e-06, ""reduced_for_time_budget"": false}","{""torch"":""2.14.0+cu130"",""device_name"":""NVIDIA GeForce RTX 3060"",""seed"":1234,""git_commit"":""02ef55fdd8ca475c0661076be05396562212d8b7"",""code_sha256"":""2aca8dcddc402f2b"",""hostname"":""kimang-ubuntu""}"
20260919T163805,2026-09-19T16:38:08.652+07:00,matmul,cuda,NVIDIA GeForce RTX 3060,matmul,,,,float32,measure,1,2.2248949999266188,7721.653913810145,GFLOPS,56.125,cuda_max_memory_allocated (exact peak of tensor allocations),,,ok,,,"{""matrix_size"": 2048, ""matmuls_per_sec"": 449.45941270620943, ""flops_per_matmul"": 17179869184.0, ""rel_err_vs_cpu_fp32"": 1.7894292341225082e-06, ""reduced_for_time_budget"": false}","{""torch"":""2.14.0+cu130"",""device_name"":""NVIDIA GeForce RTX 3060"",""seed"":1234,""git_commit"":""02ef55fdd8ca475c0661076be05396562212d8b7"",""code_sha256"":""2aca8dcddc402f2b"",""hostname"":""kimang-ubuntu""}"
20260919T163805,2026-09-19T16:38:08.652+07:00,matmul,cuda,NVIDIA GeForce RTX 3060,matmul,,,,float32,measure,2,2.223132999461086,7727.773906538478,GFLOPS,56.125,cuda_max_memory_allocated (exact peak of tensor allocations),,,ok,,,"{""matrix_size"": 2048, ""matmuls_per_sec"": 449.81564316773307, ""flops_per_matmul"": 17179869184.0, ""rel_err_vs_cpu_fp32"": 1.7894292341225082e-06, ""reduced_for_time_budget"": false}","{""torch"":""2.14.0+cu130"",""device_name"":""NVIDIA GeForce RTX 3060"",""seed"":1234,""git_commit"":""02ef55fdd8ca475c0661076be05396562212d8b7"",""code_sha256"":""2aca8dcddc402f2b"",""hostname"":""kimang-ubuntu""}"
20260919T163805,2026-09-19T16:38:08.652+07:00,matmul,cuda,NVIDIA GeForce RTX 3060,matmul,,,,float32,measure,3,2.2244629999477183,7723.153491158891,GFLOPS,56.125,cuda_max_memory_allocated (exact peak of tensor allocations),,,ok,,,"{""matrix_size"": 2048, ""matmuls_per_sec"": 449.5466995960387, ""flops_per_matmul"": 17179869184.0, ""rel_err_vs_cpu_fp32"": 1.7894292341225082e-06, ""reduced_for_time_budget"": false}","{""torch"":""2.14.0+cu130"",""device_name"":""NVIDIA GeForce RTX 3060"",""seed"":1234,""git_commit"":""02ef55fdd8ca475c0661076be05396562212d8b7"",""code_sha256"":""2aca8dcddc402f2b"",""hostname"":""kimang-ubuntu""}"
20260919T163805,2026-09-19T16:38:08.652+07:00,matmul,cuda,NVIDIA GeForce RTX 3060,matmul,,,,float32,measure,4,2.2247060005611274,7722.309905069164,GFLOPS,56.125,cuda_max_memory_allocated (exact peak of tensor allocations),,,ok,,,"{""matrix_size"": 2048, ""matmuls_per_sec"": 449.4975964229766, ""flops_per_matmul"": 17179869184.0, ""rel_err_vs_cpu_fp32"": 1.7894292341225082e-06, ""reduced_for_time_budget"": false}","{""torch"":""2.14.0+cu130"",""device_name"":""NVIDIA GeForce RTX 3060"",""seed"":1234,""git_commit"":""02ef55fdd8ca475c0661076be05396562212d8b7"",""code_sha256"":""2aca8dcddc402f2b"",""hostname"":""kimang-ubuntu""}"
20260919T163805,2026-09-19T16:38:08.652+07:00,matmul,cuda,NVIDIA GeForce RTX 3060,matmul,,,,float32,measure,5,2.2277159996519913,7711.875834569487,GFLOPS,56.125,cuda_max_memory_allocated (exact peak of tensor allocations),,,ok,,,"{""matrix_size"": 2048, ""matmuls_per_sec"": 448.8902535853842, ""flops_per_matmul"": 17179869184.0, ""rel_err_vs_cpu_fp32"": 1.7894292341225082e-06, ""reduced_for_time_budget"": false}","{""torch"":""2.14.0+cu130"",""device_name"":""NVIDIA GeForce RTX 3060"",""seed"":1234,""git_commit"":""02ef55fdd8ca475c0661076be05396562212d8b7"",""code_sha256"":""2aca8dcddc402f2b"",""hostname"":""kimang-ubuntu""}"
20260919T163805,2026-09-19T16:38:08.652+07:00,matmul,cuda,NVIDIA GeForce RTX 3060,matmul,,,,float32,measure,6,2.2238170004129643,7725.39700020716,GFLOPS,56.125,cuda_max_memory_allocated (exact peak of tensor allocations),,,ok,,,"{""matrix_size"": 2048, ""matmuls_per_sec"": 449.6772890099767, ""flops_per_matmul"": 17179869184.0, ""rel_err_vs_cpu_fp32"": 1.7894292341225082e-06, ""reduced_for_time_budget"": false}","{""torch"":""2.14.0+cu130"",""device_name"":""NVIDIA GeForce RTX 3060"",""seed"":1234,""git_commit"":""02ef55fdd8ca475c0661076be05396562212d8b7"",""code_sha256"":""2aca8dcddc402f2b"",""hostname"":""kimang-ubuntu""}"
20260919T163805,2026-09-19T16:38:08.653+07:00,matmul,cuda,NVIDIA GeForce RTX 3060,matmul,,,,float32,measure,7,2.2252050002862234,7720.5781857357815,GFLOPS,56.125,cuda_max_memory_allocated (exact peak of tensor allocations),,,ok,,,"{""matrix_size"": 2048, ""matmuls_per_sec"": 449.39679709122174, ""flops_per_matmul"": 17179869184.0, ""rel_err_vs_cpu_fp32"": 1.7894292341225082e-06, ""reduced_for_time_budget"": false}","{""torch"":""2.14.0+cu130"",""device_name"":""NVIDIA GeForce RTX 3060"",""seed"":1234,""git_commit"":""02ef55fdd8ca475c0661076be05396562212d8b7"",""code_sha256"":""2aca8dcddc402f2b"",""hostname"":""kimang-ubuntu""}"
20260919T163805,2026-09-19T16:38:08.653+07:00,matmul,cuda,NVIDIA GeForce RTX 3060,matmul,,,,float32,measure,8,2.224740000201564,7722.191888689683,GFLOPS,56.125,cuda_max_memory_allocated (exact peak of tensor allocations),,,ok,,,"{""matrix_size"": 2048, ""matmuls_per_sec"": 449.4907269655775, ""flops_per_matmul"": 17179869184.0, ""rel_err_vs_cpu_fp32"": 1.7894292341225082e-06, ""reduced_for_time_budget"": false}","{""torch"":""2.14.0+cu130"",""device_name"":""NVIDIA GeForce RTX 3060"",""seed"":1234,""git_commit"":""02ef55fdd8ca475c0661076be05396562212d8b7"",""code_sha256"":""2aca8dcddc402f2b"",""hostname"":""kimang-ubuntu""}"
20260919T163805,2026-09-19T16:38:08.653+07:00,matmul,cuda,NVIDIA GeForce RTX 3060,matmul,,,,float32,measure,9,2.2610890000578365,7598.050843447806,GFLOPS,56.125,cuda_max_memory_allocated (exact peak of tensor allocations),,,ok,,,"{""matrix_size"": 2048, ""matmuls_per_sec"": 442.2647670986949, ""flops_per_matmul"": 17179869184.0, ""rel_err_vs_cpu_fp32"": 1.7894292341225082e-06, ""reduced_for_time_budget"": false}","{""torch"":""2.14.0+cu130"",""device_name"":""NVIDIA GeForce RTX 3060"",""seed"":1234,""git_commit"":""02ef55fdd8ca475c0661076be05396562212d8b7"",""code_sha256"":""2aca8dcddc402f2b"",""hostname"":""kimang-ubuntu""}"
20260919T163805,2026-09-19T16:38:08.653+07:00,matmul,cuda,NVIDIA GeForce RTX 3060,matmul,,,,float32,measure,10,2.286619999722461,7513.21565720811,GFLOPS,56.125,cuda_max_memory_allocated (exact peak of tensor allocations),,,ok,,,"{""matrix_size"": 2048, ""matmuls_per_sec"": 437.32670934452386, ""flops_per_matmul"": 17179869184.0, ""rel_err_vs_cpu_fp32"": 1.7894292341225082e-06, ""reduced_for_time_budget"": false}","{""torch"":""2.14.0+cu130"",""device_name"":""NVIDIA GeForce RTX 3060"",""seed"":1234,""git_commit"":""02ef55fdd8ca475c0661076be05396562212d8b7"",""code_sha256"":""2aca8dcddc402f2b"",""hostname"":""kimang-ubuntu""}"
20260919T163805,2026-09-19T16:38:08.653+07:00,matmul,cuda,NVIDIA GeForce RTX 3060,matmul,,,,float32,measure,11,2.28850399980729,7507.030437983364,GFLOPS,56.125,cuda_max_memory_allocated (exact peak of tensor allocations),,,ok,,,"{""matrix_size"": 2048, ""matmuls_per_sec"": 436.9666822012144, ""flops_per_matmul"": 17179869184.0, ""rel_err_vs_cpu_fp32"": 1.7894292341225082e-06, ""reduced_for_time_budget"": false}","{""torch"":""2.14.0+cu130"",""device_name"":""NVIDIA GeForce RTX 3060"",""seed"":1234,""git_commit"":""02ef55fdd8ca475c0661076be05396562212d8b7"",""code_sha256"":""2aca8dcddc402f2b"",""hostname"":""kimang-ubuntu""}"
20260919T163805,2026-09-19T16:38:08.653+07:00,matmul,cuda,NVIDIA GeForce RTX 3060,matmul,,,,float32,measure,12,2.2873239995533368,7510.903215877962,GFLOPS,56.125,cuda_max_memory_allocated (exact peak of tensor allocations),,,ok,,,"{""matrix_size"": 2048, ""matmuls_per_sec"": 437.1921075436963, ""flops_per_matmul"": 17179869184.0, ""rel_err_vs_cpu_fp32"": 1.7894292341225082e-06, ""reduced_for_time_budget"": false}","{""torch"":""2.14.0+cu130"",""device_name"":""NVIDIA GeForce RTX 3060"",""seed"":1234,""git_commit"":""02ef55fdd8ca475c0661076be05396562212d8b7"",""code_sha256"":""2aca8dcddc402f2b"",""hostname"":""kimang-ubuntu""}"
20260919T163805,2026-09-19T16:38:08.653+07:00,matmul,cuda,NVIDIA GeForce RTX 3060,matmul,,,,float32,measure,13,2.2880430005898234,7508.542968629211,GFLOPS,56.125,cuda_max_memory_allocated (exact peak of tensor allocations),,,ok,,,"{""matrix_size"": 2048, ""matmuls_per_sec"": 437.05472307216905, ""flops_per_matmul"": 17179869184.0, ""rel_err_vs_cpu_fp32"": 1.7894292341225082e-06, ""reduced_for_time_budget"": false}","{""torch"":""2.14.0+cu130"",""device_name"":""NVIDIA GeForce RTX 3060"",""seed"":1234,""git_commit"":""02ef55fdd8ca475c0661076be05396562212d8b7"",""code_sha256"":""2aca8dcddc402f2b"",""hostname"":""kimang-ubuntu""}"
20260919T163805,2026-09-19T16:38:08.653+07:00,matmul,cuda,NVIDIA GeForce RTX 3060,matmul,,,,float32,measure,14,2.2871119999763323,7511.599425029374,GFLOPS,56.125,cuda_max_memory_allocated (exact peak of tensor allocations),,,ok,,,"{""matrix_size"": 2048, ""matmuls_per_sec"": 437.23263224990654, ""flops_per_matmul"": 17179869184.0, ""rel_err_vs_cpu_fp32"": 1.7894292341225082e-06, ""reduced_for_time_budget"": false}","{""torch"":""2.14.0+cu130"",""device_name"":""NVIDIA GeForce RTX 3060"",""seed"":1234,""git_commit"":""02ef55fdd8ca475c0661076be05396562212d8b7"",""code_sha256"":""2aca8dcddc402f2b"",""hostname"":""kimang-ubuntu""}"
20260919T163805,2026-09-19T16:38:08.653+07:00,matmul,cuda,NVIDIA GeForce RTX 3060,matmul,,,,float32,measure,15,2.2891620001246338,7504.872605374648,GFLOPS,56.125,cuda_max_memory_allocated (exact peak of tensor allocations),,,ok,,,"{""matrix_size"": 2048, ""matmuls_per_sec"": 436.8410798124182, ""flops_per_matmul"": 17179869184.0, ""rel_err_vs_cpu_fp32"": 1.7894292341225082e-06, ""reduced_for_time_budget"": false}","{""torch"":""2.14.0+cu130"",""device_name"":""NVIDIA GeForce RTX 3060"",""seed"":1234,""git_commit"":""02ef55fdd8ca475c0661076be05396562212d8b7"",""code_sha256"":""2aca8dcddc402f2b"",""hostname"":""kimang-ubuntu""}"
20260919T163805,2026-09-19T16:38:08.653+07:00,matmul,cuda,NVIDIA GeForce RTX 3060,matmul,,,,float32,measure,16,2.2882820003360393,7507.758738423454,GFLOPS,56.125,cuda_max_memory_allocated (exact peak of tensor allocations),,,ok,,,"{""matrix_size"": 2048, ""matmuls_per_sec"": 437.00907486627426, ""flops_per_matmul"": 17179869184.0, ""rel_err_vs_cpu_fp32"": 1.7894292341225082e-06, ""reduced_for_time_budget"": false}","{""torch"":""2.14.0+cu130"",""device_name"":""NVIDIA GeForce RTX 3060"",""seed"":1234,""git_commit"":""02ef55fdd8ca475c0661076be05396562212d8b7"",""code_sha256"":""2aca8dcddc402f2b"",""hostname"":""kimang-ubuntu""}"
20260919T163805,2026-09-19T16:38:08.653+07:00,matmul,cuda,NVIDIA GeForce RTX 3060,matmul,,,,float32,measure,17,2.2910870002306183,7498.5669170444835,GFLOPS,56.125,cuda_max_memory_allocated (exact peak of tensor allocations),,,ok,,,"{""matrix_size"": 2048, ""matmuls_per_sec"": 436.47404044427, ""flops_per_matmul"": 17179869184.0, ""rel_err_vs_cpu_fp32"": 1.7894292341225082e-06, ""reduced_for_time_budget"": false}","{""torch"":""2.14.0+cu130"",""device_name"":""NVIDIA GeForce RTX 3060"",""seed"":1234,""git_commit"":""02ef55fdd8ca475c0661076be05396562212d8b7"",""code_sha256"":""2aca8dcddc402f2b"",""hostname"":""kimang-ubuntu""}"
20260919T163805,2026-09-19T16:38:08.653+07:00,matmul,cuda,NVIDIA GeForce RTX 3060,matmul,,,,float32,measure,18,2.290518999870983,7500.426403346876,GFLOPS,56.125,cuda_max_memory_allocated (exact peak of tensor allocations),,,ok,,,"{""matrix_size"": 2048, ""matmuls_per_sec"": 436.5822767924329, ""flops_per_matmul"": 17179869184.0, ""rel_err_vs_cpu_fp32"": 1.7894292341225082e-06, ""reduced_for_time_budget"": false}","{""torch"":""2.14.0+cu130"",""device_name"":""NVIDIA GeForce RTX 3060"",""seed"":1234,""git_commit"":""02ef55fdd8ca475c0661076be05396562212d8b7"",""code_sha256"":""2aca8dcddc402f2b"",""hostname"":""kimang-ubuntu""}"
20260919T163805,2026-09-19T16:38:08.653+07:00,matmul,cuda,NVIDIA GeForce RTX 3060,matmul,,,,float32,measure,19,2.287942999828374,7508.871149888226,GFLOPS,56.125,cuda_max_memory_allocated (exact peak of tensor allocations),,,ok,,,"{""matrix_size"": 2048, ""matmuls_per_sec"": 437.07382573561193, ""flops_per_matmul"": 17179869184.0, ""rel_err_vs_cpu_fp32"": 1.7894292341225082e-06, ""reduced_for_time_budget"": false}","{""torch"":""2.14.0+cu130"",""device_name"":""NVIDIA GeForce RTX 3060"",""seed"":1234,""git_commit"":""02ef55fdd8ca475c0661076be05396562212d8b7"",""code_sha256"":""2aca8dcddc402f2b"",""hostname"":""kimang-ubuntu""}"
20260919T163805,2026-09-19T16:38:08.653+07:00,matmul,cuda,NVIDIA GeForce RTX 3060,matmul,,,,float32,measure,20,2.2870430002512876,7511.8260487941725,GFLOPS,56.125,cuda_max_memory_allocated (exact peak of tensor allocations),,,ok,,,"{""matrix_size"": 2048, ""matmuls_per_sec"": 437.2458234891629, ""flops_per_matmul"": 17179869184.0, ""rel_err_vs_cpu_fp32"": 1.7894292341225082e-06, ""reduced_for_time_budget"": false}","{""torch"":""2.14.0+cu130"",""device_name"":""NVIDIA GeForce RTX 3060"",""seed"":1234,""git_commit"":""02ef55fdd8ca475c0661076be05396562212d8b7"",""code_sha256"":""2aca8dcddc402f2b"",""hostname"":""kimang-ubuntu""}"
20260919T163805,2026-09-19T16:38:08.653+07:00,matmul,cuda,NVIDIA GeForce RTX 3060,matmul,,,,float32,measure,21,2.2909240005901665,7499.100441382727,GFLOPS,56.125,cuda_max_memory_allocated (exact peak of tensor allocations),,,ok,,,"{""matrix_size"": 2048, ""matmuls_per_sec"": 436.5050956480395, ""flops_per_matmul"": 17179869184.0, ""rel_err_vs_cpu_fp32"": 1.7894292341225082e-06, ""reduced_for_time_budget"": false}","{""torch"":""2.14.0+cu130"",""device_name"":""NVIDIA GeForce RTX 3060"",""seed"":1234,""git_commit"":""02ef55fdd8ca475c0661076be05396562212d8b7"",""code_sha256"":""2aca8dcddc402f2b"",""hostname"":""kimang-ubuntu""}"
20260919T163805,2026-09-19T16:38:08.653+07:00,matmul,cuda,NVIDIA GeForce RTX 3060,matmul,,,,float32,measure,22,2.2870940001666895,7511.658542564444,GFLOPS,56.125,cuda_max_memory_allocated (exact peak of tensor allocations),,,ok,,,"{""matrix_size"": 2048, ""matmuls_per_sec"": 437.23607334334196, ""flops_per_matmul"": 17179869184.0, ""rel_err_vs_cpu_fp32"": 1.7894292341225082e-06, ""reduced_for_time_budget"": false}","{""torch"":""2.14.0+cu130"",""device_name"":""NVIDIA GeForce RTX 3060"",""seed"":1234,""git_commit"":""02ef55fdd8ca475c0661076be05396562212d8b7"",""code_sha256"":""2aca8dcddc402f2b"",""hostname"":""kimang-ubuntu""}"
20260919T163805,2026-09-19T16:38:08.653+07:00,matmul,cuda,NVIDIA GeForce RTX 3060,matmul,,,,float32,measure,23,2.2906010008227895,7500.157896477365,GFLOPS,56.125,cuda_max_memory_allocated (exact peak of tensor allocations),,,ok,,,"{""matrix_size"": 2048, ""matmuls_per_sec"": 436.56664763561946, ""flops_per_matmul"": 17179869184.0, ""rel_err_vs_cpu_fp32"": 1.7894292341225082e-06, ""reduced_for_time_budget"": false}","{""torch"":""2.14.0+cu130"",""device_name"":""NVIDIA GeForce RTX 3060"",""seed"":1234,""git_commit"":""02ef55fdd8ca475c0661076be05396562212d8b7"",""code_sha256"":""2aca8dcddc402f2b"",""hostname"":""kimang-ubuntu""}"
20260919T163805,2026-09-19T16:38:08.653+07:00,matmul,cuda,NVIDIA GeForce RTX 3060,matmul,,,,float32,measure,24,2.286795000145503,7512.64069709217,GFLOPS,56.125,cuda_max_memory_allocated (exact peak of tensor allocations),,,ok,,,"{""matrix_size"": 2048, ""matmuls_per_sec"": 437.29324226105643, ""flops_per_matmul"": 17179869184.0, ""rel_err_vs_cpu_fp32"": 1.7894292341225082e-06, ""reduced_for_time_budget"": false}","{""torch"":""2.14.0+cu130"",""device_name"":""NVIDIA GeForce RTX 3060"",""seed"":1234,""git_commit"":""02ef55fdd8ca475c0661076be05396562212d8b7"",""code_sha256"":""2aca8dcddc402f2b"",""hostname"":""kimang-ubuntu""}"
20260919T163805,2026-09-19T16:38:08.653+07:00,matmul,cuda,NVIDIA GeForce RTX 3060,matmul,,,,float32,measure,25,2.2867909992783098,7512.653840872126,GFLOPS,56.125,cuda_max_memory_allocated (exact peak of tensor allocations),,,ok,,,"{""matrix_size"": 2048, ""matmuls_per_sec"": 437.29400732974324, ""flops_per_matmul"": 17179869184.0, ""rel_err_vs_cpu_fp32"": 1.7894292341225082e-06, ""reduced_for_time_budget"": false}","{""torch"":""2.14.0+cu130"",""device_name"":""NVIDIA GeForce RTX 3060"",""seed"":1234,""git_commit"":""02ef55fdd8ca475c0661076be05396562212d8b7"",""code_sha256"":""2aca8dcddc402f2b"",""hostname"":""kimang-ubuntu""}"
20260919T163805,2026-09-19T16:38:08.653+07:00,matmul,cuda,NVIDIA GeForce RTX 3060,matmul,,,,float32,measure,26,2.2879990001456463,7508.68736520706,GFLOPS,56.125,cuda_max_memory_allocated (exact peak of tensor allocations),,,ok,,,"{""matrix_size"": 2048, ""matmuls_per_sec"": 437.06312805920953, ""flops_per_matmul"": 17179869184.0, ""rel_err_vs_cpu_fp32"": 1.7894292341225082e-06, ""reduced_for_time_budget"": false}","{""torch"":""2.14.0+cu130"",""device_name"":""NVIDIA GeForce RTX 3060"",""seed"":1234,""git_commit"":""02ef55fdd8ca475c0661076be05396562212d8b7"",""code_sha256"":""2aca8dcddc402f2b"",""hostname"":""kimang-ubuntu""}"
20260919T163805,2026-09-19T16:38:08.653+07:00,matmul,cuda,NVIDIA GeForce RTX 3060,matmul,,,,float32,measure,27,2.2862060004626983,7514.576193275242,GFLOPS,56.125,cuda_max_memory_allocated (exact peak of tensor allocations),,,ok,,,"{""matrix_size"": 2048, ""matmuls_per_sec"": 437.40590296658, ""flops_per_matmul"": 17179869184.0, ""rel_err_vs_cpu_fp32"": 1.7894292341225082e-06, ""reduced_for_time_budget"": false}","{""torch"":""2.14.0+cu130"",""device_name"":""NVIDIA GeForce RTX 3060"",""seed"":1234,""git_commit"":""02ef55fdd8ca475c0661076be05396562212d8b7"",""code_sha256"":""2aca8dcddc402f2b"",""hostname"":""kimang-ubuntu""}"
20260919T163805,2026-09-19T16:38:08.653+07:00,matmul,cuda,NVIDIA GeForce RTX 3060,matmul,,,,float32,measure,28,2.2865900000397232,7513.314229355305,GFLOPS,56.125,cuda_max_memory_allocated (exact peak of tensor allocations),,,ok,,,"{""matrix_size"": 2048, ""matmuls_per_sec"": 437.33244699864326, ""flops_per_matmul"": 17179869184.0, ""rel_err_vs_cpu_fp32"": 1.7894292341225082e-06, ""reduced_for_time_budget"": false}","{""torch"":""2.14.0+cu130"",""device_name"":""NVIDIA GeForce RTX 3060"",""seed"":1234,""git_commit"":""02ef55fdd8ca475c0661076be05396562212d8b7"",""code_sha256"":""2aca8dcddc402f2b"",""hostname"":""kimang-ubuntu""}"
20260919T163805,2026-09-19T16:38:08.653+07:00,matmul,cuda,NVIDIA GeForce RTX 3060,matmul,,,,float32,measure,29,2.269845999762765,7568.737784764063,GFLOPS,56.125,cuda_max_memory_allocated (exact peak of tensor allocations),,,ok,,,"{""matrix_size"": 2048, ""matmuls_per_sec"": 440.558522518495, ""flops_per_matmul"": 17179869184.0, ""rel_err_vs_cpu_fp32"": 1.7894292341225082e-06, ""reduced_for_time_budget"": false}","{""torch"":""2.14.0+cu130"",""device_name"":""NVIDIA GeForce RTX 3060"",""seed"":1234,""git_commit"":""02ef55fdd8ca475c0661076be05396562212d8b7"",""code_sha256"":""2aca8dcddc402f2b"",""hostname"":""kimang-ubuntu""}"
20260919T163805,2026-09-19T16:38:08.654+07:00,matmul,cuda,NVIDIA GeForce RTX 3060,matmul,,,,float32,measure,30,2.266579000206548,7579.647205076214,GFLOPS,56.125,cuda_max_memory_allocated (exact peak of tensor allocations),,,ok,,,"{""matrix_size"": 2048, ""matmuls_per_sec"": 441.1935343567872, ""flops_per_matmul"": 17179869184.0, ""rel_err_vs_cpu_fp32"": 1.7894292341225082e-06, ""reduced_for_time_budget"": false}","{""torch"":""2.14.0+cu130"",""device_name"":""NVIDIA GeForce RTX 3060"",""seed"":1234,""git_commit"":""02ef55fdd8ca475c0661076be05396562212d8b7"",""code_sha256"":""2aca8dcddc402f2b"",""hostname"":""kimang-ubuntu""}"
20260919T163805,2026-09-19T16:38:08.654+07:00,matmul,cuda,NVIDIA GeForce RTX 3060,matmul,,,,float32,measure,31,2.2673820003547007,7576.962850244223,GFLOPS,56.125,cuda_max_memory_allocated (exact peak of tensor allocations),,,ok,,,"{""matrix_size"": 2048, ""matmuls_per_sec"": 441.03728434095524, ""flops_per_matmul"": 17179869184.0, ""rel_err_vs_cpu_fp32"": 1.7894292341225082e-06, ""reduced_for_time_budget"": false}","{""torch"":""2.14.0+cu130"",""device_name"":""NVIDIA GeForce RTX 3060"",""seed"":1234,""git_commit"":""02ef55fdd8ca475c0661076be05396562212d8b7"",""code_sha256"":""2aca8dcddc402f2b"",""hostname"":""kimang-ubuntu""}"
20260919T163805,2026-09-19T16:38:08.654+07:00,matmul,cuda,NVIDIA GeForce RTX 3060,matmul,,,,float32,measure,32,2.267308999762463,7577.206805865398,GFLOPS,56.125,cuda_max_memory_allocated (exact peak of tensor allocations),,,ok,,,"{""matrix_size"": 2048, ""matmuls_per_sec"": 441.0514844270305, ""flops_per_matmul"": 17179869184.0, ""rel_err_vs_cpu_fp32"": 1.7894292341225082e-06, ""reduced_for_time_budget"": false}","{""torch"":""2.14.0+cu130"",""device_name"":""NVIDIA GeForce RTX 3060"",""seed"":1234,""git_commit"":""02ef55fdd8ca475c0661076be05396562212d8b7"",""code_sha256"":""2aca8dcddc402f2b"",""hostname"":""kimang-ubuntu""}"
20260919T163805,2026-09-19T16:38:08.654+07:00,matmul,cuda,NVIDIA GeForce RTX 3060,matmul,,,,float32,measure,33,2.2693759992762352,7570.305312772815,GFLOPS,56.125,cuda_max_memory_allocated (exact peak of tensor allocations),,,ok,,,"{""matrix_size"": 2048, ""matmuls_per_sec"": 440.64976465730086, ""flops_per_matmul"": 17179869184.0, ""rel_err_vs_cpu_fp32"": 1.7894292341225082e-06, ""reduced_for_time_budget"": false}","{""torch"":""2.14.0+cu130"",""device_name"":""NVIDIA GeForce RTX 3060"",""seed"":1234,""git_commit"":""02ef55fdd8ca475c0661076be05396562212d8b7"",""code_sha256"":""2aca8dcddc402f2b"",""hostname"":""kimang-ubuntu""}"
20260919T163805,2026-09-19T16:38:08.654+07:00,matmul,cuda,NVIDIA GeForce RTX 3060,matmul,,,,float32,measure,34,2.2670680000373977,7578.0122976975545,GFLOPS,56.125,cuda_max_memory_allocated (exact peak of tensor allocations),,,ok,,,"{""matrix_size"": 2048, ""matmuls_per_sec"": 441.0983702224653, ""flops_per_matmul"": 17179869184.0, ""rel_err_vs_cpu_fp32"": 1.7894292341225082e-06, ""reduced_for_time_budget"": false}","{""torch"":""2.14.0+cu130"",""device_name"":""NVIDIA GeForce RTX 3060"",""seed"":1234,""git_commit"":""02ef55fdd8ca475c0661076be05396562212d8b7"",""code_sha256"":""2aca8dcddc402f2b"",""hostname"":""kimang-ubuntu""}"
20260919T163805,2026-09-19T16:38:08.654+07:00,matmul,cuda,NVIDIA GeForce RTX 3060,matmul,,,,float32,measure,35,2.2692769998684525,7570.635574676823,GFLOPS,56.125,cuda_max_memory_allocated (exact peak of tensor allocations),,,ok,,,"{""matrix_size"": 2048, ""matmuls_per_sec"": 440.668988430222, ""flops_per_matmul"": 17179869184.0, ""rel_err_vs_cpu_fp32"": 1.7894292341225082e-06, ""reduced_for_time_budget"": false}","{""torch"":""2.14.0+cu130"",""device_name"":""NVIDIA GeForce RTX 3060"",""seed"":1234,""git_commit"":""02ef55fdd8ca475c0661076be05396562212d8b7"",""code_sha256"":""2aca8dcddc402f2b"",""hostname"":""kimang-ubuntu""}"
20260919T163805,2026-09-19T16:38:08.654+07:00,matmul,cuda,NVIDIA GeForce RTX 3060,matmul,,,,float32,measure,36,2.267771000333596,7575.663143003763,GFLOPS,56.125,cuda_max_memory_allocated (exact peak of tensor allocations),,,ok,,,"{""matrix_size"": 2048, ""matmuls_per_sec"": 440.9616314226158, ""flops_per_matmul"": 17179869184.0, ""rel_err_vs_cpu_fp32"": 1.7894292341225082e-06, ""reduced_for_time_budget"": false}","{""torch"":""2.14.0+cu130"",""device_name"":""NVIDIA GeForce RTX 3060"",""seed"":1234,""git_commit"":""02ef55fdd8ca475c0661076be05396562212d8b7"",""code_sha256"":""2aca8dcddc402f2b"",""hostname"":""kimang-ubuntu""}"
20260919T163805,2026-09-19T16:38:08.654+07:00,matmul,cuda,NVIDIA GeForce RTX 3060,matmul,,,,float32,measure,37,2.270846000101301,7565.404780083553,GFLOPS,56.125,cuda_max_memory_allocated (exact peak of tensor allocations),,,ok,,,"{""matrix_size"": 2048, ""matmuls_per_sec"": 440.36451611222896, ""flops_per_matmul"": 17179869184.0, ""rel_err_vs_cpu_fp32"": 1.7894292341225082e-06, ""reduced_for_time_budget"": false}","{""torch"":""2.14.0+cu130"",""device_name"":""NVIDIA GeForce RTX 3060"",""seed"":1234,""git_commit"":""02ef55fdd8ca475c0661076be05396562212d8b7"",""code_sha256"":""2aca8dcddc402f2b"",""hostname"":""kimang-ubuntu""}"
20260919T163805,2026-09-19T16:38:08.654+07:00,matmul,cuda,NVIDIA GeForce RTX 3060,matmul,,,,float32,measure,38,2.289070000188076,7505.17423346095,GFLOPS,56.125,cuda_max_memory_allocated (exact peak of tensor allocations),,,ok,,,"{""matrix_size"": 2048, ""matmuls_per_sec"": 436.85863687778766, ""flops_per_matmul"": 17179869184.0, ""rel_err_vs_cpu_fp32"": 1.7894292341225082e-06, ""reduced_for_time_budget"": false}","{""torch"":""2.14.0+cu130"",""device_name"":""NVIDIA GeForce RTX 3060"",""seed"":1234,""git_commit"":""02ef55fdd8ca475c0661076be05396562212d8b7"",""code_sha256"":""2aca8dcddc402f2b"",""hostname"":""kimang-ubuntu""}"
20260919T163805,2026-09-19T16:38:08.654+07:00,matmul,cuda,NVIDIA GeForce RTX 3060,matmul,,,,float32,measure,39,2.2868240002935636,7512.5454262306985,GFLOPS,56.125,cuda_max_memory_allocated (exact peak of tensor allocations),,,ok,,,"{""matrix_size"": 2048, ""matmuls_per_sec"": 437.28769676705696, ""flops_per_matmul"": 17179869184.0, ""rel_err_vs_cpu_fp32"": 1.7894292341225082e-06, ""reduced_for_time_budget"": false}","{""torch"":""2.14.0+cu130"",""device_name"":""NVIDIA GeForce RTX 3060"",""seed"":1234,""git_commit"":""02ef55fdd8ca475c0661076be05396562212d8b7"",""code_sha256"":""2aca8dcddc402f2b"",""hostname"":""kimang-ubuntu""}"
20260919T163805,2026-09-19T16:38:08.654+07:00,matmul,cuda,NVIDIA GeForce RTX 3060,matmul,,,,float32,measure,40,2.287267000610882,7511.090388403108,GFLOPS,56.125,cuda_max_memory_allocated (exact peak of tensor allocations),,,ok,,,"{""matrix_size"": 2048, ""matmuls_per_sec"": 437.2030024185723, ""flops_per_matmul"": 17179869184.0, ""rel_err_vs_cpu_fp32"": 1.7894292341225082e-06, ""reduced_for_time_budget"": false}","{""torch"":""2.14.0+cu130"",""device_name"":""NVIDIA GeForce RTX 3060"",""seed"":1234,""git_commit"":""02ef55fdd8ca475c0661076be05396562212d8b7"",""code_sha256"":""2aca8dcddc402f2b"",""hostname"":""kimang-ubuntu""}"
20260919T163805,2026-09-19T16:38:08.654+07:00,matmul,cuda,NVIDIA GeForce RTX 3060,matmul,,,,float32,measure,41,2.285567000399169,7516.677122569399,GFLOPS,56.125,cuda_max_memory_allocated (exact peak of tensor allocations),,,ok,,,"{""matrix_size"": 2048, ""matmuls_per_sec"": 437.5281931465375, ""flops_per_matmul"": 17179869184.0, ""rel_err_vs_cpu_fp32"": 1.7894292341225082e-06, ""reduced_for_time_budget"": false}","{""torch"":""2.14.0+cu130"",""device_name"":""NVIDIA GeForce RTX 3060"",""seed"":1234,""git_commit"":""02ef55fdd8ca475c0661076be05396562212d8b7"",""code_sha256"":""2aca8dcddc402f2b"",""hostname"":""kimang-ubuntu""}"
20260919T163805,2026-09-19T16:38:08.654+07:00,matmul,cuda,NVIDIA GeForce RTX 3060,matmul,,,,float32,measure,42,2.2857980002299882,7515.917496765431,GFLOPS,56.125,cuda_max_memory_allocated (exact peak of tensor allocations),,,ok,,,"{""matrix_size"": 2048, ""matmuls_per_sec"": 437.48397710531896, ""flops_per_matmul"": 17179869184.0, ""rel_err_vs_cpu_fp32"": 1.7894292341225082e-06, ""reduced_for_time_budget"": false}","{""torch"":""2.14.0+cu130"",""device_name"":""NVIDIA GeForce RTX 3060"",""seed"":1234,""git_commit"":""02ef55fdd8ca475c0661076be05396562212d8b7"",""code_sha256"":""2aca8dcddc402f2b"",""hostname"":""kimang-ubuntu""}"
20260919T163805,2026-09-19T16:38:08.654+07:00,matmul,cuda,NVIDIA GeForce RTX 3060,matmul,,,,float32,measure,43,2.284221000081743,7521.1064005563385,GFLOPS,56.125,cuda_max_memory_allocated (exact peak of tensor allocations),,,ok,,,"{""matrix_size"": 2048, ""matmuls_per_sec"": 437.78601105769275, ""flops_per_matmul"": 17179869184.0, ""rel_err_vs_cpu_fp32"": 1.7894292341225082e-06, ""reduced_for_time_budget"": false}","{""torch"":""2.14.0+cu130"",""device_name"":""NVIDIA GeForce RTX 3060"",""seed"":1234,""git_commit"":""02ef55fdd8ca475c0661076be05396562212d8b7"",""code_sha256"":""2aca8dcddc402f2b"",""hostname"":""kimang-ubuntu""}"
20260919T163805,2026-09-19T16:38:08.654+07:00,matmul,cuda,NVIDIA GeForce RTX 3060,matmul,,,,float32,measure,44,2.2851940002510673,7517.904030079066,GFLOPS,56.125,cuda_max_memory_allocated (exact peak of tensor allocations),,,ok,,,"{""matrix_size"": 2048, ""matmuls_per_sec"": 437.5996085628323, ""flops_per_matmul"": 17179869184.0, ""rel_err_vs_cpu_fp32"": 1.7894292341225082e-06, ""reduced_for_time_budget"": false}","{""torch"":""2.14.0+cu130"",""device_name"":""NVIDIA GeForce RTX 3060"",""seed"":1234,""git_commit"":""02ef55fdd8ca475c0661076be05396562212d8b7"",""code_sha256"":""2aca8dcddc402f2b"",""hostname"":""kimang-ubuntu""}"
20260919T163805,2026-09-19T16:38:08.654+07:00,matmul,cuda,NVIDIA GeForce RTX 3060,matmul,,,,float32,measure,45,2.2852689999126596,7517.657301900386,GFLOPS,56.125,cuda_max_memory_allocated (exact peak of tensor allocations),,,ok,,,"{""matrix_size"": 2048, ""matmuls_per_sec"": 437.58524709267, ""flops_per_matmul"": 17179869184.0, ""rel_err_vs_cpu_fp32"": 1.7894292341225082e-06, ""reduced_for_time_budget"": false}","{""torch"":""2.14.0+cu130"",""device_name"":""NVIDIA GeForce RTX 3060"",""seed"":1234,""git_commit"":""02ef55fdd8ca475c0661076be05396562212d8b7"",""code_sha256"":""2aca8dcddc402f2b"",""hostname"":""kimang-ubuntu""}"
20260919T163805,2026-09-19T16:38:08.654+07:00,matmul,cuda,NVIDIA GeForce RTX 3060,matmul,,,,float32,measure,46,2.2852680003779824,7517.660589987019,GFLOPS,56.125,cuda_max_memory_allocated (exact peak of tensor allocations),,,ok,,,"{""matrix_size"": 2048, ""matmuls_per_sec"": 437.58543848450176, ""flops_per_matmul"": 17179869184.0, ""rel_err_vs_cpu_fp32"": 1.7894292341225082e-06, ""reduced_for_time_budget"": false}","{""torch"":""2.14.0+cu130"",""device_name"":""NVIDIA GeForce RTX 3060"",""seed"":1234,""git_commit"":""02ef55fdd8ca475c0661076be05396562212d8b7"",""code_sha256"":""2aca8dcddc402f2b"",""hostname"":""kimang-ubuntu""}"
20260919T163805,2026-09-19T16:38:08.654+07:00,matmul,cuda,NVIDIA GeForce RTX 3060,matmul,,,,float32,measure,47,2.284752999912598,7519.355127078159,GFLOPS,56.125,cuda_max_memory_allocated (exact peak of tensor allocations),,,ok,,,"{""matrix_size"": 2048, ""matmuls_per_sec"": 437.6840735249081, ""flops_per_matmul"": 17179869184.0, ""rel_err_vs_cpu_fp32"": 1.7894292341225082e-06, ""reduced_for_time_budget"": false}","{""torch"":""2.14.0+cu130"",""device_name"":""NVIDIA GeForce RTX 3060"",""seed"":1234,""git_commit"":""02ef55fdd8ca475c0661076be05396562212d8b7"",""code_sha256"":""2aca8dcddc402f2b"",""hostname"":""kimang-ubuntu""}"
20260919T163805,2026-09-19T16:38:08.654+07:00,matmul,cuda,NVIDIA GeForce RTX 3060,matmul,,,,float32,measure,48,2.2880189999341383,7508.62173106715,GFLOPS,56.125,cuda_max_memory_allocated (exact peak of tensor allocations),,,ok,,,"{""matrix_size"": 2048, ""matmuls_per_sec"": 437.05930764944935, ""flops_per_matmul"": 17179869184.0, ""rel_err_vs_cpu_fp32"": 1.7894292341225082e-06, ""reduced_for_time_budget"": false}","{""torch"":""2.14.0+cu130"",""device_name"":""NVIDIA GeForce RTX 3060"",""seed"":1234,""git_commit"":""02ef55fdd8ca475c0661076be05396562212d8b7"",""code_sha256"":""2aca8dcddc402f2b"",""hostname"":""kimang-ubuntu""}"
20260919T163805,2026-09-19T16:38:08.654+07:00,matmul,cuda,NVIDIA GeForce RTX 3060,matmul,,,,float32,measure,49,2.2864900001877686,7513.64282484908,GFLOPS,56.125,cuda_max_memory_allocated (exact peak of tensor allocations),,,ok,,,"{""matrix_size"": 2048, ""matmuls_per_sec"": 437.35157377372263, ""flops_per_matmul"": 17179869184.0, ""rel_err_vs_cpu_fp32"": 1.7894292341225082e-06, ""reduced_for_time_budget"": false}","{""torch"":""2.14.0+cu130"",""device_name"":""NVIDIA GeForce RTX 3060"",""seed"":1234,""git_commit"":""02ef55fdd8ca475c0661076be05396562212d8b7"",""code_sha256"":""2aca8dcddc402f2b"",""hostname"":""kimang-ubuntu""}"
20260919T163805,2026-09-19T16:38:09.547+07:00,matmul,cuda,NVIDIA GeForce RTX 3060,matmul,,,,float32,warmup,0,17.15225099997042,8012.881427180434,GFLOPS,200.125,cuda_max_memory_allocated (exact peak of tensor allocations),,,ok,,,"{""matrix_size"": 4096, ""matmuls_per_sec"": 58.30138563164243, ""flops_per_matmul"": 137438953472.0, ""rel_err_vs_cpu_fp32"": null, ""reduced_for_time_budget"": false}","{""torch"":""2.14.0+cu130"",""device_name"":""NVIDIA GeForce RTX 3060"",""seed"":1234,""git_commit"":""02ef55fdd8ca475c0661076be05396562212d8b7"",""code_sha256"":""2aca8dcddc402f2b"",""hostname"":""kimang-ubuntu""}"
20260919T163805,2026-09-19T16:38:09.547+07:00,matmul,cuda,NVIDIA GeForce RTX 3060,matmul,,,,float32,warmup,1,16.998881000290567,8085.1765165984,GFLOPS,200.125,cuda_max_memory_allocated (exact peak of tensor allocations),,,ok,,,"{""matrix_size"": 4096, ""matmuls_per_sec"": 58.82740163796115, ""flops_per_matmul"": 137438953472.0, ""rel_err_vs_cpu_fp32"": null, ""reduced_for_time_budget"": false}","{""torch"":""2.14.0+cu130"",""device_name"":""NVIDIA GeForce RTX 3060"",""seed"":1234,""git_commit"":""02ef55fdd8ca475c0661076be05396562212d8b7"",""code_sha256"":""2aca8dcddc402f2b"",""hostname"":""kimang-ubuntu""}"
20260919T163805,2026-09-19T16:38:09.547+07:00,matmul,cuda,NVIDIA GeForce RTX 3060,matmul,,,,float32,warmup,2,17.47274599983939,7865.904619300443,GFLOPS,200.125,cuda_max_memory_allocated (exact peak of tensor allocations),,,ok,,,"{""matrix_size"": 4096, ""matmuls_per_sec"": 57.23198860723964, ""flops_per_matmul"": 137438953472.0, ""rel_err_vs_cpu_fp32"": null, ""reduced_for_time_budget"": false}","{""torch"":""2.14.0+cu130"",""device_name"":""NVIDIA GeForce RTX 3060"",""seed"":1234,""git_commit"":""02ef55fdd8ca475c0661076be05396562212d8b7"",""code_sha256"":""2aca8dcddc402f2b"",""hostname"":""kimang-ubuntu""}"
20260919T163805,2026-09-19T16:38:09.547+07:00,matmul,cuda,NVIDIA GeForce RTX 3060,matmul,,,,float32,warmup,3,17.887037999571476,7683.71786739049,GFLOPS,200.125,cuda_max_memory_allocated (exact peak of tensor allocations),,,ok,,,"{""matrix_size"": 4096, ""matmuls_per_sec"": 55.90640552247707, ""flops_per_matmul"": 137438953472.0, ""rel_err_vs_cpu_fp32"": null, ""reduced_for_time_budget"": false}","{""torch"":""2.14.0+cu130"",""device_name"":""NVIDIA GeForce RTX 3060"",""seed"":1234,""git_commit"":""02ef55fdd8ca475c0661076be05396562212d8b7"",""code_sha256"":""2aca8dcddc402f2b"",""hostname"":""kimang-ubuntu""}"
20260919T163805,2026-09-19T16:38:09.547+07:00,matmul,cuda,NVIDIA GeForce RTX 3060,matmul,,,,float32,warmup,4,17.927230000168493,7666.491335845429,GFLOPS,200.125,cuda_max_memory_allocated (exact peak of tensor allocations),,,ok,,,"{""matrix_size"": 4096, ""matmuls_per_sec"": 55.78106600911581, ""flops_per_matmul"": 137438953472.0, ""rel_err_vs_cpu_fp32"": null, ""reduced_for_time_budget"": false}","{""torch"":""2.14.0+cu130"",""device_name"":""NVIDIA GeForce RTX 3060"",""seed"":1234,""git_commit"":""02ef55fdd8ca475c0661076be05396562212d8b7"",""code_sha256"":""2aca8dcddc402f2b"",""hostname"":""kimang-ubuntu""}"
20260919T163805,2026-09-19T16:38:09.547+07:00,matmul,cuda,NVIDIA GeForce RTX 3060,matmul,,,,float32,measure,0,17.949482000403805,7656.987174833685,GFLOPS,200.125,cuda_max_memory_allocated (exact peak of tensor allocations),,,ok,,,"{""matrix_size"": 4096, ""matmuls_per_sec"": 55.711914136435986, ""flops_per_matmul"": 137438953472.0, ""rel_err_vs_cpu_fp32"": null, ""reduced_for_time_budget"": false}","{""torch"":""2.14.0+cu130"",""device_name"":""NVIDIA GeForce RTX 3060"",""seed"":1234,""git_commit"":""02ef55fdd8ca475c0661076be05396562212d8b7"",""code_sha256"":""2aca8dcddc402f2b"",""hostname"":""kimang-ubuntu""}"
20260919T163805,2026-09-19T16:38:09.547+07:00,matmul,cuda,NVIDIA GeForce RTX 3060,matmul,,,,float32,measure,1,17.91095699991274,7673.4567266656695,GFLOPS,200.125,cuda_max_memory_allocated (exact peak of tensor allocations),,,ok,,,"{""matrix_size"": 4096, ""matmuls_per_sec"": 55.83174589749011, ""flops_per_matmul"": 137438953472.0, ""rel_err_vs_cpu_fp32"": null, ""reduced_for_time_budget"": false}","{""torch"":""2.14.0+cu130"",""device_name"":""NVIDIA GeForce RTX 3060"",""seed"":1234,""git_commit"":""02ef55fdd8ca475c0661076be05396562212d8b7"",""code_sha256"":""2aca8dcddc402f2b"",""hostname"":""kimang-ubuntu""}"
20260919T163805,2026-09-19T16:38:09.547+07:00,matmul,cuda,NVIDIA GeForce RTX 3060,matmul,,,,float32,measure,2,17.84432200020092,7702.111263765163,GFLOPS,200.125,cuda_max_memory_allocated (exact peak of tensor allocations),,,ok,,,"{""matrix_size"": 4096, ""matmuls_per_sec"": 56.04023509488007, ""flops_per_matmul"": 137438953472.0, ""rel_err_vs_cpu_fp32"": null, ""reduced_for_time_budget"": false}","{""torch"":""2.14.0+cu130"",""device_name"":""NVIDIA GeForce RTX 3060"",""seed"":1234,""git_commit"":""02ef55fdd8ca475c0661076be05396562212d8b7"",""code_sha256"":""2aca8dcddc402f2b"",""hostname"":""kimang-ubuntu""}"
20260919T163805,2026-09-19T16:38:09.547+07:00,matmul,cuda,NVIDIA GeForce RTX 3060,matmul,,,,float32,measure,3,17.843795999397116,7702.338307198962,GFLOPS,200.125,cuda_max_memory_allocated (exact peak of tensor allocations),,,ok,,,"{""matrix_size"": 4096, ""matmuls_per_sec"": 56.041887053280966, ""flops_per_matmul"": 137438953472.0, ""rel_err_vs_cpu_fp32"": null, ""reduced_for_time_budget"": false}","{""torch"":""2.14.0+cu130"",""device_name"":""NVIDIA GeForce RTX 3060"",""seed"":1234,""git_commit"":""02ef55fdd8ca475c0661076be05396562212d8b7"",""code_sha256"":""2aca8dcddc402f2b"",""hostname"":""kimang-ubuntu""}"
20260919T163805,2026-09-19T16:38:09.547+07:00,matmul,cuda,NVIDIA GeForce RTX 3060,matmul,,,,float32,measure,4,17.918412000653916,7670.264165540132,GFLOPS,200.125,cuda_max_memory_allocated (exact peak of tensor allocations),,,ok,,,"{""matrix_size"": 4096, ""matmuls_per_sec"": 55.808516958060004, ""flops_per_matmul"": 137438953472.0, ""rel_err_vs_cpu_fp32"": null, ""reduced_for_time_budget"": false}","{""torch"":""2.14.0+cu130"",""device_name"":""NVIDIA GeForce RTX 3060"",""seed"":1234,""git_commit"":""02ef55fdd8ca475c0661076be05396562212d8b7"",""code_sha256"":""2aca8dcddc402f2b"",""hostname"":""kimang-ubuntu""}"
20260919T163805,2026-09-19T16:38:09.547+07:00,matmul,cuda,NVIDIA GeForce RTX 3060,matmul,,,,float32,measure,5,17.96252199983428,7651.428539559645,GFLOPS,200.125,cuda_max_memory_allocated (exact peak of tensor allocations),,,ok,,,"{""matrix_size"": 4096, ""matmuls_per_sec"": 55.67146974178937, ""flops_per_matmul"": 137438953472.0, ""rel_err_vs_cpu_fp32"": null, ""reduced_for_time_budget"": false}","{""torch"":""2.14.0+cu130"",""device_name"":""NVIDIA GeForce RTX 3060"",""seed"":1234,""git_commit"":""02ef55fdd8ca475c0661076be05396562212d8b7"",""code_sha256"":""2aca8dcddc402f2b"",""hostname"":""kimang-ubuntu""}"
20260919T163805,2026-09-19T16:38:09.547+07:00,matmul,cuda,NVIDIA GeForce RTX 3060,matmul,,,,float32,measure,6,17.978451999624667,7644.648909420526,GFLOPS,200.125,cuda_max_memory_allocated (exact peak of tensor allocations),,,ok,,,"{""matrix_size"": 4096, ""matmuls_per_sec"": 55.6221414402573, ""flops_per_matmul"": 137438953472.0, ""rel_err_vs_cpu_fp32"": null, ""reduced_for_time_budget"": false}","{""torch"":""2.14.0+cu130"",""device_name"":""NVIDIA GeForce RTX 3060"",""seed"":1234,""git_commit"":""02ef55fdd8ca475c0661076be05396562212d8b7"",""code_sha256"":""2aca8dcddc402f2b"",""hostname"":""kimang-ubuntu""}"
20260919T163805,2026-09-19T16:38:09.547+07:00,matmul,cuda,NVIDIA GeForce RTX 3060,matmul,,,,float32,measure,7,18.001290999563935,7634.949819728448,GFLOPS,200.125,cuda_max_memory_allocated (exact peak of tensor allocations),,,ok,,,"{""matrix_size"": 4096, ""matmuls_per_sec"": 55.55157127476158, ""flops_per_matmul"": 137438953472.0, ""rel_err_vs_cpu_fp32"": null, ""reduced_for_time_budget"": false}","{""torch"":""2.14.0+cu130"",""device_name"":""NVIDIA GeForce RTX 3060"",""seed"":1234,""git_commit"":""02ef55fdd8ca475c0661076be05396562212d8b7"",""code_sha256"":""2aca8dcddc402f2b"",""hostname"":""kimang-ubuntu""}"
20260919T163805,2026-09-19T16:38:09.547+07:00,matmul,cuda,NVIDIA GeForce RTX 3060,matmul,,,,float32,measure,8,18.03618399935658,7620.179161894943,GFLOPS,200.125,cuda_max_memory_allocated (exact peak of tensor allocations),,,ok,,,"{""matrix_size"": 4096, ""matmuls_per_sec"": 55.44410059443138, ""flops_per_matmul"": 137438953472.0, ""rel_err_vs_cpu_fp32"": null, ""reduced_for_time_budget"": false}","{""torch"":""2.14.0+cu130"",""device_name"":""NVIDIA GeForce RTX 3060"",""seed"":1234,""git_commit"":""02ef55fdd8ca475c0661076be05396562212d8b7"",""code_sha256"":""2aca8dcddc402f2b"",""hostname"":""kimang-ubuntu""}"
20260919T163805,2026-09-19T16:38:09.547+07:00,matmul,cuda,NVIDIA GeForce RTX 3060,matmul,,,,float32,measure,9,18.072789999678207,7604.7446727620445,GFLOPS,200.125,cuda_max_memory_allocated (exact peak of tensor allocations),,,ok,,,"{""matrix_size"": 4096, ""matmuls_per_sec"": 55.331799905703846, ""flops_per_matmul"": 137438953472.0, ""rel_err_vs_cpu_fp32"": null, ""reduced_for_time_budget"": false}","{""torch"":""2.14.0+cu130"",""device_name"":""NVIDIA GeForce RTX 3060"",""seed"":1234,""git_commit"":""02ef55fdd8ca475c0661076be05396562212d8b7"",""code_sha256"":""2aca8dcddc402f2b"",""hostname"":""kimang-ubuntu""}"
20260919T163805,2026-09-19T16:38:09.547+07:00,matmul,cuda,NVIDIA GeForce RTX 3060,matmul,,,,float32,measure,10,18.05533100014145,7612.098247931498,GFLOPS,200.125,cuda_max_memory_allocated (exact peak of tensor allocations),,,ok,,,"{""matrix_size"": 4096, ""matmuls_per_sec"": 55.3853042069495, ""flops_per_matmul"": 137438953472.0, ""rel_err_vs_cpu_fp32"": null, ""reduced_for_time_budget"": false}","{""torch"":""2.14.0+cu130"",""device_name"":""NVIDIA GeForce RTX 3060"",""seed"":1234,""git_commit"":""02ef55fdd8ca475c0661076be05396562212d8b7"",""code_sha256"":""2aca8dcddc402f2b"",""hostname"":""kimang-ubuntu""}"
20260919T163805,2026-09-19T16:38:09.547+07:00,matmul,cuda,NVIDIA GeForce RTX 3060,matmul,,,,float32,measure,11,18.073192999509047,7604.5751005776065,GFLOPS,200.125,cuda_max_memory_allocated (exact peak of tensor allocations),,,ok,,,"{""matrix_size"": 4096, ""matmuls_per_sec"": 55.33056610567733, ""flops_per_matmul"": 137438953472.0, ""rel_err_vs_cpu_fp32"": null, ""reduced_for_time_budget"": false}","{""torch"":""2.14.0+cu130"",""device_name"":""NVIDIA GeForce RTX 3060"",""seed"":1234,""git_commit"":""02ef55fdd8ca475c0661076be05396562212d8b7"",""code_sha256"":""2aca8dcddc402f2b"",""hostname"":""kimang-ubuntu""}"
20260919T163805,2026-09-19T16:38:09.547+07:00,matmul,cuda,NVIDIA GeForce RTX 3060,matmul,,,,float32,measure,12,18.01500399960787,7629.138104825934,GFLOPS,200.125,cuda_max_memory_allocated (exact peak of tensor allocations),,,ok,,,"{""matrix_size"": 4096, ""matmuls_per_sec"": 55.50928548346516, ""flops_per_matmul"": 137438953472.0, ""rel_err_vs_cpu_fp32"": null, ""reduced_for_time_budget"": false}","{""torch"":""2.14.0+cu130"",""device_name"":""NVIDIA GeForce RTX 3060"",""seed"":1234,""git_commit"":""02ef55fdd8ca475c0661076be05396562212d8b7"",""code_sha256"":""2aca8dcddc402f2b"",""hostname"":""kimang-ubuntu""}"
20260919T163805,2026-09-19T16:38:09.547+07:00,matmul,cuda,NVIDIA GeForce RTX 3060,matmul,,,,float32,measure,13,18.010017000051448,7631.2506241169785,GFLOPS,200.125,cuda_max_memory_allocated (exact peak of tensor allocations),,,ok,,,"{""matrix_size"": 4096, ""matmuls_per_sec"": 55.52465608428595, ""flops_per_matmul"": 137438953472.0, ""rel_err_vs_cpu_fp32"": null, ""reduced_for_time_budget"": false}","{""torch"":""2.14.0+cu130"",""device_name"":""NVIDIA GeForce RTX 3060"",""seed"":1234,""git_commit"":""02ef55fdd8ca475c0661076be05396562212d8b7"",""code_sha256"":""2aca8dcddc402f2b"",""hostname"":""kimang-ubuntu""}"
20260919T163805,2026-09-19T16:38:09.548+07:00,matmul,cuda,NVIDIA GeForce RTX 3060,matmul,,,,float32,measure,14,18.074919000355294,7603.848928412814,GFLOPS,200.125,cuda_max_memory_allocated (exact peak of tensor allocations),,,ok,,,"{""matrix_size"": 4096, ""matmuls_per_sec"": 55.325282507785694, ""flops_per_matmul"": 137438953472.0, ""rel_err_vs_cpu_fp32"": null, ""reduced_for_time_budget"": false}","{""torch"":""2.14.0+cu130"",""device_name"":""NVIDIA GeForce RTX 3060"",""seed"":1234,""git_commit"":""02ef55fdd8ca475c0661076be05396562212d8b7"",""code_sha256"":""2aca8dcddc402f2b"",""hostname"":""kimang-ubuntu""}"
20260919T163805,2026-09-19T16:38:09.548+07:00,matmul,cuda,NVIDIA GeForce RTX 3060,matmul,,,,float32,measure,15,18.062232000374934,7609.189909040425,GFLOPS,200.125,cuda_max_memory_allocated (exact peak of tensor allocations),,,ok,,,"{""matrix_size"": 4096, ""matmuls_per_sec"": 55.36414325645037, ""flops_per_matmul"": 137438953472.0, ""rel_err_vs_cpu_fp32"": null, ""reduced_for_time_budget"": false}","{""torch"":""2.14.0+cu130"",""device_name"":""NVIDIA GeForce RTX 3060"",""seed"":1234,""git_commit"":""02ef55fdd8ca475c0661076be05396562212d8b7"",""code_sha256"":""2aca8dcddc402f2b"",""hostname"":""kimang-ubuntu""}"
20260919T163805,2026-09-19T16:38:09.548+07:00,matmul,cuda,NVIDIA GeForce RTX 3060,matmul,,,,float32,measure,16,18.086537000272074,7598.964548599465,GFLOPS,200.125,cuda_max_memory_allocated (exact peak of tensor allocations),,,ok,,,"{""matrix_size"": 4096, ""matmuls_per_sec"": 55.289743967292196, ""flops_per_matmul"": 137438953472.0, ""rel_err_vs_cpu_fp32"": null, ""reduced_for_time_budget"": false}","{""torch"":""2.14.0+cu130"",""device_name"":""NVIDIA GeForce RTX 3060"",""seed"":1234,""git_commit"":""02ef55fdd8ca475c0661076be05396562212d8b7"",""code_sha256"":""2aca8dcddc402f2b"",""hostname"":""kimang-ubuntu""}"
20260919T163805,2026-09-19T16:38:09.548+07:00,matmul,cuda,NVIDIA GeForce RTX 3060,matmul,,,,float32,measure,17,18.086762999701023,7598.869597300074,GFLOPS,200.125,cuda_max_memory_allocated (exact peak of tensor allocations),,,ok,,,"{""matrix_size"": 4096, ""matmuls_per_sec"": 55.28905310566242, ""flops_per_matmul"": 137438953472.0, ""rel_err_vs_cpu_fp32"": null, ""reduced_for_time_budget"": false}","{""torch"":""2.14.0+cu130"",""device_name"":""NVIDIA GeForce RTX 3060"",""seed"":1234,""git_commit"":""02ef55fdd8ca475c0661076be05396562212d8b7"",""code_sha256"":""2aca8dcddc402f2b"",""hostname"":""kimang-ubuntu""}"
20260919T163805,2026-09-19T16:38:09.548+07:00,matmul,cuda,NVIDIA GeForce RTX 3060,matmul,,,,float32,measure,18,18.085724999764352,7599.305721710949,GFLOPS,200.125,cuda_max_memory_allocated (exact peak of tensor allocations),,,ok,,,"{""matrix_size"": 4096, ""matmuls_per_sec"": 55.292226328390456, ""flops_per_matmul"": 137438953472.0, ""rel_err_vs_cpu_fp32"": null, ""reduced_for_time_budget"": false}","{""torch"":""2.14.0+cu130"",""device_name"":""NVIDIA GeForce RTX 3060"",""seed"":1234,""git_commit"":""02ef55fdd8ca475c0661076be05396562212d8b7"",""code_sha256"":""2aca8dcddc402f2b"",""hostname"":""kimang-ubuntu""}"
20260919T163805,2026-09-19T16:38:09.548+07:00,matmul,cuda,NVIDIA GeForce RTX 3060,matmul,,,,float32,measure,19,18.093752999448043,7595.933993140762,GFLOPS,200.125,cuda_max_memory_allocated (exact peak of tensor allocations),,,ok,,,"{""matrix_size"": 4096, ""matmuls_per_sec"": 55.26769377422724, ""flops_per_matmul"": 137438953472.0, ""rel_err_vs_cpu_fp32"": null, ""reduced_for_time_budget"": false}","{""torch"":""2.14.0+cu130"",""device_name"":""NVIDIA GeForce RTX 3060"",""seed"":1234,""git_commit"":""02ef55fdd8ca475c0661076be05396562212d8b7"",""code_sha256"":""2aca8dcddc402f2b"",""hostname"":""kimang-ubuntu""}"
20260919T163805,2026-09-19T16:38:09.548+07:00,matmul,cuda,NVIDIA GeForce RTX 3060,matmul,,,,float32,measure,20,18.154563999814854,7570.490454819054,GFLOPS,200.125,cuda_max_memory_allocated (exact peak of tensor allocations),,,ok,,,"{""matrix_size"": 4096, ""matmuls_per_sec"": 55.08256766784365, ""flops_per_matmul"": 137438953472.0, ""rel_err_vs_cpu_fp32"": null, ""reduced_for_time_budget"": false}","{""torch"":""2.14.0+cu130"",""device_name"":""NVIDIA GeForce RTX 3060"",""seed"":1234,""git_commit"":""02ef55fdd8ca475c0661076be05396562212d8b7"",""code_sha256"":""2aca8dcddc402f2b"",""hostname"":""kimang-ubuntu""}"
20260919T163805,2026-09-19T16:38:09.548+07:00,matmul,cuda,NVIDIA GeForce RTX 3060,matmul,,,,float32,measure,21,18.09841399972356,7593.977763692403,GFLOPS,200.125,cuda_max_memory_allocated (exact peak of tensor allocations),,,ok,,,"{""matrix_size"": 4096, ""matmuls_per_sec"": 55.25346033167736, ""flops_per_matmul"": 137438953472.0, ""rel_err_vs_cpu_fp32"": null, ""reduced_for_time_budget"": false}","{""torch"":""2.14.0+cu130"",""device_name"":""NVIDIA GeForce RTX 3060"",""seed"":1234,""git_commit"":""02ef55fdd8ca475c0661076be05396562212d8b7"",""code_sha256"":""2aca8dcddc402f2b"",""hostname"":""kimang-ubuntu""}"
20260919T163805,2026-09-19T16:38:09.548+07:00,matmul,cuda,NVIDIA GeForce RTX 3060,matmul,,,,float32,measure,22,18.087923000166484,7598.382272565788,GFLOPS,200.125,cuda_max_memory_allocated (exact peak of tensor allocations),,,ok,,,"{""matrix_size"": 4096, ""matmuls_per_sec"": 55.28550735155141, ""flops_per_matmul"": 137438953472.0, ""rel_err_vs_cpu_fp32"": null, ""reduced_for_time_budget"": false}","{""torch"":""2.14.0+cu130"",""device_name"":""NVIDIA GeForce RTX 3060"",""seed"":1234,""git_commit"":""02ef55fdd8ca475c0661076be05396562212d8b7"",""code_sha256"":""2aca8dcddc402f2b"",""hostname"":""kimang-ubuntu""}"
20260919T163805,2026-09-19T16:38:09.548+07:00,matmul,cuda,NVIDIA GeForce RTX 3060,matmul,,,,float32,measure,23,18.094156000188377,7595.764813267285,GFLOPS,200.125,cuda_max_memory_allocated (exact peak of tensor allocations),,,ok,,,"{""matrix_size"": 4096, ""matmuls_per_sec"": 55.26646282863865, ""flops_per_matmul"": 137438953472.0, ""rel_err_vs_cpu_fp32"": null, ""reduced_for_time_budget"": false}","{""torch"":""2.14.0+cu130"",""device_name"":""NVIDIA GeForce RTX 3060"",""seed"":1234,""git_commit"":""02ef55fdd8ca475c0661076be05396562212d8b7"",""code_sha256"":""2aca8dcddc402f2b"",""hostname"":""kimang-ubuntu""}"
20260919T163805,2026-09-19T16:38:09.548+07:00,matmul,cuda,NVIDIA GeForce RTX 3060,matmul,,,,float32,measure,24,18.087362999722245,7598.617525070435,GFLOPS,200.125,cuda_max_memory_allocated (exact peak of tensor allocations),,,ok,,,"{""matrix_size"": 4096, ""matmuls_per_sec"": 55.28721903880385, ""flops_per_matmul"": 137438953472.0, ""rel_err_vs_cpu_fp32"": null, ""reduced_for_time_budget"": false}","{""torch"":""2.14.0+cu130"",""device_name"":""NVIDIA GeForce RTX 3060"",""seed"":1234,""git_commit"":""02ef55fdd8ca475c0661076be05396562212d8b7"",""code_sha256"":""2aca8dcddc402f2b"",""hostname"":""kimang-ubuntu""}"
20260919T163805,2026-09-19T16:38:09.548+07:00,matmul,cuda,NVIDIA GeForce RTX 3060,matmul,,,,float32,measure,25,18.153457999687816,7570.95168724127,GFLOPS,200.125,cuda_max_memory_allocated (exact peak of tensor allocations),,,ok,,,"{""matrix_size"": 4096, ""matmuls_per_sec"": 55.08592357539797, ""flops_per_matmul"": 137438953472.0, ""rel_err_vs_cpu_fp32"": null, ""reduced_for_time_budget"": false}","{""torch"":""2.14.0+cu130"",""device_name"":""NVIDIA GeForce RTX 3060"",""seed"":1234,""git_commit"":""02ef55fdd8ca475c0661076be05396562212d8b7"",""code_sha256"":""2aca8dcddc402f2b"",""hostname"":""kimang-ubuntu""}"
20260919T163805,2026-09-19T16:38:09.548+07:00,matmul,cuda,NVIDIA GeForce RTX 3060,matmul,,,,float32,measure,26,18.16556399990077,7565.90620983476,GFLOPS,200.125,cuda_max_memory_allocated (exact peak of tensor allocations),,,ok,,,"{""matrix_size"": 4096, ""matmuls_per_sec"": 55.04921289564489, ""flops_per_matmul"": 137438953472.0, ""rel_err_vs_cpu_fp32"": null, ""reduced_for_time_budget"": false}","{""torch"":""2.14.0+cu130"",""device_name"":""NVIDIA GeForce RTX 3060"",""seed"":1234,""git_commit"":""02ef55fdd8ca475c0661076be05396562212d8b7"",""code_sha256"":""2aca8dcddc402f2b"",""hostname"":""kimang-ubuntu""}"
20260919T163805,2026-09-19T16:38:09.548+07:00,matmul,cuda,NVIDIA GeForce RTX 3060,matmul,,,,float32,measure,27,18.16662399960478,7565.464748705649,GFLOPS,200.125,cuda_max_memory_allocated (exact peak of tensor allocations),,,ok,,,"{""matrix_size"": 4096, ""matmuls_per_sec"": 55.04600084318117, ""flops_per_matmul"": 137438953472.0, ""rel_err_vs_cpu_fp32"": null, ""reduced_for_time_budget"": false}","{""torch"":""2.14.0+cu130"",""device_name"":""NVIDIA GeForce RTX 3060"",""seed"":1234,""git_commit"":""02ef55fdd8ca475c0661076be05396562212d8b7"",""code_sha256"":""2aca8dcddc402f2b"",""hostname"":""kimang-ubuntu""}"
20260919T163805,2026-09-19T16:38:09.548+07:00,matmul,cuda,NVIDIA GeForce RTX 3060,matmul,,,,float32,measure,28,18.166005999773915,7565.722122612449,GFLOPS,200.125,cuda_max_memory_allocated (exact peak of tensor allocations),,,ok,,,"{""matrix_size"": 4096, ""matmuls_per_sec"": 55.04787348481804, ""flops_per_matmul"": 137438953472.0, ""rel_err_vs_cpu_fp32"": null, ""reduced_for_time_budget"": false}","{""torch"":""2.14.0+cu130"",""device_name"":""NVIDIA GeForce RTX 3060"",""seed"":1234,""git_commit"":""02ef55fdd8ca475c0661076be05396562212d8b7"",""code_sha256"":""2aca8dcddc402f2b"",""hostname"":""kimang-ubuntu""}"
20260919T163805,2026-09-19T16:38:09.548+07:00,matmul,cuda,NVIDIA GeForce RTX 3060,matmul,,,,float32,measure,29,18.166730999837455,7565.4201888732605,GFLOPS,200.125,cuda_max_memory_allocated (exact peak of tensor allocations),,,ok,,,"{""matrix_size"": 4096, ""matmuls_per_sec"": 55.045676627729414, ""flops_per_matmul"": 137438953472.0, ""rel_err_vs_cpu_fp32"": null, ""reduced_for_time_budget"": false}","{""torch"":""2.14.0+cu130"",""device_name"":""NVIDIA GeForce RTX 3060"",""seed"":1234,""git_commit"":""02ef55fdd8ca475c0661076be05396562212d8b7"",""code_sha256"":""2aca8dcddc402f2b"",""hostname"":""kimang-ubuntu""}"
20260919T163805,2026-09-19T16:38:11.749+07:00,matmul,cuda,NVIDIA GeForce RTX 3060,matmul,,,,float32,warmup,0,112.87598899980367,9740.881453343567,GFLOPS,776.125,cuda_max_memory_allocated (exact peak of tensor allocations),,,ok,,,"{""matrix_size"": 8192, ""matmuls_per_sec"": 8.859280072414155, ""flops_per_matmul"": 1099511627776.0, ""rel_err_vs_cpu_fp32"": null, ""reduced_for_time_budget"": false}","{""torch"":""2.14.0+cu130"",""device_name"":""NVIDIA GeForce RTX 3060"",""seed"":1234,""git_commit"":""02ef55fdd8ca475c0661076be05396562212d8b7"",""code_sha256"":""2aca8dcddc402f2b"",""hostname"":""kimang-ubuntu""}"
20260919T163805,2026-09-19T16:38:11.749+07:00,matmul,cuda,NVIDIA GeForce RTX 3060,matmul,,,,float32,warmup,1,113.91722099961044,9651.847351330314,GFLOPS,776.125,cuda_max_memory_allocated (exact peak of tensor allocations),,,ok,,,"{""matrix_size"": 8192, ""matmuls_per_sec"": 8.778304028355992, ""flops_per_matmul"": 1099511627776.0, ""rel_err_vs_cpu_fp32"": null, ""reduced_for_time_budget"": false}","{""torch"":""2.14.0+cu130"",""device_name"":""NVIDIA GeForce RTX 3060"",""seed"":1234,""git_commit"":""02ef55fdd8ca475c0661076be05396562212d8b7"",""code_sha256"":""2aca8dcddc402f2b"",""hostname"":""kimang-ubuntu""}"
20260919T163805,2026-09-19T16:38:11.749+07:00,matmul,cuda,NVIDIA GeForce RTX 3060,matmul,,,,float32,measure,0,114.64318999969692,9590.72778574032,GFLOPS,776.125,cuda_max_memory_allocated (exact peak of tensor allocations),,,ok,,,"{""matrix_size"": 8192, ""matmuls_per_sec"": 8.722716107277229, ""flops_per_matmul"": 1099511627776.0, ""rel_err_vs_cpu_fp32"": null, ""reduced_for_time_budget"": false}","{""torch"":""2.14.0+cu130"",""device_name"":""NVIDIA GeForce RTX 3060"",""seed"":1234,""git_commit"":""02ef55fdd8ca475c0661076be05396562212d8b7"",""code_sha256"":""2aca8dcddc402f2b"",""hostname"":""kimang-ubuntu""}"
20260919T163805,2026-09-19T16:38:11.750+07:00,matmul,cuda,NVIDIA GeForce RTX 3060,matmul,,,,float32,measure,1,115.49306699998851,9520.152649302398,GFLOPS,776.125,cuda_max_memory_allocated (exact peak of tensor allocations),,,ok,,,"{""matrix_size"": 8192, ""matmuls_per_sec"": 8.658528394610038, ""flops_per_matmul"": 1099511627776.0, ""rel_err_vs_cpu_fp32"": null, ""reduced_for_time_budget"": false}","{""torch"":""2.14.0+cu130"",""device_name"":""NVIDIA GeForce RTX 3060"",""seed"":1234,""git_commit"":""02ef55fdd8ca475c0661076be05396562212d8b7"",""code_sha256"":""2aca8dcddc402f2b"",""hostname"":""kimang-ubuntu""}"
20260919T163805,2026-09-19T16:38:11.750+07:00,matmul,cuda,NVIDIA GeForce RTX 3060,matmul,,,,float32,measure,2,116.04027400062478,9475.258803422681,GFLOPS,776.125,cuda_max_memory_allocated (exact peak of tensor allocations),,,ok,,,"{""matrix_size"": 8192, ""matmuls_per_sec"": 8.617697679640225, ""flops_per_matmul"": 1099511627776.0, ""rel_err_vs_cpu_fp32"": null, ""reduced_for_time_budget"": false}","{""torch"":""2.14.0+cu130"",""device_name"":""NVIDIA GeForce RTX 3060"",""seed"":1234,""git_commit"":""02ef55fdd8ca475c0661076be05396562212d8b7"",""code_sha256"":""2aca8dcddc402f2b"",""hostname"":""kimang-ubuntu""}"
20260919T163805,2026-09-19T16:38:11.750+07:00,matmul,cuda,NVIDIA GeForce RTX 3060,matmul,,,,float32,measure,3,115.94059100025333,9483.405408668285,GFLOPS,776.125,cuda_max_memory_allocated (exact peak of tensor allocations),,,ok,,,"{""matrix_size"": 8192, ""matmuls_per_sec"": 8.625106973948537, ""flops_per_matmul"": 1099511627776.0, ""rel_err_vs_cpu_fp32"": null, ""reduced_for_time_budget"": false}","{""torch"":""2.14.0+cu130"",""device_name"":""NVIDIA GeForce RTX 3060"",""seed"":1234,""git_commit"":""02ef55fdd8ca475c0661076be05396562212d8b7"",""code_sha256"":""2aca8dcddc402f2b"",""hostname"":""kimang-ubuntu""}"
20260919T163805,2026-09-19T16:38:11.750+07:00,matmul,cuda,NVIDIA GeForce RTX 3060,matmul,,,,float32,measure,4,116.04180199992697,9475.134036411222,GFLOPS,776.125,cuda_max_memory_allocated (exact peak of tensor allocations),,,ok,,,"{""matrix_size"": 8192, ""matmuls_per_sec"": 8.617584204704347, ""flops_per_matmul"": 1099511627776.0, ""rel_err_vs_cpu_fp32"": null, ""reduced_for_time_budget"": false}","{""torch"":""2.14.0+cu130"",""device_name"":""NVIDIA GeForce RTX 3060"",""seed"":1234,""git_commit"":""02ef55fdd8ca475c0661076be05396562212d8b7"",""code_sha256"":""2aca8dcddc402f2b"",""hostname"":""kimang-ubuntu""}"
20260919T163805,2026-09-19T16:38:11.750+07:00,matmul,cuda,NVIDIA GeForce RTX 3060,matmul,,,,float32,measure,5,120.0674510000681,9157.449572035775,GFLOPS,776.125,cuda_max_memory_allocated (exact peak of tensor allocations),,,ok,,,"{""matrix_size"": 8192, ""matmuls_per_sec"": 8.328651867519307, ""flops_per_matmul"": 1099511627776.0, ""rel_err_vs_cpu_fp32"": null, ""reduced_for_time_budget"": false}","{""torch"":""2.14.0+cu130"",""device_name"":""NVIDIA GeForce RTX 3060"",""seed"":1234,""git_commit"":""02ef55fdd8ca475c0661076be05396562212d8b7"",""code_sha256"":""2aca8dcddc402f2b"",""hostname"":""kimang-ubuntu""}"
20260919T163805,2026-09-19T16:38:11.750+07:00,matmul,cuda,NVIDIA GeForce RTX 3060,matmul,,,,float32,measure,6,120.09820399998716,9155.104665646104,GFLOPS,776.125,cuda_max_memory_allocated (exact peak of tensor allocations),,,ok,,,"{""matrix_size"": 8192, ""matmuls_per_sec"": 8.326519187581747, ""flops_per_matmul"": 1099511627776.0, ""rel_err_vs_cpu_fp32"": null, ""reduced_for_time_budget"": false}","{""torch"":""2.14.0+cu130"",""device_name"":""NVIDIA GeForce RTX 3060"",""seed"":1234,""git_commit"":""02ef55fdd8ca475c0661076be05396562212d8b7"",""code_sha256"":""2aca8dcddc402f2b"",""hostname"":""kimang-ubuntu""}"
20260919T163805,2026-09-19T16:38:11.750+07:00,matmul,cuda,NVIDIA GeForce RTX 3060,matmul,,,,float32,measure,7,117.33512000046176,9370.695046561277,GFLOPS,776.125,cuda_max_memory_allocated (exact peak of tensor allocations),,,ok,,,"{""matrix_size"": 8192, ""matmuls_per_sec"": 8.522597496777305, ""flops_per_matmul"": 1099511627776.0, ""rel_err_vs_cpu_fp32"": null, ""reduced_for_time_budget"": false}","{""torch"":""2.14.0+cu130"",""device_name"":""NVIDIA GeForce RTX 3060"",""seed"":1234,""git_commit"":""02ef55fdd8ca475c0661076be05396562212d8b7"",""code_sha256"":""2aca8dcddc402f2b"",""hostname"":""kimang-ubuntu""}"
20260919T163805,2026-09-19T16:38:11.750+07:00,matmul,cuda,NVIDIA GeForce RTX 3060,matmul,,,,float32,measure,8,117.24692799998593,9377.743592362027,GFLOPS,776.125,cuda_max_memory_allocated (exact peak of tensor allocations),,,ok,,,"{""matrix_size"": 8192, ""matmuls_per_sec"": 8.52900811183829, ""flops_per_matmul"": 1099511627776.0, ""rel_err_vs_cpu_fp32"": null, ""reduced_for_time_budget"": false}","{""torch"":""2.14.0+cu130"",""device_name"":""NVIDIA GeForce RTX 3060"",""seed"":1234,""git_commit"":""02ef55fdd8ca475c0661076be05396562212d8b7"",""code_sha256"":""2aca8dcddc402f2b"",""hostname"":""kimang-ubuntu""}"
20260919T163805,2026-09-19T16:38:11.750+07:00,matmul,cuda,NVIDIA GeForce RTX 3060,matmul,,,,float32,measure,9,117.04489200019452,9393.930901095391,GFLOPS,776.125,cuda_max_memory_allocated (exact peak of tensor allocations),,,ok,,,"{""matrix_size"": 8192, ""matmuls_per_sec"": 8.543730383367247, ""flops_per_matmul"": 1099511627776.0, ""rel_err_vs_cpu_fp32"": null, ""reduced_for_time_budget"": false}","{""torch"":""2.14.0+cu130"",""device_name"":""NVIDIA GeForce RTX 3060"",""seed"":1234,""git_commit"":""02ef55fdd8ca475c0661076be05396562212d8b7"",""code_sha256"":""2aca8dcddc402f2b"",""hostname"":""kimang-ubuntu""}"
