run_id,timestamp,experiment,backend,device,model,dataset,batch_size,sequence_length,precision,phase,iteration,latency_ms,throughput,throughput_unit,memory_mb,memory_kind,loss,accuracy,status,error_type,error,extra,metadata
20260919T163805,2026-09-19T16:39:04.345+07:00,transformer,cuda,NVIDIA GeForce RTX 3060,gpt,synthetic_markov,8,128,fp32,warmup,0,211.37712899962935,4844.42193366055,tokens/s,,,8.370002746582031,,ok,,,"{""n_params"": 4240896, ""d_model"": 256, ""n_layers"": 4, ""n_heads"": 4, ""tokens_per_step"": 1024, ""entropy_floor_loss"": 1.3862943611198906, ""step_ms"": 211.37712899962935}","{""torch"":""2.14.0+cu130"",""device_name"":""NVIDIA GeForce RTX 3060"",""seed"":1234,""git_commit"":""02ef55fdd8ca475c0661076be05396562212d8b7"",""code_sha256"":""2aca8dcddc402f2b"",""hostname"":""kimang-ubuntu""}"
20260919T163805,2026-09-19T16:39:04.354+07:00,transformer,cuda,NVIDIA GeForce RTX 3060,gpt,synthetic_markov,8,128,fp32,warmup,1,8.72648200038384,117343.96518035089,tokens/s,,,8.3519926071167,,ok,,,"{""n_params"": 4240896, ""d_model"": 256, ""n_layers"": 4, ""n_heads"": 4, ""tokens_per_step"": 1024, ""entropy_floor_loss"": 1.3862943611198906, ""step_ms"": 8.72648200038384}","{""torch"":""2.14.0+cu130"",""device_name"":""NVIDIA GeForce RTX 3060"",""seed"":1234,""git_commit"":""02ef55fdd8ca475c0661076be05396562212d8b7"",""code_sha256"":""2aca8dcddc402f2b"",""hostname"":""kimang-ubuntu""}"
20260919T163805,2026-09-19T16:39:04.363+07:00,transformer,cuda,NVIDIA GeForce RTX 3060,gpt,synthetic_markov,8,128,fp32,warmup,2,8.7828100004117,116591.38703353475,tokens/s,,,8.352470397949219,,ok,,,"{""n_params"": 4240896, ""d_model"": 256, ""n_layers"": 4, ""n_heads"": 4, ""tokens_per_step"": 1024, ""entropy_floor_loss"": 1.3862943611198906, ""step_ms"": 8.7828100004117}","{""torch"":""2.14.0+cu130"",""device_name"":""NVIDIA GeForce RTX 3060"",""seed"":1234,""git_commit"":""02ef55fdd8ca475c0661076be05396562212d8b7"",""code_sha256"":""2aca8dcddc402f2b"",""hostname"":""kimang-ubuntu""}"
20260919T163805,2026-09-19T16:39:04.372+07:00,transformer,cuda,NVIDIA GeForce RTX 3060,gpt,synthetic_markov,8,128,fp32,measure,0,8.752952000577352,116989.10264016713,tokens/s,,,8.33617877960205,,ok,,,"{""n_params"": 4240896, ""d_model"": 256, ""n_layers"": 4, ""n_heads"": 4, ""tokens_per_step"": 1024, ""entropy_floor_loss"": 1.3862943611198906, ""step_ms"": 8.752952000577352}","{""torch"":""2.14.0+cu130"",""device_name"":""NVIDIA GeForce RTX 3060"",""seed"":1234,""git_commit"":""02ef55fdd8ca475c0661076be05396562212d8b7"",""code_sha256"":""2aca8dcddc402f2b"",""hostname"":""kimang-ubuntu""}"
20260919T163805,2026-09-19T16:39:04.381+07:00,transformer,cuda,NVIDIA GeForce RTX 3060,gpt,synthetic_markov,8,128,fp32,measure,1,8.656155000608123,118297.3271536913,tokens/s,,,8.318805694580078,,ok,,,"{""n_params"": 4240896, ""d_model"": 256, ""n_layers"": 4, ""n_heads"": 4, ""tokens_per_step"": 1024, ""entropy_floor_loss"": 1.3862943611198906, ""step_ms"": 8.656155000608123}","{""torch"":""2.14.0+cu130"",""device_name"":""NVIDIA GeForce RTX 3060"",""seed"":1234,""git_commit"":""02ef55fdd8ca475c0661076be05396562212d8b7"",""code_sha256"":""2aca8dcddc402f2b"",""hostname"":""kimang-ubuntu""}"
20260919T163805,2026-09-19T16:39:04.389+07:00,transformer,cuda,NVIDIA GeForce RTX 3060,gpt,synthetic_markov,8,128,fp32,measure,2,8.474535000459582,120832.5884481529,tokens/s,,,8.323053359985352,,ok,,,"{""n_params"": 4240896, ""d_model"": 256, ""n_layers"": 4, ""n_heads"": 4, ""tokens_per_step"": 1024, ""entropy_floor_loss"": 1.3862943611198906, ""step_ms"": 8.474535000459582}","{""torch"":""2.14.0+cu130"",""device_name"":""NVIDIA GeForce RTX 3060"",""seed"":1234,""git_commit"":""02ef55fdd8ca475c0661076be05396562212d8b7"",""code_sha256"":""2aca8dcddc402f2b"",""hostname"":""kimang-ubuntu""}"
20260919T163805,2026-09-19T16:39:04.398+07:00,transformer,cuda,NVIDIA GeForce RTX 3060,gpt,synthetic_markov,8,128,fp32,measure,3,8.455279000372684,121107.77183755439,tokens/s,,,8.29788589477539,,ok,,,"{""n_params"": 4240896, ""d_model"": 256, ""n_layers"": 4, ""n_heads"": 4, ""tokens_per_step"": 1024, ""entropy_floor_loss"": 1.3862943611198906, ""step_ms"": 8.455279000372684}","{""torch"":""2.14.0+cu130"",""device_name"":""NVIDIA GeForce RTX 3060"",""seed"":1234,""git_commit"":""02ef55fdd8ca475c0661076be05396562212d8b7"",""code_sha256"":""2aca8dcddc402f2b"",""hostname"":""kimang-ubuntu""}"
20260919T163805,2026-09-19T16:39:04.406+07:00,transformer,cuda,NVIDIA GeForce RTX 3060,gpt,synthetic_markov,8,128,fp32,measure,4,8.422585000516847,121577.87661830221,tokens/s,,,8.315505981445312,,ok,,,"{""n_params"": 4240896, ""d_model"": 256, ""n_layers"": 4, ""n_heads"": 4, ""tokens_per_step"": 1024, ""entropy_floor_loss"": 1.3862943611198906, ""step_ms"": 8.422585000516847}","{""torch"":""2.14.0+cu130"",""device_name"":""NVIDIA GeForce RTX 3060"",""seed"":1234,""git_commit"":""02ef55fdd8ca475c0661076be05396562212d8b7"",""code_sha256"":""2aca8dcddc402f2b"",""hostname"":""kimang-ubuntu""}"
20260919T163805,2026-09-19T16:39:04.415+07:00,transformer,cuda,NVIDIA GeForce RTX 3060,gpt,synthetic_markov,8,128,fp32,measure,5,8.450037999864435,121182.88699014467,tokens/s,,,8.294883728027344,,ok,,,"{""n_params"": 4240896, ""d_model"": 256, ""n_layers"": 4, ""n_heads"": 4, ""tokens_per_step"": 1024, ""entropy_floor_loss"": 1.3862943611198906, ""step_ms"": 8.450037999864435}","{""torch"":""2.14.0+cu130"",""device_name"":""NVIDIA GeForce RTX 3060"",""seed"":1234,""git_commit"":""02ef55fdd8ca475c0661076be05396562212d8b7"",""code_sha256"":""2aca8dcddc402f2b"",""hostname"":""kimang-ubuntu""}"
20260919T163805,2026-09-19T16:39:04.423+07:00,transformer,cuda,NVIDIA GeForce RTX 3060,gpt,synthetic_markov,8,128,fp32,measure,6,8.409905000007711,121761.18517379936,tokens/s,,,8.268287658691406,,ok,,,"{""n_params"": 4240896, ""d_model"": 256, ""n_layers"": 4, ""n_heads"": 4, ""tokens_per_step"": 1024, ""entropy_floor_loss"": 1.3862943611198906, ""step_ms"": 8.409905000007711}","{""torch"":""2.14.0+cu130"",""device_name"":""NVIDIA GeForce RTX 3060"",""seed"":1234,""git_commit"":""02ef55fdd8ca475c0661076be05396562212d8b7"",""code_sha256"":""2aca8dcddc402f2b"",""hostname"":""kimang-ubuntu""}"
20260919T163805,2026-09-19T16:39:04.432+07:00,transformer,cuda,NVIDIA GeForce RTX 3060,gpt,synthetic_markov,8,128,fp32,measure,7,8.436662999883993,121375.00336496555,tokens/s,,,8.277718544006348,,ok,,,"{""n_params"": 4240896, ""d_model"": 256, ""n_layers"": 4, ""n_heads"": 4, ""tokens_per_step"": 1024, ""entropy_floor_loss"": 1.3862943611198906, ""step_ms"": 8.436662999883993}","{""torch"":""2.14.0+cu130"",""device_name"":""NVIDIA GeForce RTX 3060"",""seed"":1234,""git_commit"":""02ef55fdd8ca475c0661076be05396562212d8b7"",""code_sha256"":""2aca8dcddc402f2b"",""hostname"":""kimang-ubuntu""}"
20260919T163805,2026-09-19T16:39:04.440+07:00,transformer,cuda,NVIDIA GeForce RTX 3060,gpt,synthetic_markov,8,128,fp32,measure,8,8.452304999991611,121150.38442188448,tokens/s,,,8.28697395324707,,ok,,,"{""n_params"": 4240896, ""d_model"": 256, ""n_layers"": 4, ""n_heads"": 4, ""tokens_per_step"": 1024, ""entropy_floor_loss"": 1.3862943611198906, ""step_ms"": 8.452304999991611}","{""torch"":""2.14.0+cu130"",""device_name"":""NVIDIA GeForce RTX 3060"",""seed"":1234,""git_commit"":""02ef55fdd8ca475c0661076be05396562212d8b7"",""code_sha256"":""2aca8dcddc402f2b"",""hostname"":""kimang-ubuntu""}"
20260919T163805,2026-09-19T16:39:04.449+07:00,transformer,cuda,NVIDIA GeForce RTX 3060,gpt,synthetic_markov,8,128,fp32,measure,9,8.434372999545303,121407.95765793187,tokens/s,,,8.276728630065918,,ok,,,"{""n_params"": 4240896, ""d_model"": 256, ""n_layers"": 4, ""n_heads"": 4, ""tokens_per_step"": 1024, ""entropy_floor_loss"": 1.3862943611198906, ""step_ms"": 8.434372999545303}","{""torch"":""2.14.0+cu130"",""device_name"":""NVIDIA GeForce RTX 3060"",""seed"":1234,""git_commit"":""02ef55fdd8ca475c0661076be05396562212d8b7"",""code_sha256"":""2aca8dcddc402f2b"",""hostname"":""kimang-ubuntu""}"
20260919T163805,2026-09-19T16:39:04.457+07:00,transformer,cuda,NVIDIA GeForce RTX 3060,gpt,synthetic_markov,8,128,fp32,measure,10,8.460779999950319,121029.03042107381,tokens/s,,,8.249574661254883,,ok,,,"{""n_params"": 4240896, ""d_model"": 256, ""n_layers"": 4, ""n_heads"": 4, ""tokens_per_step"": 1024, ""entropy_floor_loss"": 1.3862943611198906, ""step_ms"": 8.460779999950319}","{""torch"":""2.14.0+cu130"",""device_name"":""NVIDIA GeForce RTX 3060"",""seed"":1234,""git_commit"":""02ef55fdd8ca475c0661076be05396562212d8b7"",""code_sha256"":""2aca8dcddc402f2b"",""hostname"":""kimang-ubuntu""}"
20260919T163805,2026-09-19T16:39:04.466+07:00,transformer,cuda,NVIDIA GeForce RTX 3060,gpt,synthetic_markov,8,128,fp32,measure,11,8.48407400008,120696.73130978635,tokens/s,,,8.263585090637207,,ok,,,"{""n_params"": 4240896, ""d_model"": 256, ""n_layers"": 4, ""n_heads"": 4, ""tokens_per_step"": 1024, ""entropy_floor_loss"": 1.3862943611198906, ""step_ms"": 8.48407400008}","{""torch"":""2.14.0+cu130"",""device_name"":""NVIDIA GeForce RTX 3060"",""seed"":1234,""git_commit"":""02ef55fdd8ca475c0661076be05396562212d8b7"",""code_sha256"":""2aca8dcddc402f2b"",""hostname"":""kimang-ubuntu""}"
20260919T163805,2026-09-19T16:39:04.475+07:00,transformer,cuda,NVIDIA GeForce RTX 3060,gpt,synthetic_markov,8,128,fp32,measure,12,8.436228999926243,121381.24747549559,tokens/s,,,8.243084907531738,,ok,,,"{""n_params"": 4240896, ""d_model"": 256, ""n_layers"": 4, ""n_heads"": 4, ""tokens_per_step"": 1024, ""entropy_floor_loss"": 1.3862943611198906, ""step_ms"": 8.436228999926243}","{""torch"":""2.14.0+cu130"",""device_name"":""NVIDIA GeForce RTX 3060"",""seed"":1234,""git_commit"":""02ef55fdd8ca475c0661076be05396562212d8b7"",""code_sha256"":""2aca8dcddc402f2b"",""hostname"":""kimang-ubuntu""}"
20260919T163805,2026-09-19T16:39:04.483+07:00,transformer,cuda,NVIDIA GeForce RTX 3060,gpt,synthetic_markov,8,128,fp32,measure,13,8.416826000029687,121661.06320795848,tokens/s,,,8.24203872680664,,ok,,,"{""n_params"": 4240896, ""d_model"": 256, ""n_layers"": 4, ""n_heads"": 4, ""tokens_per_step"": 1024, ""entropy_floor_loss"": 1.3862943611198906, ""step_ms"": 8.416826000029687}","{""torch"":""2.14.0+cu130"",""device_name"":""NVIDIA GeForce RTX 3060"",""seed"":1234,""git_commit"":""02ef55fdd8ca475c0661076be05396562212d8b7"",""code_sha256"":""2aca8dcddc402f2b"",""hostname"":""kimang-ubuntu""}"
20260919T163805,2026-09-19T16:39:04.492+07:00,transformer,cuda,NVIDIA GeForce RTX 3060,gpt,synthetic_markov,8,128,fp32,measure,14,8.422803000030399,121574.72993210268,tokens/s,,,8.226358413696289,,ok,,,"{""n_params"": 4240896, ""d_model"": 256, ""n_layers"": 4, ""n_heads"": 4, ""tokens_per_step"": 1024, ""entropy_floor_loss"": 1.3862943611198906, ""step_ms"": 8.422803000030399}","{""torch"":""2.14.0+cu130"",""device_name"":""NVIDIA GeForce RTX 3060"",""seed"":1234,""git_commit"":""02ef55fdd8ca475c0661076be05396562212d8b7"",""code_sha256"":""2aca8dcddc402f2b"",""hostname"":""kimang-ubuntu""}"
20260919T163805,2026-09-19T16:39:04.500+07:00,transformer,cuda,NVIDIA GeForce RTX 3060,gpt,synthetic_markov,8,128,fp32,measure,15,8.43965300009586,121332.00262953574,tokens/s,,,8.223438262939453,,ok,,,"{""n_params"": 4240896, ""d_model"": 256, ""n_layers"": 4, ""n_heads"": 4, ""tokens_per_step"": 1024, ""entropy_floor_loss"": 1.3862943611198906, ""step_ms"": 8.43965300009586}","{""torch"":""2.14.0+cu130"",""device_name"":""NVIDIA GeForce RTX 3060"",""seed"":1234,""git_commit"":""02ef55fdd8ca475c0661076be05396562212d8b7"",""code_sha256"":""2aca8dcddc402f2b"",""hostname"":""kimang-ubuntu""}"
20260919T163805,2026-09-19T16:39:04.509+07:00,transformer,cuda,NVIDIA GeForce RTX 3060,gpt,synthetic_markov,8,128,fp32,measure,16,8.476813999550359,120800.10249774464,tokens/s,,,8.238741874694824,,ok,,,"{""n_params"": 4240896, ""d_model"": 256, ""n_layers"": 4, ""n_heads"": 4, ""tokens_per_step"": 1024, ""entropy_floor_loss"": 1.3862943611198906, ""step_ms"": 8.476813999550359}","{""torch"":""2.14.0+cu130"",""device_name"":""NVIDIA GeForce RTX 3060"",""seed"":1234,""git_commit"":""02ef55fdd8ca475c0661076be05396562212d8b7"",""code_sha256"":""2aca8dcddc402f2b"",""hostname"":""kimang-ubuntu""}"
20260919T163805,2026-09-19T16:39:04.517+07:00,transformer,cuda,NVIDIA GeForce RTX 3060,gpt,synthetic_markov,8,128,fp32,measure,17,8.422820999840042,121574.47012342383,tokens/s,,,8.223419189453125,,ok,,,"{""n_params"": 4240896, ""d_model"": 256, ""n_layers"": 4, ""n_heads"": 4, ""tokens_per_step"": 1024, ""entropy_floor_loss"": 1.3862943611198906, ""step_ms"": 8.422820999840042}","{""torch"":""2.14.0+cu130"",""device_name"":""NVIDIA GeForce RTX 3060"",""seed"":1234,""git_commit"":""02ef55fdd8ca475c0661076be05396562212d8b7"",""code_sha256"":""2aca8dcddc402f2b"",""hostname"":""kimang-ubuntu""}"
20260919T163805,2026-09-19T16:39:04.526+07:00,transformer,cuda,NVIDIA GeForce RTX 3060,gpt,synthetic_markov,8,128,fp32,measure,18,8.434890999524214,121400.50180349227,tokens/s,,,8.217801094055176,,ok,,,"{""n_params"": 4240896, ""d_model"": 256, ""n_layers"": 4, ""n_heads"": 4, ""tokens_per_step"": 1024, ""entropy_floor_loss"": 1.3862943611198906, ""step_ms"": 8.434890999524214}","{""torch"":""2.14.0+cu130"",""device_name"":""NVIDIA GeForce RTX 3060"",""seed"":1234,""git_commit"":""02ef55fdd8ca475c0661076be05396562212d8b7"",""code_sha256"":""2aca8dcddc402f2b"",""hostname"":""kimang-ubuntu""}"
20260919T163805,2026-09-19T16:39:04.534+07:00,transformer,cuda,NVIDIA GeForce RTX 3060,gpt,synthetic_markov,8,128,fp32,measure,19,8.413298000050418,121712.08008962283,tokens/s,,,8.193924903869629,,ok,,,"{""n_params"": 4240896, ""d_model"": 256, ""n_layers"": 4, ""n_heads"": 4, ""tokens_per_step"": 1024, ""entropy_floor_loss"": 1.3862943611198906, ""step_ms"": 8.413298000050418}","{""torch"":""2.14.0+cu130"",""device_name"":""NVIDIA GeForce RTX 3060"",""seed"":1234,""git_commit"":""02ef55fdd8ca475c0661076be05396562212d8b7"",""code_sha256"":""2aca8dcddc402f2b"",""hostname"":""kimang-ubuntu""}"
20260919T163805,2026-09-19T16:39:04.535+07:00,transformer,cuda,NVIDIA GeForce RTX 3060,gpt,synthetic_markov,8,128,fp32,config,,,,,196.68017578125,cuda_max_memory_allocated (exact peak of tensor allocations),,,ok,,,"{""n_params"": 4240896, ""d_model"": 256, ""n_layers"": 4, ""n_heads"": 4, ""tokens_per_step"": 1024, ""entropy_floor_loss"": 1.3862943611198906, ""process_rss_mb"": 1210.265625, ""cuda_allocated_mb"": 81.8359375, ""cuda_reserved_mb"": 220.0, ""cuda_peak_allocated_mb"": 196.68017578125, ""cuda_peak_reserved_mb"": 220.0}","{""torch"":""2.14.0+cu130"",""device_name"":""NVIDIA GeForce RTX 3060"",""seed"":1234,""git_commit"":""02ef55fdd8ca475c0661076be05396562212d8b7"",""code_sha256"":""2aca8dcddc402f2b"",""hostname"":""kimang-ubuntu""}"
20260919T163805,2026-09-19T16:39:04.690+07:00,transformer,cuda,NVIDIA GeForce RTX 3060,gpt,synthetic_markov,8,256,fp32,warmup,0,15.581282000312058,131439.76214274173,tokens/s,,,8.381939888000488,,ok,,,"{""n_params"": 4273664, ""d_model"": 256, ""n_layers"": 4, ""n_heads"": 4, ""tokens_per_step"": 2048, ""entropy_floor_loss"": 1.3862943611198906, ""step_ms"": 15.581282000312058}","{""torch"":""2.14.0+cu130"",""device_name"":""NVIDIA GeForce RTX 3060"",""seed"":1234,""git_commit"":""02ef55fdd8ca475c0661076be05396562212d8b7"",""code_sha256"":""2aca8dcddc402f2b"",""hostname"":""kimang-ubuntu""}"
20260919T163805,2026-09-19T16:39:04.705+07:00,transformer,cuda,NVIDIA GeForce RTX 3060,gpt,synthetic_markov,8,256,fp32,warmup,1,15.218630000163103,134571.90298851152,tokens/s,,,8.353320121765137,,ok,,,"{""n_params"": 4273664, ""d_model"": 256, ""n_layers"": 4, ""n_heads"": 4, ""tokens_per_step"": 2048, ""entropy_floor_loss"": 1.3862943611198906, ""step_ms"": 15.218630000163103}","{""torch"":""2.14.0+cu130"",""device_name"":""NVIDIA GeForce RTX 3060"",""seed"":1234,""git_commit"":""02ef55fdd8ca475c0661076be05396562212d8b7"",""code_sha256"":""2aca8dcddc402f2b"",""hostname"":""kimang-ubuntu""}"
20260919T163805,2026-09-19T16:39:04.720+07:00,transformer,cuda,NVIDIA GeForce RTX 3060,gpt,synthetic_markov,8,256,fp32,warmup,2,15.174250000200118,134965.4842890417,tokens/s,,,8.348281860351562,,ok,,,"{""n_params"": 4273664, ""d_model"": 256, ""n_layers"": 4, ""n_heads"": 4, ""tokens_per_step"": 2048, ""entropy_floor_loss"": 1.3862943611198906, ""step_ms"": 15.174250000200118}","{""torch"":""2.14.0+cu130"",""device_name"":""NVIDIA GeForce RTX 3060"",""seed"":1234,""git_commit"":""02ef55fdd8ca475c0661076be05396562212d8b7"",""code_sha256"":""2aca8dcddc402f2b"",""hostname"":""kimang-ubuntu""}"
20260919T163805,2026-09-19T16:39:04.736+07:00,transformer,cuda,NVIDIA GeForce RTX 3060,gpt,synthetic_markov,8,256,fp32,measure,0,15.26167500014708,134192.34782422395,tokens/s,,,8.324804306030273,,ok,,,"{""n_params"": 4273664, ""d_model"": 256, ""n_layers"": 4, ""n_heads"": 4, ""tokens_per_step"": 2048, ""entropy_floor_loss"": 1.3862943611198906, ""step_ms"": 15.26167500014708}","{""torch"":""2.14.0+cu130"",""device_name"":""NVIDIA GeForce RTX 3060"",""seed"":1234,""git_commit"":""02ef55fdd8ca475c0661076be05396562212d8b7"",""code_sha256"":""2aca8dcddc402f2b"",""hostname"":""kimang-ubuntu""}"
20260919T163805,2026-09-19T16:39:04.751+07:00,transformer,cuda,NVIDIA GeForce RTX 3060,gpt,synthetic_markov,8,256,fp32,measure,1,15.237397999953828,134406.1499218046,tokens/s,,,8.313631057739258,,ok,,,"{""n_params"": 4273664, ""d_model"": 256, ""n_layers"": 4, ""n_heads"": 4, ""tokens_per_step"": 2048, ""entropy_floor_loss"": 1.3862943611198906, ""step_ms"": 15.237397999953828}","{""torch"":""2.14.0+cu130"",""device_name"":""NVIDIA GeForce RTX 3060"",""seed"":1234,""git_commit"":""02ef55fdd8ca475c0661076be05396562212d8b7"",""code_sha256"":""2aca8dcddc402f2b"",""hostname"":""kimang-ubuntu""}"
20260919T163805,2026-09-19T16:39:04.766+07:00,transformer,cuda,NVIDIA GeForce RTX 3060,gpt,synthetic_markov,8,256,fp32,measure,2,15.171262999501778,134992.05702697634,tokens/s,,,8.286486625671387,,ok,,,"{""n_params"": 4273664, ""d_model"": 256, ""n_layers"": 4, ""n_heads"": 4, ""tokens_per_step"": 2048, ""entropy_floor_loss"": 1.3862943611198906, ""step_ms"": 15.171262999501778}","{""torch"":""2.14.0+cu130"",""device_name"":""NVIDIA GeForce RTX 3060"",""seed"":1234,""git_commit"":""02ef55fdd8ca475c0661076be05396562212d8b7"",""code_sha256"":""2aca8dcddc402f2b"",""hostname"":""kimang-ubuntu""}"
20260919T163805,2026-09-19T16:39:04.782+07:00,transformer,cuda,NVIDIA GeForce RTX 3060,gpt,synthetic_markov,8,256,fp32,measure,3,15.179394000369939,134919.74712232174,tokens/s,,,8.288722038269043,,ok,,,"{""n_params"": 4273664, ""d_model"": 256, ""n_layers"": 4, ""n_heads"": 4, ""tokens_per_step"": 2048, ""entropy_floor_loss"": 1.3862943611198906, ""step_ms"": 15.179394000369939}","{""torch"":""2.14.0+cu130"",""device_name"":""NVIDIA GeForce RTX 3060"",""seed"":1234,""git_commit"":""02ef55fdd8ca475c0661076be05396562212d8b7"",""code_sha256"":""2aca8dcddc402f2b"",""hostname"":""kimang-ubuntu""}"
20260919T163805,2026-09-19T16:39:04.797+07:00,transformer,cuda,NVIDIA GeForce RTX 3060,gpt,synthetic_markov,8,256,fp32,measure,4,15.198269000393339,134752.18789370006,tokens/s,,,8.265534400939941,,ok,,,"{""n_params"": 4273664, ""d_model"": 256, ""n_layers"": 4, ""n_heads"": 4, ""tokens_per_step"": 2048, ""entropy_floor_loss"": 1.3862943611198906, ""step_ms"": 15.198269000393339}","{""torch"":""2.14.0+cu130"",""device_name"":""NVIDIA GeForce RTX 3060"",""seed"":1234,""git_commit"":""02ef55fdd8ca475c0661076be05396562212d8b7"",""code_sha256"":""2aca8dcddc402f2b"",""hostname"":""kimang-ubuntu""}"
20260919T163805,2026-09-19T16:39:04.812+07:00,transformer,cuda,NVIDIA GeForce RTX 3060,gpt,synthetic_markov,8,256,fp32,measure,5,15.171822999946016,134987.07439490213,tokens/s,,,8.275943756103516,,ok,,,"{""n_params"": 4273664, ""d_model"": 256, ""n_layers"": 4, ""n_heads"": 4, ""tokens_per_step"": 2048, ""entropy_floor_loss"": 1.3862943611198906, ""step_ms"": 15.171822999946016}","{""torch"":""2.14.0+cu130"",""device_name"":""NVIDIA GeForce RTX 3060"",""seed"":1234,""git_commit"":""02ef55fdd8ca475c0661076be05396562212d8b7"",""code_sha256"":""2aca8dcddc402f2b"",""hostname"":""kimang-ubuntu""}"
20260919T163805,2026-09-19T16:39:04.827+07:00,transformer,cuda,NVIDIA GeForce RTX 3060,gpt,synthetic_markov,8,256,fp32,measure,6,15.173302000221156,134973.91668406452,tokens/s,,,8.225383758544922,,ok,,,"{""n_params"": 4273664, ""d_model"": 256, ""n_layers"": 4, ""n_heads"": 4, ""tokens_per_step"": 2048, ""entropy_floor_loss"": 1.3862943611198906, ""step_ms"": 15.173302000221156}","{""torch"":""2.14.0+cu130"",""device_name"":""NVIDIA GeForce RTX 3060"",""seed"":1234,""git_commit"":""02ef55fdd8ca475c0661076be05396562212d8b7"",""code_sha256"":""2aca8dcddc402f2b"",""hostname"":""kimang-ubuntu""}"
20260919T163805,2026-09-19T16:39:04.843+07:00,transformer,cuda,NVIDIA GeForce RTX 3060,gpt,synthetic_markov,8,256,fp32,measure,7,15.197112999885576,134762.43810356743,tokens/s,,,8.234519004821777,,ok,,,"{""n_params"": 4273664, ""d_model"": 256, ""n_layers"": 4, ""n_heads"": 4, ""tokens_per_step"": 2048, ""entropy_floor_loss"": 1.3862943611198906, ""step_ms"": 15.197112999885576}","{""torch"":""2.14.0+cu130"",""device_name"":""NVIDIA GeForce RTX 3060"",""seed"":1234,""git_commit"":""02ef55fdd8ca475c0661076be05396562212d8b7"",""code_sha256"":""2aca8dcddc402f2b"",""hostname"":""kimang-ubuntu""}"
20260919T163805,2026-09-19T16:39:04.858+07:00,transformer,cuda,NVIDIA GeForce RTX 3060,gpt,synthetic_markov,8,256,fp32,measure,8,15.214151000691345,134611.52054471767,tokens/s,,,8.22972297668457,,ok,,,"{""n_params"": 4273664, ""d_model"": 256, ""n_layers"": 4, ""n_heads"": 4, ""tokens_per_step"": 2048, ""entropy_floor_loss"": 1.3862943611198906, ""step_ms"": 15.214151000691345}","{""torch"":""2.14.0+cu130"",""device_name"":""NVIDIA GeForce RTX 3060"",""seed"":1234,""git_commit"":""02ef55fdd8ca475c0661076be05396562212d8b7"",""code_sha256"":""2aca8dcddc402f2b"",""hostname"":""kimang-ubuntu""}"
20260919T163805,2026-09-19T16:39:04.873+07:00,transformer,cuda,NVIDIA GeForce RTX 3060,gpt,synthetic_markov,8,256,fp32,measure,9,15.14475199928711,135228.36161968205,tokens/s,,,8.209020614624023,,ok,,,"{""n_params"": 4273664, ""d_model"": 256, ""n_layers"": 4, ""n_heads"": 4, ""tokens_per_step"": 2048, ""entropy_floor_loss"": 1.3862943611198906, ""step_ms"": 15.14475199928711}","{""torch"":""2.14.0+cu130"",""device_name"":""NVIDIA GeForce RTX 3060"",""seed"":1234,""git_commit"":""02ef55fdd8ca475c0661076be05396562212d8b7"",""code_sha256"":""2aca8dcddc402f2b"",""hostname"":""kimang-ubuntu""}"
20260919T163805,2026-09-19T16:39:04.888+07:00,transformer,cuda,NVIDIA GeForce RTX 3060,gpt,synthetic_markov,8,256,fp32,measure,10,15.136664000237943,135300.61841683256,tokens/s,,,8.195345878601074,,ok,,,"{""n_params"": 4273664, ""d_model"": 256, ""n_layers"": 4, ""n_heads"": 4, ""tokens_per_step"": 2048, ""entropy_floor_loss"": 1.3862943611198906, ""step_ms"": 15.136664000237943}","{""torch"":""2.14.0+cu130"",""device_name"":""NVIDIA GeForce RTX 3060"",""seed"":1234,""git_commit"":""02ef55fdd8ca475c0661076be05396562212d8b7"",""code_sha256"":""2aca8dcddc402f2b"",""hostname"":""kimang-ubuntu""}"
20260919T163805,2026-09-19T16:39:04.904+07:00,transformer,cuda,NVIDIA GeForce RTX 3060,gpt,synthetic_markov,8,256,fp32,measure,11,15.192033999483101,134807.49187828845,tokens/s,,,8.170520782470703,,ok,,,"{""n_params"": 4273664, ""d_model"": 256, ""n_layers"": 4, ""n_heads"": 4, ""tokens_per_step"": 2048, ""entropy_floor_loss"": 1.3862943611198906, ""step_ms"": 15.192033999483101}","{""torch"":""2.14.0+cu130"",""device_name"":""NVIDIA GeForce RTX 3060"",""seed"":1234,""git_commit"":""02ef55fdd8ca475c0661076be05396562212d8b7"",""code_sha256"":""2aca8dcddc402f2b"",""hostname"":""kimang-ubuntu""}"
20260919T163805,2026-09-19T16:39:04.919+07:00,transformer,cuda,NVIDIA GeForce RTX 3060,gpt,synthetic_markov,8,256,fp32,measure,12,15.17647000036959,134945.7416612773,tokens/s,,,8.14276123046875,,ok,,,"{""n_params"": 4273664, ""d_model"": 256, ""n_layers"": 4, ""n_heads"": 4, ""tokens_per_step"": 2048, ""entropy_floor_loss"": 1.3862943611198906, ""step_ms"": 15.17647000036959}","{""torch"":""2.14.0+cu130"",""device_name"":""NVIDIA GeForce RTX 3060"",""seed"":1234,""git_commit"":""02ef55fdd8ca475c0661076be05396562212d8b7"",""code_sha256"":""2aca8dcddc402f2b"",""hostname"":""kimang-ubuntu""}"
20260919T163805,2026-09-19T16:39:04.934+07:00,transformer,cuda,NVIDIA GeForce RTX 3060,gpt,synthetic_markov,8,256,fp32,measure,13,15.296999000383948,133882.46936203603,tokens/s,,,8.135540008544922,,ok,,,"{""n_params"": 4273664, ""d_model"": 256, ""n_layers"": 4, ""n_heads"": 4, ""tokens_per_step"": 2048, ""entropy_floor_loss"": 1.3862943611198906, ""step_ms"": 15.296999000383948}","{""torch"":""2.14.0+cu130"",""device_name"":""NVIDIA GeForce RTX 3060"",""seed"":1234,""git_commit"":""02ef55fdd8ca475c0661076be05396562212d8b7"",""code_sha256"":""2aca8dcddc402f2b"",""hostname"":""kimang-ubuntu""}"
20260919T163805,2026-09-19T16:39:04.950+07:00,transformer,cuda,NVIDIA GeForce RTX 3060,gpt,synthetic_markov,8,256,fp32,measure,14,15.081849000125658,135792.36869318454,tokens/s,,,8.133930206298828,,ok,,,"{""n_params"": 4273664, ""d_model"": 256, ""n_layers"": 4, ""n_heads"": 4, ""tokens_per_step"": 2048, ""entropy_floor_loss"": 1.3862943611198906, ""step_ms"": 15.081849000125658}","{""torch"":""2.14.0+cu130"",""device_name"":""NVIDIA GeForce RTX 3060"",""seed"":1234,""git_commit"":""02ef55fdd8ca475c0661076be05396562212d8b7"",""code_sha256"":""2aca8dcddc402f2b"",""hostname"":""kimang-ubuntu""}"
20260919T163805,2026-09-19T16:39:04.965+07:00,transformer,cuda,NVIDIA GeForce RTX 3060,gpt,synthetic_markov,8,256,fp32,measure,15,15.045685000586673,136118.76095506072,tokens/s,,,8.113668441772461,,ok,,,"{""n_params"": 4273664, ""d_model"": 256, ""n_layers"": 4, ""n_heads"": 4, ""tokens_per_step"": 2048, ""entropy_floor_loss"": 1.3862943611198906, ""step_ms"": 15.045685000586673}","{""torch"":""2.14.0+cu130"",""device_name"":""NVIDIA GeForce RTX 3060"",""seed"":1234,""git_commit"":""02ef55fdd8ca475c0661076be05396562212d8b7"",""code_sha256"":""2aca8dcddc402f2b"",""hostname"":""kimang-ubuntu""}"
20260919T163805,2026-09-19T16:39:04.980+07:00,transformer,cuda,NVIDIA GeForce RTX 3060,gpt,synthetic_markov,8,256,fp32,measure,16,15.032677999442967,136236.5375002304,tokens/s,,,8.121042251586914,,ok,,,"{""n_params"": 4273664, ""d_model"": 256, ""n_layers"": 4, ""n_heads"": 4, ""tokens_per_step"": 2048, ""entropy_floor_loss"": 1.3862943611198906, ""step_ms"": 15.032677999442967}","{""torch"":""2.14.0+cu130"",""device_name"":""NVIDIA GeForce RTX 3060"",""seed"":1234,""git_commit"":""02ef55fdd8ca475c0661076be05396562212d8b7"",""code_sha256"":""2aca8dcddc402f2b"",""hostname"":""kimang-ubuntu""}"
20260919T163805,2026-09-19T16:39:04.995+07:00,transformer,cuda,NVIDIA GeForce RTX 3060,gpt,synthetic_markov,8,256,fp32,measure,17,14.981189000536688,136704.77022395434,tokens/s,,,8.111050605773926,,ok,,,"{""n_params"": 4273664, ""d_model"": 256, ""n_layers"": 4, ""n_heads"": 4, ""tokens_per_step"": 2048, ""entropy_floor_loss"": 1.3862943611198906, ""step_ms"": 14.981189000536688}","{""torch"":""2.14.0+cu130"",""device_name"":""NVIDIA GeForce RTX 3060"",""seed"":1234,""git_commit"":""02ef55fdd8ca475c0661076be05396562212d8b7"",""code_sha256"":""2aca8dcddc402f2b"",""hostname"":""kimang-ubuntu""}"
20260919T163805,2026-09-19T16:39:05.010+07:00,transformer,cuda,NVIDIA GeForce RTX 3060,gpt,synthetic_markov,8,256,fp32,measure,18,14.966405000450322,136839.80888786438,tokens/s,,,8.080436706542969,,ok,,,"{""n_params"": 4273664, ""d_model"": 256, ""n_layers"": 4, ""n_heads"": 4, ""tokens_per_step"": 2048, ""entropy_floor_loss"": 1.3862943611198906, ""step_ms"": 14.966405000450322}","{""torch"":""2.14.0+cu130"",""device_name"":""NVIDIA GeForce RTX 3060"",""seed"":1234,""git_commit"":""02ef55fdd8ca475c0661076be05396562212d8b7"",""code_sha256"":""2aca8dcddc402f2b"",""hostname"":""kimang-ubuntu""}"
20260919T163805,2026-09-19T16:39:05.025+07:00,transformer,cuda,NVIDIA GeForce RTX 3060,gpt,synthetic_markov,8,256,fp32,measure,19,14.988582999649225,136637.33256492153,tokens/s,,,8.088589668273926,,ok,,,"{""n_params"": 4273664, ""d_model"": 256, ""n_layers"": 4, ""n_heads"": 4, ""tokens_per_step"": 2048, ""entropy_floor_loss"": 1.3862943611198906, ""step_ms"": 14.988582999649225}","{""torch"":""2.14.0+cu130"",""device_name"":""NVIDIA GeForce RTX 3060"",""seed"":1234,""git_commit"":""02ef55fdd8ca475c0661076be05396562212d8b7"",""code_sha256"":""2aca8dcddc402f2b"",""hostname"":""kimang-ubuntu""}"
20260919T163805,2026-09-19T16:39:05.026+07:00,transformer,cuda,NVIDIA GeForce RTX 3060,gpt,synthetic_markov,8,256,fp32,config,,,,,327.32177734375,cuda_max_memory_allocated (exact peak of tensor allocations),,,ok,,,"{""n_params"": 4273664, ""d_model"": 256, ""n_layers"": 4, ""n_heads"": 4, ""tokens_per_step"": 2048, ""entropy_floor_loss"": 1.3862943611198906, ""process_rss_mb"": 1214.48046875, ""cuda_allocated_mb"": 82.3359375, ""cuda_reserved_mb"": 378.0, ""cuda_peak_allocated_mb"": 327.32177734375, ""cuda_peak_reserved_mb"": 378.0}","{""torch"":""2.14.0+cu130"",""device_name"":""NVIDIA GeForce RTX 3060"",""seed"":1234,""git_commit"":""02ef55fdd8ca475c0661076be05396562212d8b7"",""code_sha256"":""2aca8dcddc402f2b"",""hostname"":""kimang-ubuntu""}"
20260919T163805,2026-09-19T16:39:05.226+07:00,transformer,cuda,NVIDIA GeForce RTX 3060,gpt,synthetic_markov,8,512,fp32,warmup,0,35.23712199967122,116241.0482910102,tokens/s,,,8.3624849319458,,ok,,,"{""n_params"": 4339200, ""d_model"": 256, ""n_layers"": 4, ""n_heads"": 4, ""tokens_per_step"": 4096, ""entropy_floor_loss"": 1.3862943611198906, ""step_ms"": 35.23712199967122}","{""torch"":""2.14.0+cu130"",""device_name"":""NVIDIA GeForce RTX 3060"",""seed"":1234,""git_commit"":""02ef55fdd8ca475c0661076be05396562212d8b7"",""code_sha256"":""2aca8dcddc402f2b"",""hostname"":""kimang-ubuntu""}"
20260919T163805,2026-09-19T16:39:05.255+07:00,transformer,cuda,NVIDIA GeForce RTX 3060,gpt,synthetic_markov,8,512,fp32,warmup,1,29.064858000310778,140926.2002916444,tokens/s,,,8.342811584472656,,ok,,,"{""n_params"": 4339200, ""d_model"": 256, ""n_layers"": 4, ""n_heads"": 4, ""tokens_per_step"": 4096, ""entropy_floor_loss"": 1.3862943611198906, ""step_ms"": 29.064858000310778}","{""torch"":""2.14.0+cu130"",""device_name"":""NVIDIA GeForce RTX 3060"",""seed"":1234,""git_commit"":""02ef55fdd8ca475c0661076be05396562212d8b7"",""code_sha256"":""2aca8dcddc402f2b"",""hostname"":""kimang-ubuntu""}"
20260919T163805,2026-09-19T16:39:05.284+07:00,transformer,cuda,NVIDIA GeForce RTX 3060,gpt,synthetic_markov,8,512,fp32,warmup,2,28.994183000577323,141269.7160640271,tokens/s,,,8.319968223571777,,ok,,,"{""n_params"": 4339200, ""d_model"": 256, ""n_layers"": 4, ""n_heads"": 4, ""tokens_per_step"": 4096, ""entropy_floor_loss"": 1.3862943611198906, ""step_ms"": 28.994183000577323}","{""torch"":""2.14.0+cu130"",""device_name"":""NVIDIA GeForce RTX 3060"",""seed"":1234,""git_commit"":""02ef55fdd8ca475c0661076be05396562212d8b7"",""code_sha256"":""2aca8dcddc402f2b"",""hostname"":""kimang-ubuntu""}"
20260919T163805,2026-09-19T16:39:05.313+07:00,transformer,cuda,NVIDIA GeForce RTX 3060,gpt,synthetic_markov,8,512,fp32,measure,0,28.906731999995827,141697.09671783692,tokens/s,,,8.294733047485352,,ok,,,"{""n_params"": 4339200, ""d_model"": 256, ""n_layers"": 4, ""n_heads"": 4, ""tokens_per_step"": 4096, ""entropy_floor_loss"": 1.3862943611198906, ""step_ms"": 28.906731999995827}","{""torch"":""2.14.0+cu130"",""device_name"":""NVIDIA GeForce RTX 3060"",""seed"":1234,""git_commit"":""02ef55fdd8ca475c0661076be05396562212d8b7"",""code_sha256"":""2aca8dcddc402f2b"",""hostname"":""kimang-ubuntu""}"
20260919T163805,2026-09-19T16:39:05.342+07:00,transformer,cuda,NVIDIA GeForce RTX 3060,gpt,synthetic_markov,8,512,fp32,measure,1,28.95868799987511,141442.87199812592,tokens/s,,,8.278544425964355,,ok,,,"{""n_params"": 4339200, ""d_model"": 256, ""n_layers"": 4, ""n_heads"": 4, ""tokens_per_step"": 4096, ""entropy_floor_loss"": 1.3862943611198906, ""step_ms"": 28.95868799987511}","{""torch"":""2.14.0+cu130"",""device_name"":""NVIDIA GeForce RTX 3060"",""seed"":1234,""git_commit"":""02ef55fdd8ca475c0661076be05396562212d8b7"",""code_sha256"":""2aca8dcddc402f2b"",""hostname"":""kimang-ubuntu""}"
20260919T163805,2026-09-19T16:39:05.371+07:00,transformer,cuda,NVIDIA GeForce RTX 3060,gpt,synthetic_markov,8,512,fp32,measure,2,29.002988000684127,141226.82807383098,tokens/s,,,8.246862411499023,,ok,,,"{""n_params"": 4339200, ""d_model"": 256, ""n_layers"": 4, ""n_heads"": 4, ""tokens_per_step"": 4096, ""entropy_floor_loss"": 1.3862943611198906, ""step_ms"": 29.002988000684127}","{""torch"":""2.14.0+cu130"",""device_name"":""NVIDIA GeForce RTX 3060"",""seed"":1234,""git_commit"":""02ef55fdd8ca475c0661076be05396562212d8b7"",""code_sha256"":""2aca8dcddc402f2b"",""hostname"":""kimang-ubuntu""}"
20260919T163805,2026-09-19T16:39:05.400+07:00,transformer,cuda,NVIDIA GeForce RTX 3060,gpt,synthetic_markov,8,512,fp32,measure,3,29.06432899999345,140928.76529167156,tokens/s,,,8.234847068786621,,ok,,,"{""n_params"": 4339200, ""d_model"": 256, ""n_layers"": 4, ""n_heads"": 4, ""tokens_per_step"": 4096, ""entropy_floor_loss"": 1.3862943611198906, ""step_ms"": 29.06432899999345}","{""torch"":""2.14.0+cu130"",""device_name"":""NVIDIA GeForce RTX 3060"",""seed"":1234,""git_commit"":""02ef55fdd8ca475c0661076be05396562212d8b7"",""code_sha256"":""2aca8dcddc402f2b"",""hostname"":""kimang-ubuntu""}"
20260919T163805,2026-09-19T16:39:05.430+07:00,transformer,cuda,NVIDIA GeForce RTX 3060,gpt,synthetic_markov,8,512,fp32,measure,4,29.13979500044661,140563.78913912136,tokens/s,,,8.208288192749023,,ok,,,"{""n_params"": 4339200, ""d_model"": 256, ""n_layers"": 4, ""n_heads"": 4, ""tokens_per_step"": 4096, ""entropy_floor_loss"": 1.3862943611198906, ""step_ms"": 29.13979500044661}","{""torch"":""2.14.0+cu130"",""device_name"":""NVIDIA GeForce RTX 3060"",""seed"":1234,""git_commit"":""02ef55fdd8ca475c0661076be05396562212d8b7"",""code_sha256"":""2aca8dcddc402f2b"",""hostname"":""kimang-ubuntu""}"
20260919T163805,2026-09-19T16:39:05.459+07:00,transformer,cuda,NVIDIA GeForce RTX 3060,gpt,synthetic_markov,8,512,fp32,measure,5,29.078362999825913,140860.74928029897,tokens/s,,,8.190808296203613,,ok,,,"{""n_params"": 4339200, ""d_model"": 256, ""n_layers"": 4, ""n_heads"": 4, ""tokens_per_step"": 4096, ""entropy_floor_loss"": 1.3862943611198906, ""step_ms"": 29.078362999825913}","{""torch"":""2.14.0+cu130"",""device_name"":""NVIDIA GeForce RTX 3060"",""seed"":1234,""git_commit"":""02ef55fdd8ca475c0661076be05396562212d8b7"",""code_sha256"":""2aca8dcddc402f2b"",""hostname"":""kimang-ubuntu""}"
20260919T163805,2026-09-19T16:39:05.488+07:00,transformer,cuda,NVIDIA GeForce RTX 3060,gpt,synthetic_markov,8,512,fp32,measure,6,29.019949000030465,141144.28664211987,tokens/s,,,8.167703628540039,,ok,,,"{""n_params"": 4339200, ""d_model"": 256, ""n_layers"": 4, ""n_heads"": 4, ""tokens_per_step"": 4096, ""entropy_floor_loss"": 1.3862943611198906, ""step_ms"": 29.019949000030465}","{""torch"":""2.14.0+cu130"",""device_name"":""NVIDIA GeForce RTX 3060"",""seed"":1234,""git_commit"":""02ef55fdd8ca475c0661076be05396562212d8b7"",""code_sha256"":""2aca8dcddc402f2b"",""hostname"":""kimang-ubuntu""}"
20260919T163805,2026-09-19T16:39:05.517+07:00,transformer,cuda,NVIDIA GeForce RTX 3060,gpt,synthetic_markov,8,512,fp32,measure,7,28.885378000268247,141801.84867104603,tokens/s,,,8.1481351852417,,ok,,,"{""n_params"": 4339200, ""d_model"": 256, ""n_layers"": 4, ""n_heads"": 4, ""tokens_per_step"": 4096, ""entropy_floor_loss"": 1.3862943611198906, ""step_ms"": 28.885378000268247}","{""torch"":""2.14.0+cu130"",""device_name"":""NVIDIA GeForce RTX 3060"",""seed"":1234,""git_commit"":""02ef55fdd8ca475c0661076be05396562212d8b7"",""code_sha256"":""2aca8dcddc402f2b"",""hostname"":""kimang-ubuntu""}"
20260919T163805,2026-09-19T16:39:05.546+07:00,transformer,cuda,NVIDIA GeForce RTX 3060,gpt,synthetic_markov,8,512,fp32,measure,8,28.626299999814364,143085.20486498644,tokens/s,,,8.11660385131836,,ok,,,"{""n_params"": 4339200, ""d_model"": 256, ""n_layers"": 4, ""n_heads"": 4, ""tokens_per_step"": 4096, ""entropy_floor_loss"": 1.3862943611198906, ""step_ms"": 28.626299999814364}","{""torch"":""2.14.0+cu130"",""device_name"":""NVIDIA GeForce RTX 3060"",""seed"":1234,""git_commit"":""02ef55fdd8ca475c0661076be05396562212d8b7"",""code_sha256"":""2aca8dcddc402f2b"",""hostname"":""kimang-ubuntu""}"
20260919T163805,2026-09-19T16:39:05.575+07:00,transformer,cuda,NVIDIA GeForce RTX 3060,gpt,synthetic_markov,8,512,fp32,measure,9,28.723104000164312,142602.972157068,tokens/s,,,8.098718643188477,,ok,,,"{""n_params"": 4339200, ""d_model"": 256, ""n_layers"": 4, ""n_heads"": 4, ""tokens_per_step"": 4096, ""entropy_floor_loss"": 1.3862943611198906, ""step_ms"": 28.723104000164312}","{""torch"":""2.14.0+cu130"",""device_name"":""NVIDIA GeForce RTX 3060"",""seed"":1234,""git_commit"":""02ef55fdd8ca475c0661076be05396562212d8b7"",""code_sha256"":""2aca8dcddc402f2b"",""hostname"":""kimang-ubuntu""}"
20260919T163805,2026-09-19T16:39:05.603+07:00,transformer,cuda,NVIDIA GeForce RTX 3060,gpt,synthetic_markov,8,512,fp32,measure,10,28.744274000018777,142497.94585166159,tokens/s,,,8.087552070617676,,ok,,,"{""n_params"": 4339200, ""d_model"": 256, ""n_layers"": 4, ""n_heads"": 4, ""tokens_per_step"": 4096, ""entropy_floor_loss"": 1.3862943611198906, ""step_ms"": 28.744274000018777}","{""torch"":""2.14.0+cu130"",""device_name"":""NVIDIA GeForce RTX 3060"",""seed"":1234,""git_commit"":""02ef55fdd8ca475c0661076be05396562212d8b7"",""code_sha256"":""2aca8dcddc402f2b"",""hostname"":""kimang-ubuntu""}"
20260919T163805,2026-09-19T16:39:05.633+07:00,transformer,cuda,NVIDIA GeForce RTX 3060,gpt,synthetic_markov,8,512,fp32,measure,11,28.91153100063093,141673.5765363174,tokens/s,,,8.076072692871094,,ok,,,"{""n_params"": 4339200, ""d_model"": 256, ""n_layers"": 4, ""n_heads"": 4, ""tokens_per_step"": 4096, ""entropy_floor_loss"": 1.3862943611198906, ""step_ms"": 28.91153100063093}","{""torch"":""2.14.0+cu130"",""device_name"":""NVIDIA GeForce RTX 3060"",""seed"":1234,""git_commit"":""02ef55fdd8ca475c0661076be05396562212d8b7"",""code_sha256"":""2aca8dcddc402f2b"",""hostname"":""kimang-ubuntu""}"
20260919T163805,2026-09-19T16:39:05.661+07:00,transformer,cuda,NVIDIA GeForce RTX 3060,gpt,synthetic_markov,8,512,fp32,measure,12,28.8768730006268,141843.6130501766,tokens/s,,,8.041146278381348,,ok,,,"{""n_params"": 4339200, ""d_model"": 256, ""n_layers"": 4, ""n_heads"": 4, ""tokens_per_step"": 4096, ""entropy_floor_loss"": 1.3862943611198906, ""step_ms"": 28.8768730006268}","{""torch"":""2.14.0+cu130"",""device_name"":""NVIDIA GeForce RTX 3060"",""seed"":1234,""git_commit"":""02ef55fdd8ca475c0661076be05396562212d8b7"",""code_sha256"":""2aca8dcddc402f2b"",""hostname"":""kimang-ubuntu""}"
20260919T163805,2026-09-19T16:39:05.691+07:00,transformer,cuda,NVIDIA GeForce RTX 3060,gpt,synthetic_markov,8,512,fp32,measure,13,29.063096999379923,140934.7393392862,tokens/s,,,8.020648956298828,,ok,,,"{""n_params"": 4339200, ""d_model"": 256, ""n_layers"": 4, ""n_heads"": 4, ""tokens_per_step"": 4096, ""entropy_floor_loss"": 1.3862943611198906, ""step_ms"": 29.063096999379923}","{""torch"":""2.14.0+cu130"",""device_name"":""NVIDIA GeForce RTX 3060"",""seed"":1234,""git_commit"":""02ef55fdd8ca475c0661076be05396562212d8b7"",""code_sha256"":""2aca8dcddc402f2b"",""hostname"":""kimang-ubuntu""}"
20260919T163805,2026-09-19T16:39:05.720+07:00,transformer,cuda,NVIDIA GeForce RTX 3060,gpt,synthetic_markov,8,512,fp32,measure,14,29.041714000413776,141038.50757367976,tokens/s,,,7.99625301361084,,ok,,,"{""n_params"": 4339200, ""d_model"": 256, ""n_layers"": 4, ""n_heads"": 4, ""tokens_per_step"": 4096, ""entropy_floor_loss"": 1.3862943611198906, ""step_ms"": 29.041714000413776}","{""torch"":""2.14.0+cu130"",""device_name"":""NVIDIA GeForce RTX 3060"",""seed"":1234,""git_commit"":""02ef55fdd8ca475c0661076be05396562212d8b7"",""code_sha256"":""2aca8dcddc402f2b"",""hostname"":""kimang-ubuntu""}"
20260919T163805,2026-09-19T16:39:05.749+07:00,transformer,cuda,NVIDIA GeForce RTX 3060,gpt,synthetic_markov,8,512,fp32,measure,15,28.890055999909237,141778.8875180051,tokens/s,,,7.999627113342285,,ok,,,"{""n_params"": 4339200, ""d_model"": 256, ""n_layers"": 4, ""n_heads"": 4, ""tokens_per_step"": 4096, ""entropy_floor_loss"": 1.3862943611198906, ""step_ms"": 28.890055999909237}","{""torch"":""2.14.0+cu130"",""device_name"":""NVIDIA GeForce RTX 3060"",""seed"":1234,""git_commit"":""02ef55fdd8ca475c0661076be05396562212d8b7"",""code_sha256"":""2aca8dcddc402f2b"",""hostname"":""kimang-ubuntu""}"
20260919T163805,2026-09-19T16:39:05.778+07:00,transformer,cuda,NVIDIA GeForce RTX 3060,gpt,synthetic_markov,8,512,fp32,measure,16,28.891723999549868,141770.70222821648,tokens/s,,,7.966289520263672,,ok,,,"{""n_params"": 4339200, ""d_model"": 256, ""n_layers"": 4, ""n_heads"": 4, ""tokens_per_step"": 4096, ""entropy_floor_loss"": 1.3862943611198906, ""step_ms"": 28.891723999549868}","{""torch"":""2.14.0+cu130"",""device_name"":""NVIDIA GeForce RTX 3060"",""seed"":1234,""git_commit"":""02ef55fdd8ca475c0661076be05396562212d8b7"",""code_sha256"":""2aca8dcddc402f2b"",""hostname"":""kimang-ubuntu""}"
20260919T163805,2026-09-19T16:39:05.807+07:00,transformer,cuda,NVIDIA GeForce RTX 3060,gpt,synthetic_markov,8,512,fp32,measure,17,28.975305000130902,141361.7561568893,tokens/s,,,7.944725036621094,,ok,,,"{""n_params"": 4339200, ""d_model"": 256, ""n_layers"": 4, ""n_heads"": 4, ""tokens_per_step"": 4096, ""entropy_floor_loss"": 1.3862943611198906, ""step_ms"": 28.975305000130902}","{""torch"":""2.14.0+cu130"",""device_name"":""NVIDIA GeForce RTX 3060"",""seed"":1234,""git_commit"":""02ef55fdd8ca475c0661076be05396562212d8b7"",""code_sha256"":""2aca8dcddc402f2b"",""hostname"":""kimang-ubuntu""}"
20260919T163805,2026-09-19T16:39:05.836+07:00,transformer,cuda,NVIDIA GeForce RTX 3060,gpt,synthetic_markov,8,512,fp32,measure,18,29.128971999853093,140616.01624735186,tokens/s,,,7.9225945472717285,,ok,,,"{""n_params"": 4339200, ""d_model"": 256, ""n_layers"": 4, ""n_heads"": 4, ""tokens_per_step"": 4096, ""entropy_floor_loss"": 1.3862943611198906, ""step_ms"": 29.128971999853093}","{""torch"":""2.14.0+cu130"",""device_name"":""NVIDIA GeForce RTX 3060"",""seed"":1234,""git_commit"":""02ef55fdd8ca475c0661076be05396562212d8b7"",""code_sha256"":""2aca8dcddc402f2b"",""hostname"":""kimang-ubuntu""}"
20260919T163805,2026-09-19T16:39:05.866+07:00,transformer,cuda,NVIDIA GeForce RTX 3060,gpt,synthetic_markov,8,512,fp32,measure,19,29.37817099973472,139423.247282378,tokens/s,,,7.905445098876953,,ok,,,"{""n_params"": 4339200, ""d_model"": 256, ""n_layers"": 4, ""n_heads"": 4, ""tokens_per_step"": 4096, ""entropy_floor_loss"": 1.3862943611198906, ""step_ms"": 29.37817099973472}","{""torch"":""2.14.0+cu130"",""device_name"":""NVIDIA GeForce RTX 3060"",""seed"":1234,""git_commit"":""02ef55fdd8ca475c0661076be05396562212d8b7"",""code_sha256"":""2aca8dcddc402f2b"",""hostname"":""kimang-ubuntu""}"
20260919T163805,2026-09-19T16:39:05.866+07:00,transformer,cuda,NVIDIA GeForce RTX 3060,gpt,synthetic_markov,8,512,fp32,config,,,,,587.35498046875,cuda_max_memory_allocated (exact peak of tensor allocations),,,ok,,,"{""n_params"": 4339200, ""d_model"": 256, ""n_layers"": 4, ""n_heads"": 4, ""tokens_per_step"": 4096, ""entropy_floor_loss"": 1.3862943611198906, ""process_rss_mb"": 1230.484375, ""cuda_allocated_mb"": 83.3359375, ""cuda_reserved_mb"": 676.0, ""cuda_peak_allocated_mb"": 587.35498046875, ""cuda_peak_reserved_mb"": 676.0}","{""torch"":""2.14.0+cu130"",""device_name"":""NVIDIA GeForce RTX 3060"",""seed"":1234,""git_commit"":""02ef55fdd8ca475c0661076be05396562212d8b7"",""code_sha256"":""2aca8dcddc402f2b"",""hostname"":""kimang-ubuntu""}"
20260919T163805,2026-09-19T16:39:06.033+07:00,transformer,cuda,NVIDIA GeForce RTX 3060,gpt,synthetic_markov,16,128,fp32,warmup,0,16.3763430000472,125058.4455878884,tokens/s,,,8.369635581970215,,ok,,,"{""n_params"": 4240896, ""d_model"": 256, ""n_layers"": 4, ""n_heads"": 4, ""tokens_per_step"": 2048, ""entropy_floor_loss"": 1.3862943611198906, ""step_ms"": 16.3763430000472}","{""torch"":""2.14.0+cu130"",""device_name"":""NVIDIA GeForce RTX 3060"",""seed"":1234,""git_commit"":""02ef55fdd8ca475c0661076be05396562212d8b7"",""code_sha256"":""2aca8dcddc402f2b"",""hostname"":""kimang-ubuntu""}"
20260919T163805,2026-09-19T16:39:06.048+07:00,transformer,cuda,NVIDIA GeForce RTX 3060,gpt,synthetic_markov,16,128,fp32,warmup,1,14.318365999315574,143033.08073685892,tokens/s,,,8.35234546661377,,ok,,,"{""n_params"": 4240896, ""d_model"": 256, ""n_layers"": 4, ""n_heads"": 4, ""tokens_per_step"": 2048, ""entropy_floor_loss"": 1.3862943611198906, ""step_ms"": 14.318365999315574}","{""torch"":""2.14.0+cu130"",""device_name"":""NVIDIA GeForce RTX 3060"",""seed"":1234,""git_commit"":""02ef55fdd8ca475c0661076be05396562212d8b7"",""code_sha256"":""2aca8dcddc402f2b"",""hostname"":""kimang-ubuntu""}"
20260919T163805,2026-09-19T16:39:06.062+07:00,transformer,cuda,NVIDIA GeForce RTX 3060,gpt,synthetic_markov,16,128,fp32,warmup,2,14.243609000004653,143783.78401143494,tokens/s,,,8.336685180664062,,ok,,,"{""n_params"": 4240896, ""d_model"": 256, ""n_layers"": 4, ""n_heads"": 4, ""tokens_per_step"": 2048, ""entropy_floor_loss"": 1.3862943611198906, ""step_ms"": 14.243609000004653}","{""torch"":""2.14.0+cu130"",""device_name"":""NVIDIA GeForce RTX 3060"",""seed"":1234,""git_commit"":""02ef55fdd8ca475c0661076be05396562212d8b7"",""code_sha256"":""2aca8dcddc402f2b"",""hostname"":""kimang-ubuntu""}"
20260919T163805,2026-09-19T16:39:06.077+07:00,transformer,cuda,NVIDIA GeForce RTX 3060,gpt,synthetic_markov,16,128,fp32,measure,0,14.526783999826876,140980.96316599788,tokens/s,,,8.317476272583008,,ok,,,"{""n_params"": 4240896, ""d_model"": 256, ""n_layers"": 4, ""n_heads"": 4, ""tokens_per_step"": 2048, ""entropy_floor_loss"": 1.3862943611198906, ""step_ms"": 14.526783999826876}","{""torch"":""2.14.0+cu130"",""device_name"":""NVIDIA GeForce RTX 3060"",""seed"":1234,""git_commit"":""02ef55fdd8ca475c0661076be05396562212d8b7"",""code_sha256"":""2aca8dcddc402f2b"",""hostname"":""kimang-ubuntu""}"
20260919T163805,2026-09-19T16:39:06.091+07:00,transformer,cuda,NVIDIA GeForce RTX 3060,gpt,synthetic_markov,16,128,fp32,measure,1,14.355452000017976,142663.56782060472,tokens/s,,,8.30870532989502,,ok,,,"{""n_params"": 4240896, ""d_model"": 256, ""n_layers"": 4, ""n_heads"": 4, ""tokens_per_step"": 2048, ""entropy_floor_loss"": 1.3862943611198906, ""step_ms"": 14.355452000017976}","{""torch"":""2.14.0+cu130"",""device_name"":""NVIDIA GeForce RTX 3060"",""seed"":1234,""git_commit"":""02ef55fdd8ca475c0661076be05396562212d8b7"",""code_sha256"":""2aca8dcddc402f2b"",""hostname"":""kimang-ubuntu""}"
20260919T163805,2026-09-19T16:39:06.106+07:00,transformer,cuda,NVIDIA GeForce RTX 3060,gpt,synthetic_markov,16,128,fp32,measure,2,14.339430000291031,142822.97134254526,tokens/s,,,8.30506420135498,,ok,,,"{""n_params"": 4240896, ""d_model"": 256, ""n_layers"": 4, ""n_heads"": 4, ""tokens_per_step"": 2048, ""entropy_floor_loss"": 1.3862943611198906, ""step_ms"": 14.339430000291031}","{""torch"":""2.14.0+cu130"",""device_name"":""NVIDIA GeForce RTX 3060"",""seed"":1234,""git_commit"":""02ef55fdd8ca475c0661076be05396562212d8b7"",""code_sha256"":""2aca8dcddc402f2b"",""hostname"":""kimang-ubuntu""}"
20260919T163805,2026-09-19T16:39:06.120+07:00,transformer,cuda,NVIDIA GeForce RTX 3060,gpt,synthetic_markov,16,128,fp32,measure,3,14.411141999516985,142112.26286359833,tokens/s,,,8.284214973449707,,ok,,,"{""n_params"": 4240896, ""d_model"": 256, ""n_layers"": 4, ""n_heads"": 4, ""tokens_per_step"": 2048, ""entropy_floor_loss"": 1.3862943611198906, ""step_ms"": 14.411141999516985}","{""torch"":""2.14.0+cu130"",""device_name"":""NVIDIA GeForce RTX 3060"",""seed"":1234,""git_commit"":""02ef55fdd8ca475c0661076be05396562212d8b7"",""code_sha256"":""2aca8dcddc402f2b"",""hostname"":""kimang-ubuntu""}"
20260919T163805,2026-09-19T16:39:06.135+07:00,transformer,cuda,NVIDIA GeForce RTX 3060,gpt,synthetic_markov,16,128,fp32,measure,4,14.563160999387037,140628.8099188219,tokens/s,,,8.281874656677246,,ok,,,"{""n_params"": 4240896, ""d_model"": 256, ""n_layers"": 4, ""n_heads"": 4, ""tokens_per_step"": 2048, ""entropy_floor_loss"": 1.3862943611198906, ""step_ms"": 14.563160999387037}","{""torch"":""2.14.0+cu130"",""device_name"":""NVIDIA GeForce RTX 3060"",""seed"":1234,""git_commit"":""02ef55fdd8ca475c0661076be05396562212d8b7"",""code_sha256"":""2aca8dcddc402f2b"",""hostname"":""kimang-ubuntu""}"
20260919T163805,2026-09-19T16:39:06.149+07:00,transformer,cuda,NVIDIA GeForce RTX 3060,gpt,synthetic_markov,16,128,fp32,measure,5,14.286850000644336,143348.603779534,tokens/s,,,8.267034530639648,,ok,,,"{""n_params"": 4240896, ""d_model"": 256, ""n_layers"": 4, ""n_heads"": 4, ""tokens_per_step"": 2048, ""entropy_floor_loss"": 1.3862943611198906, ""step_ms"": 14.286850000644336}","{""torch"":""2.14.0+cu130"",""device_name"":""NVIDIA GeForce RTX 3060"",""seed"":1234,""git_commit"":""02ef55fdd8ca475c0661076be05396562212d8b7"",""code_sha256"":""2aca8dcddc402f2b"",""hostname"":""kimang-ubuntu""}"
20260919T163805,2026-09-19T16:39:06.164+07:00,transformer,cuda,NVIDIA GeForce RTX 3060,gpt,synthetic_markov,16,128,fp32,measure,6,14.254928999434924,143669.6036915501,tokens/s,,,8.261945724487305,,ok,,,"{""n_params"": 4240896, ""d_model"": 256, ""n_layers"": 4, ""n_heads"": 4, ""tokens_per_step"": 2048, ""entropy_floor_loss"": 1.3862943611198906, ""step_ms"": 14.254928999434924}","{""torch"":""2.14.0+cu130"",""device_name"":""NVIDIA GeForce RTX 3060"",""seed"":1234,""git_commit"":""02ef55fdd8ca475c0661076be05396562212d8b7"",""code_sha256"":""2aca8dcddc402f2b"",""hostname"":""kimang-ubuntu""}"
20260919T163805,2026-09-19T16:39:06.178+07:00,transformer,cuda,NVIDIA GeForce RTX 3060,gpt,synthetic_markov,16,128,fp32,measure,7,14.223776999642723,143984.25959936256,tokens/s,,,8.24704360961914,,ok,,,"{""n_params"": 4240896, ""d_model"": 256, ""n_layers"": 4, ""n_heads"": 4, ""tokens_per_step"": 2048, ""entropy_floor_loss"": 1.3862943611198906, ""step_ms"": 14.223776999642723}","{""torch"":""2.14.0+cu130"",""device_name"":""NVIDIA GeForce RTX 3060"",""seed"":1234,""git_commit"":""02ef55fdd8ca475c0661076be05396562212d8b7"",""code_sha256"":""2aca8dcddc402f2b"",""hostname"":""kimang-ubuntu""}"
20260919T163805,2026-09-19T16:39:06.192+07:00,transformer,cuda,NVIDIA GeForce RTX 3060,gpt,synthetic_markov,16,128,fp32,measure,8,14.257791000090947,143640.76454669144,tokens/s,,,8.234746932983398,,ok,,,"{""n_params"": 4240896, ""d_model"": 256, ""n_layers"": 4, ""n_heads"": 4, ""tokens_per_step"": 2048, ""entropy_floor_loss"": 1.3862943611198906, ""step_ms"": 14.257791000090947}","{""torch"":""2.14.0+cu130"",""device_name"":""NVIDIA GeForce RTX 3060"",""seed"":1234,""git_commit"":""02ef55fdd8ca475c0661076be05396562212d8b7"",""code_sha256"":""2aca8dcddc402f2b"",""hostname"":""kimang-ubuntu""}"
20260919T163805,2026-09-19T16:39:06.207+07:00,transformer,cuda,NVIDIA GeForce RTX 3060,gpt,synthetic_markov,16,128,fp32,measure,9,14.29977299994789,143219.05669463865,tokens/s,,,8.223047256469727,,ok,,,"{""n_params"": 4240896, ""d_model"": 256, ""n_layers"": 4, ""n_heads"": 4, ""tokens_per_step"": 2048, ""entropy_floor_loss"": 1.3862943611198906, ""step_ms"": 14.29977299994789}","{""torch"":""2.14.0+cu130"",""device_name"":""NVIDIA GeForce RTX 3060"",""seed"":1234,""git_commit"":""02ef55fdd8ca475c0661076be05396562212d8b7"",""code_sha256"":""2aca8dcddc402f2b"",""hostname"":""kimang-ubuntu""}"
20260919T163805,2026-09-19T16:39:06.221+07:00,transformer,cuda,NVIDIA GeForce RTX 3060,gpt,synthetic_markov,16,128,fp32,measure,10,14.25477700013289,143671.13564673145,tokens/s,,,8.219979286193848,,ok,,,"{""n_params"": 4240896, ""d_model"": 256, ""n_layers"": 4, ""n_heads"": 4, ""tokens_per_step"": 2048, ""entropy_floor_loss"": 1.3862943611198906, ""step_ms"": 14.25477700013289}","{""torch"":""2.14.0+cu130"",""device_name"":""NVIDIA GeForce RTX 3060"",""seed"":1234,""git_commit"":""02ef55fdd8ca475c0661076be05396562212d8b7"",""code_sha256"":""2aca8dcddc402f2b"",""hostname"":""kimang-ubuntu""}"
20260919T163805,2026-09-19T16:39:06.236+07:00,transformer,cuda,NVIDIA GeForce RTX 3060,gpt,synthetic_markov,16,128,fp32,measure,11,14.24581399987801,143761.52882647055,tokens/s,,,8.18204402923584,,ok,,,"{""n_params"": 4240896, ""d_model"": 256, ""n_layers"": 4, ""n_heads"": 4, ""tokens_per_step"": 2048, ""entropy_floor_loss"": 1.3862943611198906, ""step_ms"": 14.24581399987801}","{""torch"":""2.14.0+cu130"",""device_name"":""NVIDIA GeForce RTX 3060"",""seed"":1234,""git_commit"":""02ef55fdd8ca475c0661076be05396562212d8b7"",""code_sha256"":""2aca8dcddc402f2b"",""hostname"":""kimang-ubuntu""}"
20260919T163805,2026-09-19T16:39:06.250+07:00,transformer,cuda,NVIDIA GeForce RTX 3060,gpt,synthetic_markov,16,128,fp32,measure,12,14.23384999998234,143882.36492604186,tokens/s,,,8.195554733276367,,ok,,,"{""n_params"": 4240896, ""d_model"": 256, ""n_layers"": 4, ""n_heads"": 4, ""tokens_per_step"": 2048, ""entropy_floor_loss"": 1.3862943611198906, ""step_ms"": 14.23384999998234}","{""torch"":""2.14.0+cu130"",""device_name"":""NVIDIA GeForce RTX 3060"",""seed"":1234,""git_commit"":""02ef55fdd8ca475c0661076be05396562212d8b7"",""code_sha256"":""2aca8dcddc402f2b"",""hostname"":""kimang-ubuntu""}"
20260919T163805,2026-09-19T16:39:06.264+07:00,transformer,cuda,NVIDIA GeForce RTX 3060,gpt,synthetic_markov,16,128,fp32,measure,13,14.229948999854969,143921.8088568605,tokens/s,,,8.18779468536377,,ok,,,"{""n_params"": 4240896, ""d_model"": 256, ""n_layers"": 4, ""n_heads"": 4, ""tokens_per_step"": 2048, ""entropy_floor_loss"": 1.3862943611198906, ""step_ms"": 14.229948999854969}","{""torch"":""2.14.0+cu130"",""device_name"":""NVIDIA GeForce RTX 3060"",""seed"":1234,""git_commit"":""02ef55fdd8ca475c0661076be05396562212d8b7"",""code_sha256"":""2aca8dcddc402f2b"",""hostname"":""kimang-ubuntu""}"
20260919T163805,2026-09-19T16:39:06.279+07:00,transformer,cuda,NVIDIA GeForce RTX 3060,gpt,synthetic_markov,16,128,fp32,measure,14,14.24630600013188,143756.56398093942,tokens/s,,,8.171459197998047,,ok,,,"{""n_params"": 4240896, ""d_model"": 256, ""n_layers"": 4, ""n_heads"": 4, ""tokens_per_step"": 2048, ""entropy_floor_loss"": 1.3862943611198906, ""step_ms"": 14.24630600013188}","{""torch"":""2.14.0+cu130"",""device_name"":""NVIDIA GeForce RTX 3060"",""seed"":1234,""git_commit"":""02ef55fdd8ca475c0661076be05396562212d8b7"",""code_sha256"":""2aca8dcddc402f2b"",""hostname"":""kimang-ubuntu""}"
20260919T163805,2026-09-19T16:39:06.293+07:00,transformer,cuda,NVIDIA GeForce RTX 3060,gpt,synthetic_markov,16,128,fp32,measure,15,14.272248999986914,143495.25432199772,tokens/s,,,8.152397155761719,,ok,,,"{""n_params"": 4240896, ""d_model"": 256, ""n_layers"": 4, ""n_heads"": 4, ""tokens_per_step"": 2048, ""entropy_floor_loss"": 1.3862943611198906, ""step_ms"": 14.272248999986914}","{""torch"":""2.14.0+cu130"",""device_name"":""NVIDIA GeForce RTX 3060"",""seed"":1234,""git_commit"":""02ef55fdd8ca475c0661076be05396562212d8b7"",""code_sha256"":""2aca8dcddc402f2b"",""hostname"":""kimang-ubuntu""}"
20260919T163805,2026-09-19T16:39:06.307+07:00,transformer,cuda,NVIDIA GeForce RTX 3060,gpt,synthetic_markov,16,128,fp32,measure,16,14.231163000658853,143909.53149122,tokens/s,,,8.144107818603516,,ok,,,"{""n_params"": 4240896, ""d_model"": 256, ""n_layers"": 4, ""n_heads"": 4, ""tokens_per_step"": 2048, ""entropy_floor_loss"": 1.3862943611198906, ""step_ms"": 14.231163000658853}","{""torch"":""2.14.0+cu130"",""device_name"":""NVIDIA GeForce RTX 3060"",""seed"":1234,""git_commit"":""02ef55fdd8ca475c0661076be05396562212d8b7"",""code_sha256"":""2aca8dcddc402f2b"",""hostname"":""kimang-ubuntu""}"
20260919T163805,2026-09-19T16:39:06.322+07:00,transformer,cuda,NVIDIA GeForce RTX 3060,gpt,synthetic_markov,16,128,fp32,measure,17,14.241189999665949,143808.20704225134,tokens/s,,,8.152621269226074,,ok,,,"{""n_params"": 4240896, ""d_model"": 256, ""n_layers"": 4, ""n_heads"": 4, ""tokens_per_step"": 2048, ""entropy_floor_loss"": 1.3862943611198906, ""step_ms"": 14.241189999665949}","{""torch"":""2.14.0+cu130"",""device_name"":""NVIDIA GeForce RTX 3060"",""seed"":1234,""git_commit"":""02ef55fdd8ca475c0661076be05396562212d8b7"",""code_sha256"":""2aca8dcddc402f2b"",""hostname"":""kimang-ubuntu""}"
20260919T163805,2026-09-19T16:39:06.336+07:00,transformer,cuda,NVIDIA GeForce RTX 3060,gpt,synthetic_markov,16,128,fp32,measure,18,14.246181000089564,143757.82534190212,tokens/s,,,8.120966911315918,,ok,,,"{""n_params"": 4240896, ""d_model"": 256, ""n_layers"": 4, ""n_heads"": 4, ""tokens_per_step"": 2048, ""entropy_floor_loss"": 1.3862943611198906, ""step_ms"": 14.246181000089564}","{""torch"":""2.14.0+cu130"",""device_name"":""NVIDIA GeForce RTX 3060"",""seed"":1234,""git_commit"":""02ef55fdd8ca475c0661076be05396562212d8b7"",""code_sha256"":""2aca8dcddc402f2b"",""hostname"":""kimang-ubuntu""}"
20260919T163805,2026-09-19T16:39:06.350+07:00,transformer,cuda,NVIDIA GeForce RTX 3060,gpt,synthetic_markov,16,128,fp32,measure,19,14.279994000389706,143417.427202288,tokens/s,,,8.084990501403809,,ok,,,"{""n_params"": 4240896, ""d_model"": 256, ""n_layers"": 4, ""n_heads"": 4, ""tokens_per_step"": 2048, ""entropy_floor_loss"": 1.3862943611198906, ""step_ms"": 14.279994000389706}","{""torch"":""2.14.0+cu130"",""device_name"":""NVIDIA GeForce RTX 3060"",""seed"":1234,""git_commit"":""02ef55fdd8ca475c0661076be05396562212d8b7"",""code_sha256"":""2aca8dcddc402f2b"",""hostname"":""kimang-ubuntu""}"
20260919T163805,2026-09-19T16:39:06.351+07:00,transformer,cuda,NVIDIA GeForce RTX 3060,gpt,synthetic_markov,16,128,fp32,config,,,,,326.94580078125,cuda_max_memory_allocated (exact peak of tensor allocations),,,ok,,,"{""n_params"": 4240896, ""d_model"": 256, ""n_layers"": 4, ""n_heads"": 4, ""tokens_per_step"": 2048, ""entropy_floor_loss"": 1.3862943611198906, ""process_rss_mb"": 1236.59765625, ""cuda_allocated_mb"": 81.8359375, ""cuda_reserved_mb"": 378.0, ""cuda_peak_allocated_mb"": 326.94580078125, ""cuda_peak_reserved_mb"": 378.0}","{""torch"":""2.14.0+cu130"",""device_name"":""NVIDIA GeForce RTX 3060"",""seed"":1234,""git_commit"":""02ef55fdd8ca475c0661076be05396562212d8b7"",""code_sha256"":""2aca8dcddc402f2b"",""hostname"":""kimang-ubuntu""}"
20260919T163805,2026-09-19T16:39:06.512+07:00,transformer,cuda,NVIDIA GeForce RTX 3060,gpt,synthetic_markov,16,256,fp32,warmup,0,26.005102000453917,157507.55370728808,tokens/s,,,8.377941131591797,,ok,,,"{""n_params"": 4273664, ""d_model"": 256, ""n_layers"": 4, ""n_heads"": 4, ""tokens_per_step"": 4096, ""entropy_floor_loss"": 1.3862943611198906, ""step_ms"": 26.005102000453917}","{""torch"":""2.14.0+cu130"",""device_name"":""NVIDIA GeForce RTX 3060"",""seed"":1234,""git_commit"":""02ef55fdd8ca475c0661076be05396562212d8b7"",""code_sha256"":""2aca8dcddc402f2b"",""hostname"":""kimang-ubuntu""}"
20260919T163805,2026-09-19T16:39:06.538+07:00,transformer,cuda,NVIDIA GeForce RTX 3060,gpt,synthetic_markov,16,256,fp32,warmup,1,25.94737500021438,157857.97214424037,tokens/s,,,8.34907341003418,,ok,,,"{""n_params"": 4273664, ""d_model"": 256, ""n_layers"": 4, ""n_heads"": 4, ""tokens_per_step"": 4096, ""entropy_floor_loss"": 1.3862943611198906, ""step_ms"": 25.94737500021438}","{""torch"":""2.14.0+cu130"",""device_name"":""NVIDIA GeForce RTX 3060"",""seed"":1234,""git_commit"":""02ef55fdd8ca475c0661076be05396562212d8b7"",""code_sha256"":""2aca8dcddc402f2b"",""hostname"":""kimang-ubuntu""}"
20260919T163805,2026-09-19T16:39:06.564+07:00,transformer,cuda,NVIDIA GeForce RTX 3060,gpt,synthetic_markov,16,256,fp32,warmup,2,25.84470500005409,158485.07460199014,tokens/s,,,8.319435119628906,,ok,,,"{""n_params"": 4273664, ""d_model"": 256, ""n_layers"": 4, ""n_heads"": 4, ""tokens_per_step"": 4096, ""entropy_floor_loss"": 1.3862943611198906, ""step_ms"": 25.84470500005409}","{""torch"":""2.14.0+cu130"",""device_name"":""NVIDIA GeForce RTX 3060"",""seed"":1234,""git_commit"":""02ef55fdd8ca475c0661076be05396562212d8b7"",""code_sha256"":""2aca8dcddc402f2b"",""hostname"":""kimang-ubuntu""}"
20260919T163805,2026-09-19T16:39:06.590+07:00,transformer,cuda,NVIDIA GeForce RTX 3060,gpt,synthetic_markov,16,256,fp32,measure,0,25.854844000605226,158422.9245360799,tokens/s,,,8.300795555114746,,ok,,,"{""n_params"": 4273664, ""d_model"": 256, ""n_layers"": 4, ""n_heads"": 4, ""tokens_per_step"": 4096, ""entropy_floor_loss"": 1.3862943611198906, ""step_ms"": 25.854844000605226}","{""torch"":""2.14.0+cu130"",""device_name"":""NVIDIA GeForce RTX 3060"",""seed"":1234,""git_commit"":""02ef55fdd8ca475c0661076be05396562212d8b7"",""code_sha256"":""2aca8dcddc402f2b"",""hostname"":""kimang-ubuntu""}"
20260919T163805,2026-09-19T16:39:06.616+07:00,transformer,cuda,NVIDIA GeForce RTX 3060,gpt,synthetic_markov,16,256,fp32,measure,1,25.829965000411903,158575.51490815735,tokens/s,,,8.285472869873047,,ok,,,"{""n_params"": 4273664, ""d_model"": 256, ""n_layers"": 4, ""n_heads"": 4, ""tokens_per_step"": 4096, ""entropy_floor_loss"": 1.3862943611198906, ""step_ms"": 25.829965000411903}","{""torch"":""2.14.0+cu130"",""device_name"":""NVIDIA GeForce RTX 3060"",""seed"":1234,""git_commit"":""02ef55fdd8ca475c0661076be05396562212d8b7"",""code_sha256"":""2aca8dcddc402f2b"",""hostname"":""kimang-ubuntu""}"
20260919T163805,2026-09-19T16:39:06.642+07:00,transformer,cuda,NVIDIA GeForce RTX 3060,gpt,synthetic_markov,16,256,fp32,measure,2,25.88141300020652,158260.2928196894,tokens/s,,,8.270954132080078,,ok,,,"{""n_params"": 4273664, ""d_model"": 256, ""n_layers"": 4, ""n_heads"": 4, ""tokens_per_step"": 4096, ""entropy_floor_loss"": 1.3862943611198906, ""step_ms"": 25.88141300020652}","{""torch"":""2.14.0+cu130"",""device_name"":""NVIDIA GeForce RTX 3060"",""seed"":1234,""git_commit"":""02ef55fdd8ca475c0661076be05396562212d8b7"",""code_sha256"":""2aca8dcddc402f2b"",""hostname"":""kimang-ubuntu""}"
20260919T163805,2026-09-19T16:39:06.668+07:00,transformer,cuda,NVIDIA GeForce RTX 3060,gpt,synthetic_markov,16,256,fp32,measure,3,25.85537699997076,158419.6587040534,tokens/s,,,8.255953788757324,,ok,,,"{""n_params"": 4273664, ""d_model"": 256, ""n_layers"": 4, ""n_heads"": 4, ""tokens_per_step"": 4096, ""entropy_floor_loss"": 1.3862943611198906, ""step_ms"": 25.85537699997076}","{""torch"":""2.14.0+cu130"",""device_name"":""NVIDIA GeForce RTX 3060"",""seed"":1234,""git_commit"":""02ef55fdd8ca475c0661076be05396562212d8b7"",""code_sha256"":""2aca8dcddc402f2b"",""hostname"":""kimang-ubuntu""}"
20260919T163805,2026-09-19T16:39:06.693+07:00,transformer,cuda,NVIDIA GeForce RTX 3060,gpt,synthetic_markov,16,256,fp32,measure,4,25.835378999545355,158542.28420926514,tokens/s,,,8.222929000854492,,ok,,,"{""n_params"": 4273664, ""d_model"": 256, ""n_layers"": 4, ""n_heads"": 4, ""tokens_per_step"": 4096, ""entropy_floor_loss"": 1.3862943611198906, ""step_ms"": 25.835378999545355}","{""torch"":""2.14.0+cu130"",""device_name"":""NVIDIA GeForce RTX 3060"",""seed"":1234,""git_commit"":""02ef55fdd8ca475c0661076be05396562212d8b7"",""code_sha256"":""2aca8dcddc402f2b"",""hostname"":""kimang-ubuntu""}"
20260919T163805,2026-09-19T16:39:06.719+07:00,transformer,cuda,NVIDIA GeForce RTX 3060,gpt,synthetic_markov,16,256,fp32,measure,5,25.82133900068584,158628.4894013903,tokens/s,,,8.205835342407227,,ok,,,"{""n_params"": 4273664, ""d_model"": 256, ""n_layers"": 4, ""n_heads"": 4, ""tokens_per_step"": 4096, ""entropy_floor_loss"": 1.3862943611198906, ""step_ms"": 25.82133900068584}","{""torch"":""2.14.0+cu130"",""device_name"":""NVIDIA GeForce RTX 3060"",""seed"":1234,""git_commit"":""02ef55fdd8ca475c0661076be05396562212d8b7"",""code_sha256"":""2aca8dcddc402f2b"",""hostname"":""kimang-ubuntu""}"
20260919T163805,2026-09-19T16:39:06.746+07:00,transformer,cuda,NVIDIA GeForce RTX 3060,gpt,synthetic_markov,16,256,fp32,measure,6,25.995877000241308,157563.44746368736,tokens/s,,,8.18646240234375,,ok,,,"{""n_params"": 4273664, ""d_model"": 256, ""n_layers"": 4, ""n_heads"": 4, ""tokens_per_step"": 4096, ""entropy_floor_loss"": 1.3862943611198906, ""step_ms"": 25.995877000241308}","{""torch"":""2.14.0+cu130"",""device_name"":""NVIDIA GeForce RTX 3060"",""seed"":1234,""git_commit"":""02ef55fdd8ca475c0661076be05396562212d8b7"",""code_sha256"":""2aca8dcddc402f2b"",""hostname"":""kimang-ubuntu""}"
20260919T163805,2026-09-19T16:39:06.772+07:00,transformer,cuda,NVIDIA GeForce RTX 3060,gpt,synthetic_markov,16,256,fp32,measure,7,25.916559000506822,158045.67264967156,tokens/s,,,8.182994842529297,,ok,,,"{""n_params"": 4273664, ""d_model"": 256, ""n_layers"": 4, ""n_heads"": 4, ""tokens_per_step"": 4096, ""entropy_floor_loss"": 1.3862943611198906, ""step_ms"": 25.916559000506822}","{""torch"":""2.14.0+cu130"",""device_name"":""NVIDIA GeForce RTX 3060"",""seed"":1234,""git_commit"":""02ef55fdd8ca475c0661076be05396562212d8b7"",""code_sha256"":""2aca8dcddc402f2b"",""hostname"":""kimang-ubuntu""}"
20260919T163805,2026-09-19T16:39:06.798+07:00,transformer,cuda,NVIDIA GeForce RTX 3060,gpt,synthetic_markov,16,256,fp32,measure,8,25.89836699917214,158156.68996160768,tokens/s,,,8.163227081298828,,ok,,,"{""n_params"": 4273664, ""d_model"": 256, ""n_layers"": 4, ""n_heads"": 4, ""tokens_per_step"": 4096, ""entropy_floor_loss"": 1.3862943611198906, ""step_ms"": 25.89836699917214}","{""torch"":""2.14.0+cu130"",""device_name"":""NVIDIA GeForce RTX 3060"",""seed"":1234,""git_commit"":""02ef55fdd8ca475c0661076be05396562212d8b7"",""code_sha256"":""2aca8dcddc402f2b"",""hostname"":""kimang-ubuntu""}"
20260919T163805,2026-09-19T16:39:06.834+07:00,transformer,cuda,NVIDIA GeForce RTX 3060,gpt,synthetic_markov,16,256,fp32,measure,9,36.524643000120705,112143.46434505777,tokens/s,,,8.132174491882324,,ok,,,"{""n_params"": 4273664, ""d_model"": 256, ""n_layers"": 4, ""n_heads"": 4, ""tokens_per_step"": 4096, ""entropy_floor_loss"": 1.3862943611198906, ""step_ms"": 36.524643000120705}","{""torch"":""2.14.0+cu130"",""device_name"":""NVIDIA GeForce RTX 3060"",""seed"":1234,""git_commit"":""02ef55fdd8ca475c0661076be05396562212d8b7"",""code_sha256"":""2aca8dcddc402f2b"",""hostname"":""kimang-ubuntu""}"
20260919T163805,2026-09-19T16:39:06.862+07:00,transformer,cuda,NVIDIA GeForce RTX 3060,gpt,synthetic_markov,16,256,fp32,measure,10,27.93000200017559,146652.33464624346,tokens/s,,,8.109682083129883,,ok,,,"{""n_params"": 4273664, ""d_model"": 256, ""n_layers"": 4, ""n_heads"": 4, ""tokens_per_step"": 4096, ""entropy_floor_loss"": 1.3862943611198906, ""step_ms"": 27.93000200017559}","{""torch"":""2.14.0+cu130"",""device_name"":""NVIDIA GeForce RTX 3060"",""seed"":1234,""git_commit"":""02ef55fdd8ca475c0661076be05396562212d8b7"",""code_sha256"":""2aca8dcddc402f2b"",""hostname"":""kimang-ubuntu""}"
20260919T163805,2026-09-19T16:39:06.890+07:00,transformer,cuda,NVIDIA GeForce RTX 3060,gpt,synthetic_markov,16,256,fp32,measure,11,27.514473000337603,148867.10713847735,tokens/s,,,8.08684253692627,,ok,,,"{""n_params"": 4273664, ""d_model"": 256, ""n_layers"": 4, ""n_heads"": 4, ""tokens_per_step"": 4096, ""entropy_floor_loss"": 1.3862943611198906, ""step_ms"": 27.514473000337603}","{""torch"":""2.14.0+cu130"",""device_name"":""NVIDIA GeForce RTX 3060"",""seed"":1234,""git_commit"":""02ef55fdd8ca475c0661076be05396562212d8b7"",""code_sha256"":""2aca8dcddc402f2b"",""hostname"":""kimang-ubuntu""}"
20260919T163805,2026-09-19T16:39:06.917+07:00,transformer,cuda,NVIDIA GeForce RTX 3060,gpt,synthetic_markov,16,256,fp32,measure,12,27.36621400072181,149673.60848277967,tokens/s,,,8.074984550476074,,ok,,,"{""n_params"": 4273664, ""d_model"": 256, ""n_layers"": 4, ""n_heads"": 4, ""tokens_per_step"": 4096, ""entropy_floor_loss"": 1.3862943611198906, ""step_ms"": 27.36621400072181}","{""torch"":""2.14.0+cu130"",""device_name"":""NVIDIA GeForce RTX 3060"",""seed"":1234,""git_commit"":""02ef55fdd8ca475c0661076be05396562212d8b7"",""code_sha256"":""2aca8dcddc402f2b"",""hostname"":""kimang-ubuntu""}"
20260919T163805,2026-09-19T16:39:06.945+07:00,transformer,cuda,NVIDIA GeForce RTX 3060,gpt,synthetic_markov,16,256,fp32,measure,13,27.491652999742655,148990.67728078563,tokens/s,,,8.052841186523438,,ok,,,"{""n_params"": 4273664, ""d_model"": 256, ""n_layers"": 4, ""n_heads"": 4, ""tokens_per_step"": 4096, ""entropy_floor_loss"": 1.3862943611198906, ""step_ms"": 27.491652999742655}","{""torch"":""2.14.0+cu130"",""device_name"":""NVIDIA GeForce RTX 3060"",""seed"":1234,""git_commit"":""02ef55fdd8ca475c0661076be05396562212d8b7"",""code_sha256"":""2aca8dcddc402f2b"",""hostname"":""kimang-ubuntu""}"
20260919T163805,2026-09-19T16:39:06.972+07:00,transformer,cuda,NVIDIA GeForce RTX 3060,gpt,synthetic_markov,16,256,fp32,measure,14,27.48933099974238,149003.262394359,tokens/s,,,8.036214828491211,,ok,,,"{""n_params"": 4273664, ""d_model"": 256, ""n_layers"": 4, ""n_heads"": 4, ""tokens_per_step"": 4096, ""entropy_floor_loss"": 1.3862943611198906, ""step_ms"": 27.48933099974238}","{""torch"":""2.14.0+cu130"",""device_name"":""NVIDIA GeForce RTX 3060"",""seed"":1234,""git_commit"":""02ef55fdd8ca475c0661076be05396562212d8b7"",""code_sha256"":""2aca8dcddc402f2b"",""hostname"":""kimang-ubuntu""}"
20260919T163805,2026-09-19T16:39:07.000+07:00,transformer,cuda,NVIDIA GeForce RTX 3060,gpt,synthetic_markov,16,256,fp32,measure,15,27.71398999993835,147795.39142538162,tokens/s,,,8.010065078735352,,ok,,,"{""n_params"": 4273664, ""d_model"": 256, ""n_layers"": 4, ""n_heads"": 4, ""tokens_per_step"": 4096, ""entropy_floor_loss"": 1.3862943611198906, ""step_ms"": 27.71398999993835}","{""torch"":""2.14.0+cu130"",""device_name"":""NVIDIA GeForce RTX 3060"",""seed"":1234,""git_commit"":""02ef55fdd8ca475c0661076be05396562212d8b7"",""code_sha256"":""2aca8dcddc402f2b"",""hostname"":""kimang-ubuntu""}"
20260919T163805,2026-09-19T16:39:07.028+07:00,transformer,cuda,NVIDIA GeForce RTX 3060,gpt,synthetic_markov,16,256,fp32,measure,16,28.035226000611146,146101.90764685508,tokens/s,,,8.010037422180176,,ok,,,"{""n_params"": 4273664, ""d_model"": 256, ""n_layers"": 4, ""n_heads"": 4, ""tokens_per_step"": 4096, ""entropy_floor_loss"": 1.3862943611198906, ""step_ms"": 28.035226000611146}","{""torch"":""2.14.0+cu130"",""device_name"":""NVIDIA GeForce RTX 3060"",""seed"":1234,""git_commit"":""02ef55fdd8ca475c0661076be05396562212d8b7"",""code_sha256"":""2aca8dcddc402f2b"",""hostname"":""kimang-ubuntu""}"
20260919T163805,2026-09-19T16:39:07.056+07:00,transformer,cuda,NVIDIA GeForce RTX 3060,gpt,synthetic_markov,16,256,fp32,measure,17,27.350413000021945,149760.07857712108,tokens/s,,,7.9887189865112305,,ok,,,"{""n_params"": 4273664, ""d_model"": 256, ""n_layers"": 4, ""n_heads"": 4, ""tokens_per_step"": 4096, ""entropy_floor_loss"": 1.3862943611198906, ""step_ms"": 27.350413000021945}","{""torch"":""2.14.0+cu130"",""device_name"":""NVIDIA GeForce RTX 3060"",""seed"":1234,""git_commit"":""02ef55fdd8ca475c0661076be05396562212d8b7"",""code_sha256"":""2aca8dcddc402f2b"",""hostname"":""kimang-ubuntu""}"
20260919T163805,2026-09-19T16:39:07.084+07:00,transformer,cuda,NVIDIA GeForce RTX 3060,gpt,synthetic_markov,16,256,fp32,measure,18,28.471296000134316,143864.19220188208,tokens/s,,,7.969690799713135,,ok,,,"{""n_params"": 4273664, ""d_model"": 256, ""n_layers"": 4, ""n_heads"": 4, ""tokens_per_step"": 4096, ""entropy_floor_loss"": 1.3862943611198906, ""step_ms"": 28.471296000134316}","{""torch"":""2.14.0+cu130"",""device_name"":""NVIDIA GeForce RTX 3060"",""seed"":1234,""git_commit"":""02ef55fdd8ca475c0661076be05396562212d8b7"",""code_sha256"":""2aca8dcddc402f2b"",""hostname"":""kimang-ubuntu""}"
20260919T163805,2026-09-19T16:39:07.113+07:00,transformer,cuda,NVIDIA GeForce RTX 3060,gpt,synthetic_markov,16,256,fp32,measure,19,28.794573000595847,142249.02727035547,tokens/s,,,7.935308933258057,,ok,,,"{""n_params"": 4273664, ""d_model"": 256, ""n_layers"": 4, ""n_heads"": 4, ""tokens_per_step"": 4096, ""entropy_floor_loss"": 1.3862943611198906, ""step_ms"": 28.794573000595847}","{""torch"":""2.14.0+cu130"",""device_name"":""NVIDIA GeForce RTX 3060"",""seed"":1234,""git_commit"":""02ef55fdd8ca475c0661076be05396562212d8b7"",""code_sha256"":""2aca8dcddc402f2b"",""hostname"":""kimang-ubuntu""}"
20260919T163805,2026-09-19T16:39:07.114+07:00,transformer,cuda,NVIDIA GeForce RTX 3060,gpt,synthetic_markov,16,256,fp32,config,,,,,586.60302734375,cuda_max_memory_allocated (exact peak of tensor allocations),,,ok,,,"{""n_params"": 4273664, ""d_model"": 256, ""n_layers"": 4, ""n_heads"": 4, ""tokens_per_step"": 4096, ""entropy_floor_loss"": 1.3862943611198906, ""process_rss_mb"": 1236.86328125, ""cuda_allocated_mb"": 82.3359375, ""cuda_reserved_mb"": 674.0, ""cuda_peak_allocated_mb"": 586.60302734375, ""cuda_peak_reserved_mb"": 674.0}","{""torch"":""2.14.0+cu130"",""device_name"":""NVIDIA GeForce RTX 3060"",""seed"":1234,""git_commit"":""02ef55fdd8ca475c0661076be05396562212d8b7"",""code_sha256"":""2aca8dcddc402f2b"",""hostname"":""kimang-ubuntu""}"
20260919T163805,2026-09-19T16:39:07.330+07:00,transformer,cuda,NVIDIA GeForce RTX 3060,gpt,synthetic_markov,16,512,fp32,warmup,0,54.98811199959164,148977.65538960198,tokens/s,,,8.365612030029297,,ok,,,"{""n_params"": 4339200, ""d_model"": 256, ""n_layers"": 4, ""n_heads"": 4, ""tokens_per_step"": 8192, ""entropy_floor_loss"": 1.3862943611198906, ""step_ms"": 54.98811199959164}","{""torch"":""2.14.0+cu130"",""device_name"":""NVIDIA GeForce RTX 3060"",""seed"":1234,""git_commit"":""02ef55fdd8ca475c0661076be05396562212d8b7"",""code_sha256"":""2aca8dcddc402f2b"",""hostname"":""kimang-ubuntu""}"
20260919T163805,2026-09-19T16:39:07.385+07:00,transformer,cuda,NVIDIA GeForce RTX 3060,gpt,synthetic_markov,16,512,fp32,warmup,1,55.065034000108426,148769.54402650273,tokens/s,,,8.327529907226562,,ok,,,"{""n_params"": 4339200, ""d_model"": 256, ""n_layers"": 4, ""n_heads"": 4, ""tokens_per_step"": 8192, ""entropy_floor_loss"": 1.3862943611198906, ""step_ms"": 55.065034000108426}","{""torch"":""2.14.0+cu130"",""device_name"":""NVIDIA GeForce RTX 3060"",""seed"":1234,""git_commit"":""02ef55fdd8ca475c0661076be05396562212d8b7"",""code_sha256"":""2aca8dcddc402f2b"",""hostname"":""kimang-ubuntu""}"
20260919T163805,2026-09-19T16:39:07.441+07:00,transformer,cuda,NVIDIA GeForce RTX 3060,gpt,synthetic_markov,16,512,fp32,warmup,2,55.17224300001544,148480.45963978133,tokens/s,,,8.297155380249023,,ok,,,"{""n_params"": 4339200, ""d_model"": 256, ""n_layers"": 4, ""n_heads"": 4, ""tokens_per_step"": 8192, ""entropy_floor_loss"": 1.3862943611198906, ""step_ms"": 55.17224300001544}","{""torch"":""2.14.0+cu130"",""device_name"":""NVIDIA GeForce RTX 3060"",""seed"":1234,""git_commit"":""02ef55fdd8ca475c0661076be05396562212d8b7"",""code_sha256"":""2aca8dcddc402f2b"",""hostname"":""kimang-ubuntu""}"
20260919T163805,2026-09-19T16:39:07.495+07:00,transformer,cuda,NVIDIA GeForce RTX 3060,gpt,synthetic_markov,16,512,fp32,measure,0,54.661670999848866,149867.35403721285,tokens/s,,,8.275205612182617,,ok,,,"{""n_params"": 4339200, ""d_model"": 256, ""n_layers"": 4, ""n_heads"": 4, ""tokens_per_step"": 8192, ""entropy_floor_loss"": 1.3862943611198906, ""step_ms"": 54.661670999848866}","{""torch"":""2.14.0+cu130"",""device_name"":""NVIDIA GeForce RTX 3060"",""seed"":1234,""git_commit"":""02ef55fdd8ca475c0661076be05396562212d8b7"",""code_sha256"":""2aca8dcddc402f2b"",""hostname"":""kimang-ubuntu""}"
20260919T163805,2026-09-19T16:39:07.550+07:00,transformer,cuda,NVIDIA GeForce RTX 3060,gpt,synthetic_markov,16,512,fp32,measure,1,54.70297200008645,149754.20348252842,tokens/s,,,8.244916915893555,,ok,,,"{""n_params"": 4339200, ""d_model"": 256, ""n_layers"": 4, ""n_heads"": 4, ""tokens_per_step"": 8192, ""entropy_floor_loss"": 1.3862943611198906, ""step_ms"": 54.70297200008645}","{""torch"":""2.14.0+cu130"",""device_name"":""NVIDIA GeForce RTX 3060"",""seed"":1234,""git_commit"":""02ef55fdd8ca475c0661076be05396562212d8b7"",""code_sha256"":""2aca8dcddc402f2b"",""hostname"":""kimang-ubuntu""}"
20260919T163805,2026-09-19T16:39:07.617+07:00,transformer,cuda,NVIDIA GeForce RTX 3060,gpt,synthetic_markov,16,512,fp32,measure,2,66.57487000029505,123049.43291610925,tokens/s,,,8.210187911987305,,ok,,,"{""n_params"": 4339200, ""d_model"": 256, ""n_layers"": 4, ""n_heads"": 4, ""tokens_per_step"": 8192, ""entropy_floor_loss"": 1.3862943611198906, ""step_ms"": 66.57487000029505}","{""torch"":""2.14.0+cu130"",""device_name"":""NVIDIA GeForce RTX 3060"",""seed"":1234,""git_commit"":""02ef55fdd8ca475c0661076be05396562212d8b7"",""code_sha256"":""2aca8dcddc402f2b"",""hostname"":""kimang-ubuntu""}"
20260919T163805,2026-09-19T16:39:07.674+07:00,transformer,cuda,NVIDIA GeForce RTX 3060,gpt,synthetic_markov,16,512,fp32,measure,3,56.651736999810964,144602.8036179603,tokens/s,,,8.181863784790039,,ok,,,"{""n_params"": 4339200, ""d_model"": 256, ""n_layers"": 4, ""n_heads"": 4, ""tokens_per_step"": 8192, ""entropy_floor_loss"": 1.3862943611198906, ""step_ms"": 56.651736999810964}","{""torch"":""2.14.0+cu130"",""device_name"":""NVIDIA GeForce RTX 3060"",""seed"":1234,""git_commit"":""02ef55fdd8ca475c0661076be05396562212d8b7"",""code_sha256"":""2aca8dcddc402f2b"",""hostname"":""kimang-ubuntu""}"
20260919T163805,2026-09-19T16:39:07.731+07:00,transformer,cuda,NVIDIA GeForce RTX 3060,gpt,synthetic_markov,16,512,fp32,measure,4,57.530101999873295,142395.01956763508,tokens/s,,,8.159143447875977,,ok,,,"{""n_params"": 4339200, ""d_model"": 256, ""n_layers"": 4, ""n_heads"": 4, ""tokens_per_step"": 8192, ""entropy_floor_loss"": 1.3862943611198906, ""step_ms"": 57.530101999873295}","{""torch"":""2.14.0+cu130"",""device_name"":""NVIDIA GeForce RTX 3060"",""seed"":1234,""git_commit"":""02ef55fdd8ca475c0661076be05396562212d8b7"",""code_sha256"":""2aca8dcddc402f2b"",""hostname"":""kimang-ubuntu""}"
20260919T163805,2026-09-19T16:39:07.789+07:00,transformer,cuda,NVIDIA GeForce RTX 3060,gpt,synthetic_markov,16,512,fp32,measure,5,57.882391000021016,141528.3622267267,tokens/s,,,8.115188598632812,,ok,,,"{""n_params"": 4339200, ""d_model"": 256, ""n_layers"": 4, ""n_heads"": 4, ""tokens_per_step"": 8192, ""entropy_floor_loss"": 1.3862943611198906, ""step_ms"": 57.882391000021016}","{""torch"":""2.14.0+cu130"",""device_name"":""NVIDIA GeForce RTX 3060"",""seed"":1234,""git_commit"":""02ef55fdd8ca475c0661076be05396562212d8b7"",""code_sha256"":""2aca8dcddc402f2b"",""hostname"":""kimang-ubuntu""}"
20260919T163805,2026-09-19T16:39:07.847+07:00,transformer,cuda,NVIDIA GeForce RTX 3060,gpt,synthetic_markov,16,512,fp32,measure,6,57.866729000124906,141566.6677821433,tokens/s,,,8.109375,,ok,,,"{""n_params"": 4339200, ""d_model"": 256, ""n_layers"": 4, ""n_heads"": 4, ""tokens_per_step"": 8192, ""entropy_floor_loss"": 1.3862943611198906, ""step_ms"": 57.866729000124906}","{""torch"":""2.14.0+cu130"",""device_name"":""NVIDIA GeForce RTX 3060"",""seed"":1234,""git_commit"":""02ef55fdd8ca475c0661076be05396562212d8b7"",""code_sha256"":""2aca8dcddc402f2b"",""hostname"":""kimang-ubuntu""}"
20260919T163805,2026-09-19T16:39:07.907+07:00,transformer,cuda,NVIDIA GeForce RTX 3060,gpt,synthetic_markov,16,512,fp32,measure,7,59.407476999695064,137895.1003093777,tokens/s,,,8.070186614990234,,ok,,,"{""n_params"": 4339200, ""d_model"": 256, ""n_layers"": 4, ""n_heads"": 4, ""tokens_per_step"": 8192, ""entropy_floor_loss"": 1.3862943611198906, ""step_ms"": 59.407476999695064}","{""torch"":""2.14.0+cu130"",""device_name"":""NVIDIA GeForce RTX 3060"",""seed"":1234,""git_commit"":""02ef55fdd8ca475c0661076be05396562212d8b7"",""code_sha256"":""2aca8dcddc402f2b"",""hostname"":""kimang-ubuntu""}"
20260919T163805,2026-09-19T16:39:07.969+07:00,transformer,cuda,NVIDIA GeForce RTX 3060,gpt,synthetic_markov,16,512,fp32,measure,8,62.097891999655985,131920.7421734281,tokens/s,,,8.044516563415527,,ok,,,"{""n_params"": 4339200, ""d_model"": 256, ""n_layers"": 4, ""n_heads"": 4, ""tokens_per_step"": 8192, ""entropy_floor_loss"": 1.3862943611198906, ""step_ms"": 62.097891999655985}","{""torch"":""2.14.0+cu130"",""device_name"":""NVIDIA GeForce RTX 3060"",""seed"":1234,""git_commit"":""02ef55fdd8ca475c0661076be05396562212d8b7"",""code_sha256"":""2aca8dcddc402f2b"",""hostname"":""kimang-ubuntu""}"
20260919T163805,2026-09-19T16:39:08.031+07:00,transformer,cuda,NVIDIA GeForce RTX 3060,gpt,synthetic_markov,16,512,fp32,measure,9,61.786255000697565,132586.12291532336,tokens/s,,,8.021337509155273,,ok,,,"{""n_params"": 4339200, ""d_model"": 256, ""n_layers"": 4, ""n_heads"": 4, ""tokens_per_step"": 8192, ""entropy_floor_loss"": 1.3862943611198906, ""step_ms"": 61.786255000697565}","{""torch"":""2.14.0+cu130"",""device_name"":""NVIDIA GeForce RTX 3060"",""seed"":1234,""git_commit"":""02ef55fdd8ca475c0661076be05396562212d8b7"",""code_sha256"":""2aca8dcddc402f2b"",""hostname"":""kimang-ubuntu""}"
20260919T163805,2026-09-19T16:39:08.093+07:00,transformer,cuda,NVIDIA GeForce RTX 3060,gpt,synthetic_markov,16,512,fp32,measure,10,61.480293000386155,133245.94923366007,tokens/s,,,7.993056297302246,,ok,,,"{""n_params"": 4339200, ""d_model"": 256, ""n_layers"": 4, ""n_heads"": 4, ""tokens_per_step"": 8192, ""entropy_floor_loss"": 1.3862943611198906, ""step_ms"": 61.480293000386155}","{""torch"":""2.14.0+cu130"",""device_name"":""NVIDIA GeForce RTX 3060"",""seed"":1234,""git_commit"":""02ef55fdd8ca475c0661076be05396562212d8b7"",""code_sha256"":""2aca8dcddc402f2b"",""hostname"":""kimang-ubuntu""}"
20260919T163805,2026-09-19T16:39:08.153+07:00,transformer,cuda,NVIDIA GeForce RTX 3060,gpt,synthetic_markov,16,512,fp32,measure,11,60.369224999703874,135698.2800431873,tokens/s,,,7.965324401855469,,ok,,,"{""n_params"": 4339200, ""d_model"": 256, ""n_layers"": 4, ""n_heads"": 4, ""tokens_per_step"": 8192, ""entropy_floor_loss"": 1.3862943611198906, ""step_ms"": 60.369224999703874}","{""torch"":""2.14.0+cu130"",""device_name"":""NVIDIA GeForce RTX 3060"",""seed"":1234,""git_commit"":""02ef55fdd8ca475c0661076be05396562212d8b7"",""code_sha256"":""2aca8dcddc402f2b"",""hostname"":""kimang-ubuntu""}"
20260919T163805,2026-09-19T16:39:08.213+07:00,transformer,cuda,NVIDIA GeForce RTX 3060,gpt,synthetic_markov,16,512,fp32,measure,12,60.12767900028848,136243.409627714,tokens/s,,,7.946084022521973,,ok,,,"{""n_params"": 4339200, ""d_model"": 256, ""n_layers"": 4, ""n_heads"": 4, ""tokens_per_step"": 8192, ""entropy_floor_loss"": 1.3862943611198906, ""step_ms"": 60.12767900028848}","{""torch"":""2.14.0+cu130"",""device_name"":""NVIDIA GeForce RTX 3060"",""seed"":1234,""git_commit"":""02ef55fdd8ca475c0661076be05396562212d8b7"",""code_sha256"":""2aca8dcddc402f2b"",""hostname"":""kimang-ubuntu""}"
20260919T163805,2026-09-19T16:39:08.274+07:00,transformer,cuda,NVIDIA GeForce RTX 3060,gpt,synthetic_markov,16,512,fp32,measure,13,60.25176700040902,135962.81748789854,tokens/s,,,7.912240505218506,,ok,,,"{""n_params"": 4339200, ""d_model"": 256, ""n_layers"": 4, ""n_heads"": 4, ""tokens_per_step"": 8192, ""entropy_floor_loss"": 1.3862943611198906, ""step_ms"": 60.25176700040902}","{""torch"":""2.14.0+cu130"",""device_name"":""NVIDIA GeForce RTX 3060"",""seed"":1234,""git_commit"":""02ef55fdd8ca475c0661076be05396562212d8b7"",""code_sha256"":""2aca8dcddc402f2b"",""hostname"":""kimang-ubuntu""}"
20260919T163805,2026-09-19T16:39:08.333+07:00,transformer,cuda,NVIDIA GeForce RTX 3060,gpt,synthetic_markov,16,512,fp32,measure,14,59.531307000725064,137608.26719124822,tokens/s,,,7.886265754699707,,ok,,,"{""n_params"": 4339200, ""d_model"": 256, ""n_layers"": 4, ""n_heads"": 4, ""tokens_per_step"": 8192, ""entropy_floor_loss"": 1.3862943611198906, ""step_ms"": 59.531307000725064}","{""torch"":""2.14.0+cu130"",""device_name"":""NVIDIA GeForce RTX 3060"",""seed"":1234,""git_commit"":""02ef55fdd8ca475c0661076be05396562212d8b7"",""code_sha256"":""2aca8dcddc402f2b"",""hostname"":""kimang-ubuntu""}"
20260919T163805,2026-09-19T16:39:08.392+07:00,transformer,cuda,NVIDIA GeForce RTX 3060,gpt,synthetic_markov,16,512,fp32,measure,15,59.05310999969515,138722.58379012195,tokens/s,,,7.864110469818115,,ok,,,"{""n_params"": 4339200, ""d_model"": 256, ""n_layers"": 4, ""n_heads"": 4, ""tokens_per_step"": 8192, ""entropy_floor_loss"": 1.3862943611198906, ""step_ms"": 59.05310999969515}","{""torch"":""2.14.0+cu130"",""device_name"":""NVIDIA GeForce RTX 3060"",""seed"":1234,""git_commit"":""02ef55fdd8ca475c0661076be05396562212d8b7"",""code_sha256"":""2aca8dcddc402f2b"",""hostname"":""kimang-ubuntu""}"
20260919T163805,2026-09-19T16:39:08.452+07:00,transformer,cuda,NVIDIA GeForce RTX 3060,gpt,synthetic_markov,16,512,fp32,measure,16,59.4476329997633,137801.95420114737,tokens/s,,,7.852682113647461,,ok,,,"{""n_params"": 4339200, ""d_model"": 256, ""n_layers"": 4, ""n_heads"": 4, ""tokens_per_step"": 8192, ""entropy_floor_loss"": 1.3862943611198906, ""step_ms"": 59.4476329997633}","{""torch"":""2.14.0+cu130"",""device_name"":""NVIDIA GeForce RTX 3060"",""seed"":1234,""git_commit"":""02ef55fdd8ca475c0661076be05396562212d8b7"",""code_sha256"":""2aca8dcddc402f2b"",""hostname"":""kimang-ubuntu""}"
20260919T163805,2026-09-19T16:39:08.511+07:00,transformer,cuda,NVIDIA GeForce RTX 3060,gpt,synthetic_markov,16,512,fp32,measure,17,58.94461699972453,138977.91549037097,tokens/s,,,7.8211283683776855,,ok,,,"{""n_params"": 4339200, ""d_model"": 256, ""n_layers"": 4, ""n_heads"": 4, ""tokens_per_step"": 8192, ""entropy_floor_loss"": 1.3862943611198906, ""step_ms"": 58.94461699972453}","{""torch"":""2.14.0+cu130"",""device_name"":""NVIDIA GeForce RTX 3060"",""seed"":1234,""git_commit"":""02ef55fdd8ca475c0661076be05396562212d8b7"",""code_sha256"":""2aca8dcddc402f2b"",""hostname"":""kimang-ubuntu""}"
20260919T163805,2026-09-19T16:39:08.570+07:00,transformer,cuda,NVIDIA GeForce RTX 3060,gpt,synthetic_markov,16,512,fp32,measure,18,58.695499999885214,139567.76925004506,tokens/s,,,7.793490409851074,,ok,,,"{""n_params"": 4339200, ""d_model"": 256, ""n_layers"": 4, ""n_heads"": 4, ""tokens_per_step"": 8192, ""entropy_floor_loss"": 1.3862943611198906, ""step_ms"": 58.695499999885214}","{""torch"":""2.14.0+cu130"",""device_name"":""NVIDIA GeForce RTX 3060"",""seed"":1234,""git_commit"":""02ef55fdd8ca475c0661076be05396562212d8b7"",""code_sha256"":""2aca8dcddc402f2b"",""hostname"":""kimang-ubuntu""}"
20260919T163805,2026-09-19T16:39:08.629+07:00,transformer,cuda,NVIDIA GeForce RTX 3060,gpt,synthetic_markov,16,512,fp32,measure,19,58.84889800017845,139203.96606195002,tokens/s,,,7.752979278564453,,ok,,,"{""n_params"": 4339200, ""d_model"": 256, ""n_layers"": 4, ""n_heads"": 4, ""tokens_per_step"": 8192, ""entropy_floor_loss"": 1.3862943611198906, ""step_ms"": 58.84889800017845}","{""torch"":""2.14.0+cu130"",""device_name"":""NVIDIA GeForce RTX 3060"",""seed"":1234,""git_commit"":""02ef55fdd8ca475c0661076be05396562212d8b7"",""code_sha256"":""2aca8dcddc402f2b"",""hostname"":""kimang-ubuntu""}"
20260919T163805,2026-09-19T16:39:08.630+07:00,transformer,cuda,NVIDIA GeForce RTX 3060,gpt,synthetic_markov,16,512,fp32,config,,,,,1107.91748046875,cuda_max_memory_allocated (exact peak of tensor allocations),,,ok,,,"{""n_params"": 4339200, ""d_model"": 256, ""n_layers"": 4, ""n_heads"": 4, ""tokens_per_step"": 8192, ""entropy_floor_loss"": 1.3862943611198906, ""process_rss_mb"": 1237.15234375, ""cuda_allocated_mb"": 83.3359375, ""cuda_reserved_mb"": 1184.0, ""cuda_peak_allocated_mb"": 1107.91748046875, ""cuda_peak_reserved_mb"": 1184.0}","{""torch"":""2.14.0+cu130"",""device_name"":""NVIDIA GeForce RTX 3060"",""seed"":1234,""git_commit"":""02ef55fdd8ca475c0661076be05396562212d8b7"",""code_sha256"":""2aca8dcddc402f2b"",""hostname"":""kimang-ubuntu""}"
20260919T163805,2026-09-19T16:39:08.805+07:00,transformer,cuda,NVIDIA GeForce RTX 3060,gpt,synthetic_markov,32,128,fp32,warmup,0,24.806411000099615,165118.60583070852,tokens/s,,,8.3681640625,,ok,,,"{""n_params"": 4240896, ""d_model"": 256, ""n_layers"": 4, ""n_heads"": 4, ""tokens_per_step"": 4096, ""entropy_floor_loss"": 1.3862943611198906, ""step_ms"": 24.806411000099615}","{""torch"":""2.14.0+cu130"",""device_name"":""NVIDIA GeForce RTX 3060"",""seed"":1234,""git_commit"":""02ef55fdd8ca475c0661076be05396562212d8b7"",""code_sha256"":""2aca8dcddc402f2b"",""hostname"":""kimang-ubuntu""}"
20260919T163805,2026-09-19T16:39:08.830+07:00,transformer,cuda,NVIDIA GeForce RTX 3060,gpt,synthetic_markov,32,128,fp32,warmup,1,24.405248999755713,167832.74778474905,tokens/s,,,8.33637809753418,,ok,,,"{""n_params"": 4240896, ""d_model"": 256, ""n_layers"": 4, ""n_heads"": 4, ""tokens_per_step"": 4096, ""entropy_floor_loss"": 1.3862943611198906, ""step_ms"": 24.405248999755713}","{""torch"":""2.14.0+cu130"",""device_name"":""NVIDIA GeForce RTX 3060"",""seed"":1234,""git_commit"":""02ef55fdd8ca475c0661076be05396562212d8b7"",""code_sha256"":""2aca8dcddc402f2b"",""hostname"":""kimang-ubuntu""}"
20260919T163805,2026-09-19T16:39:08.854+07:00,transformer,cuda,NVIDIA GeForce RTX 3060,gpt,synthetic_markov,32,128,fp32,warmup,2,24.447619999591552,167541.871154265,tokens/s,,,8.325088500976562,,ok,,,"{""n_params"": 4240896, ""d_model"": 256, ""n_layers"": 4, ""n_heads"": 4, ""tokens_per_step"": 4096, ""entropy_floor_loss"": 1.3862943611198906, ""step_ms"": 24.447619999591552}","{""torch"":""2.14.0+cu130"",""device_name"":""NVIDIA GeForce RTX 3060"",""seed"":1234,""git_commit"":""02ef55fdd8ca475c0661076be05396562212d8b7"",""code_sha256"":""2aca8dcddc402f2b"",""hostname"":""kimang-ubuntu""}"
20260919T163805,2026-09-19T16:39:08.879+07:00,transformer,cuda,NVIDIA GeForce RTX 3060,gpt,synthetic_markov,32,128,fp32,measure,0,24.53048499955912,166975.907735767,tokens/s,,,8.302081108093262,,ok,,,"{""n_params"": 4240896, ""d_model"": 256, ""n_layers"": 4, ""n_heads"": 4, ""tokens_per_step"": 4096, ""entropy_floor_loss"": 1.3862943611198906, ""step_ms"": 24.53048499955912}","{""torch"":""2.14.0+cu130"",""device_name"":""NVIDIA GeForce RTX 3060"",""seed"":1234,""git_commit"":""02ef55fdd8ca475c0661076be05396562212d8b7"",""code_sha256"":""2aca8dcddc402f2b"",""hostname"":""kimang-ubuntu""}"
20260919T163805,2026-09-19T16:39:08.903+07:00,transformer,cuda,NVIDIA GeForce RTX 3060,gpt,synthetic_markov,32,128,fp32,measure,1,24.522781999621657,167028.35755189578,tokens/s,,,8.292572975158691,,ok,,,"{""n_params"": 4240896, ""d_model"": 256, ""n_layers"": 4, ""n_heads"": 4, ""tokens_per_step"": 4096, ""entropy_floor_loss"": 1.3862943611198906, ""step_ms"": 24.522781999621657}","{""torch"":""2.14.0+cu130"",""device_name"":""NVIDIA GeForce RTX 3060"",""seed"":1234,""git_commit"":""02ef55fdd8ca475c0661076be05396562212d8b7"",""code_sha256"":""2aca8dcddc402f2b"",""hostname"":""kimang-ubuntu""}"
20260919T163805,2026-09-19T16:39:08.928+07:00,transformer,cuda,NVIDIA GeForce RTX 3060,gpt,synthetic_markov,32,128,fp32,measure,2,24.34256299966364,168264.94400185376,tokens/s,,,8.273284912109375,,ok,,,"{""n_params"": 4240896, ""d_model"": 256, ""n_layers"": 4, ""n_heads"": 4, ""tokens_per_step"": 4096, ""entropy_floor_loss"": 1.3862943611198906, ""step_ms"": 24.34256299966364}","{""torch"":""2.14.0+cu130"",""device_name"":""NVIDIA GeForce RTX 3060"",""seed"":1234,""git_commit"":""02ef55fdd8ca475c0661076be05396562212d8b7"",""code_sha256"":""2aca8dcddc402f2b"",""hostname"":""kimang-ubuntu""}"
20260919T163805,2026-09-19T16:39:08.952+07:00,transformer,cuda,NVIDIA GeForce RTX 3060,gpt,synthetic_markov,32,128,fp32,measure,3,24.324953999894205,168386.75214011976,tokens/s,,,8.267127990722656,,ok,,,"{""n_params"": 4240896, ""d_model"": 256, ""n_layers"": 4, ""n_heads"": 4, ""tokens_per_step"": 4096, ""entropy_floor_loss"": 1.3862943611198906, ""step_ms"": 24.324953999894205}","{""torch"":""2.14.0+cu130"",""device_name"":""NVIDIA GeForce RTX 3060"",""seed"":1234,""git_commit"":""02ef55fdd8ca475c0661076be05396562212d8b7"",""code_sha256"":""2aca8dcddc402f2b"",""hostname"":""kimang-ubuntu""}"
20260919T163805,2026-09-19T16:39:08.977+07:00,transformer,cuda,NVIDIA GeForce RTX 3060,gpt,synthetic_markov,32,128,fp32,measure,4,24.365745000068273,168104.85376041336,tokens/s,,,8.240313529968262,,ok,,,"{""n_params"": 4240896, ""d_model"": 256, ""n_layers"": 4, ""n_heads"": 4, ""tokens_per_step"": 4096, ""entropy_floor_loss"": 1.3862943611198906, ""step_ms"": 24.365745000068273}","{""torch"":""2.14.0+cu130"",""device_name"":""NVIDIA GeForce RTX 3060"",""seed"":1234,""git_commit"":""02ef55fdd8ca475c0661076be05396562212d8b7"",""code_sha256"":""2aca8dcddc402f2b"",""hostname"":""kimang-ubuntu""}"
20260919T163805,2026-09-19T16:39:09.001+07:00,transformer,cuda,NVIDIA GeForce RTX 3060,gpt,synthetic_markov,32,128,fp32,measure,5,24.38233799966838,167990.4527636238,tokens/s,,,8.231389999389648,,ok,,,"{""n_params"": 4240896, ""d_model"": 256, ""n_layers"": 4, ""n_heads"": 4, ""tokens_per_step"": 4096, ""entropy_floor_loss"": 1.3862943611198906, ""step_ms"": 24.38233799966838}","{""torch"":""2.14.0+cu130"",""device_name"":""NVIDIA GeForce RTX 3060"",""seed"":1234,""git_commit"":""02ef55fdd8ca475c0661076be05396562212d8b7"",""code_sha256"":""2aca8dcddc402f2b"",""hostname"":""kimang-ubuntu""}"
20260919T163805,2026-09-19T16:39:09.026+07:00,transformer,cuda,NVIDIA GeForce RTX 3060,gpt,synthetic_markov,32,128,fp32,measure,6,24.843989000146394,164868.85419148527,tokens/s,,,8.212105751037598,,ok,,,"{""n_params"": 4240896, ""d_model"": 256, ""n_layers"": 4, ""n_heads"": 4, ""tokens_per_step"": 4096, ""entropy_floor_loss"": 1.3862943611198906, ""step_ms"": 24.843989000146394}","{""torch"":""2.14.0+cu130"",""device_name"":""NVIDIA GeForce RTX 3060"",""seed"":1234,""git_commit"":""02ef55fdd8ca475c0661076be05396562212d8b7"",""code_sha256"":""2aca8dcddc402f2b"",""hostname"":""kimang-ubuntu""}"
20260919T163805,2026-09-19T16:39:09.051+07:00,transformer,cuda,NVIDIA GeForce RTX 3060,gpt,synthetic_markov,32,128,fp32,measure,7,24.973380000119505,164014.64279085968,tokens/s,,,8.198431968688965,,ok,,,"{""n_params"": 4240896, ""d_model"": 256, ""n_layers"": 4, ""n_heads"": 4, ""tokens_per_step"": 4096, ""entropy_floor_loss"": 1.3862943611198906, ""step_ms"": 24.973380000119505}","{""torch"":""2.14.0+cu130"",""device_name"":""NVIDIA GeForce RTX 3060"",""seed"":1234,""git_commit"":""02ef55fdd8ca475c0661076be05396562212d8b7"",""code_sha256"":""2aca8dcddc402f2b"",""hostname"":""kimang-ubuntu""}"
20260919T163805,2026-09-19T16:39:09.076+07:00,transformer,cuda,NVIDIA GeForce RTX 3060,gpt,synthetic_markov,32,128,fp32,measure,8,24.892194999665662,164549.57066080414,tokens/s,,,8.175413131713867,,ok,,,"{""n_params"": 4240896, ""d_model"": 256, ""n_layers"": 4, ""n_heads"": 4, ""tokens_per_step"": 4096, ""entropy_floor_loss"": 1.3862943611198906, ""step_ms"": 24.892194999665662}","{""torch"":""2.14.0+cu130"",""device_name"":""NVIDIA GeForce RTX 3060"",""seed"":1234,""git_commit"":""02ef55fdd8ca475c0661076be05396562212d8b7"",""code_sha256"":""2aca8dcddc402f2b"",""hostname"":""kimang-ubuntu""}"
20260919T163805,2026-09-19T16:39:09.101+07:00,transformer,cuda,NVIDIA GeForce RTX 3060,gpt,synthetic_markov,32,128,fp32,measure,9,24.9506210002437,164164.25065973282,tokens/s,,,8.168387413024902,,ok,,,"{""n_params"": 4240896, ""d_model"": 256, ""n_layers"": 4, ""n_heads"": 4, ""tokens_per_step"": 4096, ""entropy_floor_loss"": 1.3862943611198906, ""step_ms"": 24.9506210002437}","{""torch"":""2.14.0+cu130"",""device_name"":""NVIDIA GeForce RTX 3060"",""seed"":1234,""git_commit"":""02ef55fdd8ca475c0661076be05396562212d8b7"",""code_sha256"":""2aca8dcddc402f2b"",""hostname"":""kimang-ubuntu""}"
20260919T163805,2026-09-19T16:39:09.131+07:00,transformer,cuda,NVIDIA GeForce RTX 3060,gpt,synthetic_markov,32,128,fp32,measure,10,29.82234899991454,137346.65904458895,tokens/s,,,8.149539947509766,,ok,,,"{""n_params"": 4240896, ""d_model"": 256, ""n_layers"": 4, ""n_heads"": 4, ""tokens_per_step"": 4096, ""entropy_floor_loss"": 1.3862943611198906, ""step_ms"": 29.82234899991454}","{""torch"":""2.14.0+cu130"",""device_name"":""NVIDIA GeForce RTX 3060"",""seed"":1234,""git_commit"":""02ef55fdd8ca475c0661076be05396562212d8b7"",""code_sha256"":""2aca8dcddc402f2b"",""hostname"":""kimang-ubuntu""}"
20260919T163805,2026-09-19T16:39:09.164+07:00,transformer,cuda,NVIDIA GeForce RTX 3060,gpt,synthetic_markov,32,128,fp32,measure,11,32.44687400001567,126237.12225707852,tokens/s,,,8.131223678588867,,ok,,,"{""n_params"": 4240896, ""d_model"": 256, ""n_layers"": 4, ""n_heads"": 4, ""tokens_per_step"": 4096, ""entropy_floor_loss"": 1.3862943611198906, ""step_ms"": 32.44687400001567}","{""torch"":""2.14.0+cu130"",""device_name"":""NVIDIA GeForce RTX 3060"",""seed"":1234,""git_commit"":""02ef55fdd8ca475c0661076be05396562212d8b7"",""code_sha256"":""2aca8dcddc402f2b"",""hostname"":""kimang-ubuntu""}"
20260919T163805,2026-09-19T16:39:09.189+07:00,transformer,cuda,NVIDIA GeForce RTX 3060,gpt,synthetic_markov,32,128,fp32,measure,12,25.384006000422232,161361.44940762574,tokens/s,,,8.116076469421387,,ok,,,"{""n_params"": 4240896, ""d_model"": 256, ""n_layers"": 4, ""n_heads"": 4, ""tokens_per_step"": 4096, ""entropy_floor_loss"": 1.3862943611198906, ""step_ms"": 25.384006000422232}","{""torch"":""2.14.0+cu130"",""device_name"":""NVIDIA GeForce RTX 3060"",""seed"":1234,""git_commit"":""02ef55fdd8ca475c0661076be05396562212d8b7"",""code_sha256"":""2aca8dcddc402f2b"",""hostname"":""kimang-ubuntu""}"
20260919T163805,2026-09-19T16:39:09.214+07:00,transformer,cuda,NVIDIA GeForce RTX 3060,gpt,synthetic_markov,32,128,fp32,measure,13,24.884323999685876,164601.6182738862,tokens/s,,,8.092294692993164,,ok,,,"{""n_params"": 4240896, ""d_model"": 256, ""n_layers"": 4, ""n_heads"": 4, ""tokens_per_step"": 4096, ""entropy_floor_loss"": 1.3862943611198906, ""step_ms"": 24.884323999685876}","{""torch"":""2.14.0+cu130"",""device_name"":""NVIDIA GeForce RTX 3060"",""seed"":1234,""git_commit"":""02ef55fdd8ca475c0661076be05396562212d8b7"",""code_sha256"":""2aca8dcddc402f2b"",""hostname"":""kimang-ubuntu""}"
20260919T163805,2026-09-19T16:39:09.239+07:00,transformer,cuda,NVIDIA GeForce RTX 3060,gpt,synthetic_markov,32,128,fp32,measure,14,24.951281000539893,164159.90825927418,tokens/s,,,8.08319091796875,,ok,,,"{""n_params"": 4240896, ""d_model"": 256, ""n_layers"": 4, ""n_heads"": 4, ""tokens_per_step"": 4096, ""entropy_floor_loss"": 1.3862943611198906, ""step_ms"": 24.951281000539893}","{""torch"":""2.14.0+cu130"",""device_name"":""NVIDIA GeForce RTX 3060"",""seed"":1234,""git_commit"":""02ef55fdd8ca475c0661076be05396562212d8b7"",""code_sha256"":""2aca8dcddc402f2b"",""hostname"":""kimang-ubuntu""}"
20260919T163805,2026-09-19T16:39:09.277+07:00,transformer,cuda,NVIDIA GeForce RTX 3060,gpt,synthetic_markov,32,128,fp32,measure,15,37.61201700035599,108901.36521955821,tokens/s,,,8.064092636108398,,ok,,,"{""n_params"": 4240896, ""d_model"": 256, ""n_layers"": 4, ""n_heads"": 4, ""tokens_per_step"": 4096, ""entropy_floor_loss"": 1.3862943611198906, ""step_ms"": 37.61201700035599}","{""torch"":""2.14.0+cu130"",""device_name"":""NVIDIA GeForce RTX 3060"",""seed"":1234,""git_commit"":""02ef55fdd8ca475c0661076be05396562212d8b7"",""code_sha256"":""2aca8dcddc402f2b"",""hostname"":""kimang-ubuntu""}"
20260919T163805,2026-09-19T16:39:09.303+07:00,transformer,cuda,NVIDIA GeForce RTX 3060,gpt,synthetic_markov,32,128,fp32,measure,16,25.345539999761968,161606.34178788328,tokens/s,,,8.036685943603516,,ok,,,"{""n_params"": 4240896, ""d_model"": 256, ""n_layers"": 4, ""n_heads"": 4, ""tokens_per_step"": 4096, ""entropy_floor_loss"": 1.3862943611198906, ""step_ms"": 25.345539999761968}","{""torch"":""2.14.0+cu130"",""device_name"":""NVIDIA GeForce RTX 3060"",""seed"":1234,""git_commit"":""02ef55fdd8ca475c0661076be05396562212d8b7"",""code_sha256"":""2aca8dcddc402f2b"",""hostname"":""kimang-ubuntu""}"
20260919T163805,2026-09-19T16:39:09.332+07:00,transformer,cuda,NVIDIA GeForce RTX 3060,gpt,synthetic_markov,32,128,fp32,measure,17,29.192193999733718,140311.4818994887,tokens/s,,,8.025150299072266,,ok,,,"{""n_params"": 4240896, ""d_model"": 256, ""n_layers"": 4, ""n_heads"": 4, ""tokens_per_step"": 4096, ""entropy_floor_loss"": 1.3862943611198906, ""step_ms"": 29.192193999733718}","{""torch"":""2.14.0+cu130"",""device_name"":""NVIDIA GeForce RTX 3060"",""seed"":1234,""git_commit"":""02ef55fdd8ca475c0661076be05396562212d8b7"",""code_sha256"":""2aca8dcddc402f2b"",""hostname"":""kimang-ubuntu""}"
20260919T163805,2026-09-19T16:39:09.361+07:00,transformer,cuda,NVIDIA GeForce RTX 3060,gpt,synthetic_markov,32,128,fp32,measure,18,29.368315000283474,139470.03769063577,tokens/s,,,8.008234024047852,,ok,,,"{""n_params"": 4240896, ""d_model"": 256, ""n_layers"": 4, ""n_heads"": 4, ""tokens_per_step"": 4096, ""entropy_floor_loss"": 1.3862943611198906, ""step_ms"": 29.368315000283474}","{""torch"":""2.14.0+cu130"",""device_name"":""NVIDIA GeForce RTX 3060"",""seed"":1234,""git_commit"":""02ef55fdd8ca475c0661076be05396562212d8b7"",""code_sha256"":""2aca8dcddc402f2b"",""hostname"":""kimang-ubuntu""}"
20260919T163805,2026-09-19T16:39:09.391+07:00,transformer,cuda,NVIDIA GeForce RTX 3060,gpt,synthetic_markov,32,128,fp32,measure,19,29.748107000159507,137689.43348153337,tokens/s,,,7.985576629638672,,ok,,,"{""n_params"": 4240896, ""d_model"": 256, ""n_layers"": 4, ""n_heads"": 4, ""tokens_per_step"": 4096, ""entropy_floor_loss"": 1.3862943611198906, ""step_ms"": 29.748107000159507}","{""torch"":""2.14.0+cu130"",""device_name"":""NVIDIA GeForce RTX 3060"",""seed"":1234,""git_commit"":""02ef55fdd8ca475c0661076be05396562212d8b7"",""code_sha256"":""2aca8dcddc402f2b"",""hostname"":""kimang-ubuntu""}"
20260919T163805,2026-09-19T16:39:09.392+07:00,transformer,cuda,NVIDIA GeForce RTX 3060,gpt,synthetic_markov,32,128,fp32,config,,,,,586.22705078125,cuda_max_memory_allocated (exact peak of tensor allocations),,,ok,,,"{""n_params"": 4240896, ""d_model"": 256, ""n_layers"": 4, ""n_heads"": 4, ""tokens_per_step"": 4096, ""entropy_floor_loss"": 1.3862943611198906, ""process_rss_mb"": 1237.15625, ""cuda_allocated_mb"": 81.8359375, ""cuda_reserved_mb"": 674.0, ""cuda_peak_allocated_mb"": 586.22705078125, ""cuda_peak_reserved_mb"": 674.0}","{""torch"":""2.14.0+cu130"",""device_name"":""NVIDIA GeForce RTX 3060"",""seed"":1234,""git_commit"":""02ef55fdd8ca475c0661076be05396562212d8b7"",""code_sha256"":""2aca8dcddc402f2b"",""hostname"":""kimang-ubuntu""}"
20260919T163805,2026-09-19T16:39:09.585+07:00,transformer,cuda,NVIDIA GeForce RTX 3060,gpt,synthetic_markov,32,256,fp32,warmup,0,49.330521000229055,166063.5207960192,tokens/s,,,8.377710342407227,,ok,,,"{""n_params"": 4273664, ""d_model"": 256, ""n_layers"": 4, ""n_heads"": 4, ""tokens_per_step"": 8192, ""entropy_floor_loss"": 1.3862943611198906, ""step_ms"": 49.330521000229055}","{""torch"":""2.14.0+cu130"",""device_name"":""NVIDIA GeForce RTX 3060"",""seed"":1234,""git_commit"":""02ef55fdd8ca475c0661076be05396562212d8b7"",""code_sha256"":""2aca8dcddc402f2b"",""hostname"":""kimang-ubuntu""}"
20260919T163805,2026-09-19T16:39:09.634+07:00,transformer,cuda,NVIDIA GeForce RTX 3060,gpt,synthetic_markov,32,256,fp32,warmup,1,49.103835000096296,166830.14676926832,tokens/s,,,8.330018997192383,,ok,,,"{""n_params"": 4273664, ""d_model"": 256, ""n_layers"": 4, ""n_heads"": 4, ""tokens_per_step"": 8192, ""entropy_floor_loss"": 1.3862943611198906, ""step_ms"": 49.103835000096296}","{""torch"":""2.14.0+cu130"",""device_name"":""NVIDIA GeForce RTX 3060"",""seed"":1234,""git_commit"":""02ef55fdd8ca475c0661076be05396562212d8b7"",""code_sha256"":""2aca8dcddc402f2b"",""hostname"":""kimang-ubuntu""}"
20260919T163805,2026-09-19T16:39:09.683+07:00,transformer,cuda,NVIDIA GeForce RTX 3060,gpt,synthetic_markov,32,256,fp32,warmup,2,49.1074639994622,166817.81816486624,tokens/s,,,8.301958084106445,,ok,,,"{""n_params"": 4273664, ""d_model"": 256, ""n_layers"": 4, ""n_heads"": 4, ""tokens_per_step"": 8192, ""entropy_floor_loss"": 1.3862943611198906, ""step_ms"": 49.1074639994622}","{""torch"":""2.14.0+cu130"",""device_name"":""NVIDIA GeForce RTX 3060"",""seed"":1234,""git_commit"":""02ef55fdd8ca475c0661076be05396562212d8b7"",""code_sha256"":""2aca8dcddc402f2b"",""hostname"":""kimang-ubuntu""}"
20260919T163805,2026-09-19T16:39:09.732+07:00,transformer,cuda,NVIDIA GeForce RTX 3060,gpt,synthetic_markov,32,256,fp32,measure,0,49.01546699966275,167130.9180846194,tokens/s,,,8.280315399169922,,ok,,,"{""n_params"": 4273664, ""d_model"": 256, ""n_layers"": 4, ""n_heads"": 4, ""tokens_per_step"": 8192, ""entropy_floor_loss"": 1.3862943611198906, ""step_ms"": 49.01546699966275}","{""torch"":""2.14.0+cu130"",""device_name"":""NVIDIA GeForce RTX 3060"",""seed"":1234,""git_commit"":""02ef55fdd8ca475c0661076be05396562212d8b7"",""code_sha256"":""2aca8dcddc402f2b"",""hostname"":""kimang-ubuntu""}"
20260919T163805,2026-09-19T16:39:09.782+07:00,transformer,cuda,NVIDIA GeForce RTX 3060,gpt,synthetic_markov,32,256,fp32,measure,1,49.36253300002136,165955.82726673398,tokens/s,,,8.254743576049805,,ok,,,"{""n_params"": 4273664, ""d_model"": 256, ""n_layers"": 4, ""n_heads"": 4, ""tokens_per_step"": 8192, ""entropy_floor_loss"": 1.3862943611198906, ""step_ms"": 49.36253300002136}","{""torch"":""2.14.0+cu130"",""device_name"":""NVIDIA GeForce RTX 3060"",""seed"":1234,""git_commit"":""02ef55fdd8ca475c0661076be05396562212d8b7"",""code_sha256"":""2aca8dcddc402f2b"",""hostname"":""kimang-ubuntu""}"
20260919T163805,2026-09-19T16:39:09.831+07:00,transformer,cuda,NVIDIA GeForce RTX 3060,gpt,synthetic_markov,32,256,fp32,measure,2,49.42844099969079,165734.5413757081,tokens/s,,,8.236942291259766,,ok,,,"{""n_params"": 4273664, ""d_model"": 256, ""n_layers"": 4, ""n_heads"": 4, ""tokens_per_step"": 8192, ""entropy_floor_loss"": 1.3862943611198906, ""step_ms"": 49.42844099969079}","{""torch"":""2.14.0+cu130"",""device_name"":""NVIDIA GeForce RTX 3060"",""seed"":1234,""git_commit"":""02ef55fdd8ca475c0661076be05396562212d8b7"",""code_sha256"":""2aca8dcddc402f2b"",""hostname"":""kimang-ubuntu""}"
20260919T163805,2026-09-19T16:39:09.894+07:00,transformer,cuda,NVIDIA GeForce RTX 3060,gpt,synthetic_markov,32,256,fp32,measure,3,62.71319500046957,130626.41761336928,tokens/s,,,8.196626663208008,,ok,,,"{""n_params"": 4273664, ""d_model"": 256, ""n_layers"": 4, ""n_heads"": 4, ""tokens_per_step"": 8192, ""entropy_floor_loss"": 1.3862943611198906, ""step_ms"": 62.71319500046957}","{""torch"":""2.14.0+cu130"",""device_name"":""NVIDIA GeForce RTX 3060"",""seed"":1234,""git_commit"":""02ef55fdd8ca475c0661076be05396562212d8b7"",""code_sha256"":""2aca8dcddc402f2b"",""hostname"":""kimang-ubuntu""}"
20260919T163805,2026-09-19T16:39:09.945+07:00,transformer,cuda,NVIDIA GeForce RTX 3060,gpt,synthetic_markov,32,256,fp32,measure,4,51.07532900001388,160390.54785134667,tokens/s,,,8.167362213134766,,ok,,,"{""n_params"": 4273664, ""d_model"": 256, ""n_layers"": 4, ""n_heads"": 4, ""tokens_per_step"": 8192, ""entropy_floor_loss"": 1.3862943611198906, ""step_ms"": 51.07532900001388}","{""torch"":""2.14.0+cu130"",""device_name"":""NVIDIA GeForce RTX 3060"",""seed"":1234,""git_commit"":""02ef55fdd8ca475c0661076be05396562212d8b7"",""code_sha256"":""2aca8dcddc402f2b"",""hostname"":""kimang-ubuntu""}"
20260919T163805,2026-09-19T16:39:09.998+07:00,transformer,cuda,NVIDIA GeForce RTX 3060,gpt,synthetic_markov,32,256,fp32,measure,5,53.09209000006376,154297.93779054773,tokens/s,,,8.147969245910645,,ok,,,"{""n_params"": 4273664, ""d_model"": 256, ""n_layers"": 4, ""n_heads"": 4, ""tokens_per_step"": 8192, ""entropy_floor_loss"": 1.3862943611198906, ""step_ms"": 53.09209000006376}","{""torch"":""2.14.0+cu130"",""device_name"":""NVIDIA GeForce RTX 3060"",""seed"":1234,""git_commit"":""02ef55fdd8ca475c0661076be05396562212d8b7"",""code_sha256"":""2aca8dcddc402f2b"",""hostname"":""kimang-ubuntu""}"
20260919T163805,2026-09-19T16:39:10.051+07:00,transformer,cuda,NVIDIA GeForce RTX 3060,gpt,synthetic_markov,32,256,fp32,measure,6,52.65479800073081,155579.3642943289,tokens/s,,,8.120763778686523,,ok,,,"{""n_params"": 4273664, ""d_model"": 256, ""n_layers"": 4, ""n_heads"": 4, ""tokens_per_step"": 8192, ""entropy_floor_loss"": 1.3862943611198906, ""step_ms"": 52.65479800073081}","{""torch"":""2.14.0+cu130"",""device_name"":""NVIDIA GeForce RTX 3060"",""seed"":1234,""git_commit"":""02ef55fdd8ca475c0661076be05396562212d8b7"",""code_sha256"":""2aca8dcddc402f2b"",""hostname"":""kimang-ubuntu""}"
20260919T163805,2026-09-19T16:39:10.104+07:00,transformer,cuda,NVIDIA GeForce RTX 3060,gpt,synthetic_markov,32,256,fp32,measure,7,52.86640699978307,154956.62491369265,tokens/s,,,8.10211181640625,,ok,,,"{""n_params"": 4273664, ""d_model"": 256, ""n_layers"": 4, ""n_heads"": 4, ""tokens_per_step"": 8192, ""entropy_floor_loss"": 1.3862943611198906, ""step_ms"": 52.86640699978307}","{""torch"":""2.14.0+cu130"",""device_name"":""NVIDIA GeForce RTX 3060"",""seed"":1234,""git_commit"":""02ef55fdd8ca475c0661076be05396562212d8b7"",""code_sha256"":""2aca8dcddc402f2b"",""hostname"":""kimang-ubuntu""}"
20260919T163805,2026-09-19T16:39:10.158+07:00,transformer,cuda,NVIDIA GeForce RTX 3060,gpt,synthetic_markov,32,256,fp32,measure,8,53.56985199978226,152921.83372157344,tokens/s,,,8.071489334106445,,ok,,,"{""n_params"": 4273664, ""d_model"": 256, ""n_layers"": 4, ""n_heads"": 4, ""tokens_per_step"": 8192, ""entropy_floor_loss"": 1.3862943611198906, ""step_ms"": 53.56985199978226}","{""torch"":""2.14.0+cu130"",""device_name"":""NVIDIA GeForce RTX 3060"",""seed"":1234,""git_commit"":""02ef55fdd8ca475c0661076be05396562212d8b7"",""code_sha256"":""2aca8dcddc402f2b"",""hostname"":""kimang-ubuntu""}"
20260919T163805,2026-09-19T16:39:10.212+07:00,transformer,cuda,NVIDIA GeForce RTX 3060,gpt,synthetic_markov,32,256,fp32,measure,9,53.8092869992397,152241.37796354276,tokens/s,,,8.043912887573242,,ok,,,"{""n_params"": 4273664, ""d_model"": 256, ""n_layers"": 4, ""n_heads"": 4, ""tokens_per_step"": 8192, ""entropy_floor_loss"": 1.3862943611198906, ""step_ms"": 53.8092869992397}","{""torch"":""2.14.0+cu130"",""device_name"":""NVIDIA GeForce RTX 3060"",""seed"":1234,""git_commit"":""02ef55fdd8ca475c0661076be05396562212d8b7"",""code_sha256"":""2aca8dcddc402f2b"",""hostname"":""kimang-ubuntu""}"
20260919T163805,2026-09-19T16:39:10.266+07:00,transformer,cuda,NVIDIA GeForce RTX 3060,gpt,synthetic_markov,32,256,fp32,measure,10,53.69703300038964,152559.6395603563,tokens/s,,,8.02071762084961,,ok,,,"{""n_params"": 4273664, ""d_model"": 256, ""n_layers"": 4, ""n_heads"": 4, ""tokens_per_step"": 8192, ""entropy_floor_loss"": 1.3862943611198906, ""step_ms"": 53.69703300038964}","{""torch"":""2.14.0+cu130"",""device_name"":""NVIDIA GeForce RTX 3060"",""seed"":1234,""git_commit"":""02ef55fdd8ca475c0661076be05396562212d8b7"",""code_sha256"":""2aca8dcddc402f2b"",""hostname"":""kimang-ubuntu""}"
20260919T163805,2026-09-19T16:39:10.320+07:00,transformer,cuda,NVIDIA GeForce RTX 3060,gpt,synthetic_markov,32,256,fp32,measure,11,53.955922000568535,151827.63441450748,tokens/s,,,8.000519752502441,,ok,,,"{""n_params"": 4273664, ""d_model"": 256, ""n_layers"": 4, ""n_heads"": 4, ""tokens_per_step"": 8192, ""entropy_floor_loss"": 1.3862943611198906, ""step_ms"": 53.955922000568535}","{""torch"":""2.14.0+cu130"",""device_name"":""NVIDIA GeForce RTX 3060"",""seed"":1234,""git_commit"":""02ef55fdd8ca475c0661076be05396562212d8b7"",""code_sha256"":""2aca8dcddc402f2b"",""hostname"":""kimang-ubuntu""}"
20260919T163805,2026-09-19T16:39:10.373+07:00,transformer,cuda,NVIDIA GeForce RTX 3060,gpt,synthetic_markov,32,256,fp32,measure,12,53.252697000061744,153832.58429128016,tokens/s,,,7.962893486022949,,ok,,,"{""n_params"": 4273664, ""d_model"": 256, ""n_layers"": 4, ""n_heads"": 4, ""tokens_per_step"": 8192, ""entropy_floor_loss"": 1.3862943611198906, ""step_ms"": 53.252697000061744}","{""torch"":""2.14.0+cu130"",""device_name"":""NVIDIA GeForce RTX 3060"",""seed"":1234,""git_commit"":""02ef55fdd8ca475c0661076be05396562212d8b7"",""code_sha256"":""2aca8dcddc402f2b"",""hostname"":""kimang-ubuntu""}"
20260919T163805,2026-09-19T16:39:10.426+07:00,transformer,cuda,NVIDIA GeForce RTX 3060,gpt,synthetic_markov,32,256,fp32,measure,13,53.0878980007401,154310.12167567448,tokens/s,,,7.945847034454346,,ok,,,"{""n_params"": 4273664, ""d_model"": 256, ""n_layers"": 4, ""n_heads"": 4, ""tokens_per_step"": 8192, ""entropy_floor_loss"": 1.3862943611198906, ""step_ms"": 53.0878980007401}","{""torch"":""2.14.0+cu130"",""device_name"":""NVIDIA GeForce RTX 3060"",""seed"":1234,""git_commit"":""02ef55fdd8ca475c0661076be05396562212d8b7"",""code_sha256"":""2aca8dcddc402f2b"",""hostname"":""kimang-ubuntu""}"
20260919T163805,2026-09-19T16:39:10.480+07:00,transformer,cuda,NVIDIA GeForce RTX 3060,gpt,synthetic_markov,32,256,fp32,measure,14,53.39008099963394,153436.7404322943,tokens/s,,,7.916052341461182,,ok,,,"{""n_params"": 4273664, ""d_model"": 256, ""n_layers"": 4, ""n_heads"": 4, ""tokens_per_step"": 8192, ""entropy_floor_loss"": 1.3862943611198906, ""step_ms"": 53.39008099963394}","{""torch"":""2.14.0+cu130"",""device_name"":""NVIDIA GeForce RTX 3060"",""seed"":1234,""git_commit"":""02ef55fdd8ca475c0661076be05396562212d8b7"",""code_sha256"":""2aca8dcddc402f2b"",""hostname"":""kimang-ubuntu""}"
20260919T163805,2026-09-19T16:39:10.533+07:00,transformer,cuda,NVIDIA GeForce RTX 3060,gpt,synthetic_markov,32,256,fp32,measure,15,53.15404000066337,154118.10654275314,tokens/s,,,7.897788047790527,,ok,,,"{""n_params"": 4273664, ""d_model"": 256, ""n_layers"": 4, ""n_heads"": 4, ""tokens_per_step"": 8192, ""entropy_floor_loss"": 1.3862943611198906, ""step_ms"": 53.15404000066337}","{""torch"":""2.14.0+cu130"",""device_name"":""NVIDIA GeForce RTX 3060"",""seed"":1234,""git_commit"":""02ef55fdd8ca475c0661076be05396562212d8b7"",""code_sha256"":""2aca8dcddc402f2b"",""hostname"":""kimang-ubuntu""}"
20260919T163805,2026-09-19T16:39:10.586+07:00,transformer,cuda,NVIDIA GeForce RTX 3060,gpt,synthetic_markov,32,256,fp32,measure,16,52.547804999449,155896.1406682144,tokens/s,,,7.856263160705566,,ok,,,"{""n_params"": 4273664, ""d_model"": 256, ""n_layers"": 4, ""n_heads"": 4, ""tokens_per_step"": 8192, ""entropy_floor_loss"": 1.3862943611198906, ""step_ms"": 52.547804999449}","{""torch"":""2.14.0+cu130"",""device_name"":""NVIDIA GeForce RTX 3060"",""seed"":1234,""git_commit"":""02ef55fdd8ca475c0661076be05396562212d8b7"",""code_sha256"":""2aca8dcddc402f2b"",""hostname"":""kimang-ubuntu""}"
20260919T163805,2026-09-19T16:39:10.638+07:00,transformer,cuda,NVIDIA GeForce RTX 3060,gpt,synthetic_markov,32,256,fp32,measure,17,52.45173999992403,156181.6633730714,tokens/s,,,7.834066867828369,,ok,,,"{""n_params"": 4273664, ""d_model"": 256, ""n_layers"": 4, ""n_heads"": 4, ""tokens_per_step"": 8192, ""entropy_floor_loss"": 1.3862943611198906, ""step_ms"": 52.45173999992403}","{""torch"":""2.14.0+cu130"",""device_name"":""NVIDIA GeForce RTX 3060"",""seed"":1234,""git_commit"":""02ef55fdd8ca475c0661076be05396562212d8b7"",""code_sha256"":""2aca8dcddc402f2b"",""hostname"":""kimang-ubuntu""}"
20260919T163805,2026-09-19T16:39:10.691+07:00,transformer,cuda,NVIDIA GeForce RTX 3060,gpt,synthetic_markov,32,256,fp32,measure,18,52.14913400050136,157087.9393686814,tokens/s,,,7.805289268493652,,ok,,,"{""n_params"": 4273664, ""d_model"": 256, ""n_layers"": 4, ""n_heads"": 4, ""tokens_per_step"": 8192, ""entropy_floor_loss"": 1.3862943611198906, ""step_ms"": 52.14913400050136}","{""torch"":""2.14.0+cu130"",""device_name"":""NVIDIA GeForce RTX 3060"",""seed"":1234,""git_commit"":""02ef55fdd8ca475c0661076be05396562212d8b7"",""code_sha256"":""2aca8dcddc402f2b"",""hostname"":""kimang-ubuntu""}"
20260919T163805,2026-09-19T16:39:10.743+07:00,transformer,cuda,NVIDIA GeForce RTX 3060,gpt,synthetic_markov,32,256,fp32,measure,19,52.125656000498566,157158.69359843925,tokens/s,,,7.773318290710449,,ok,,,"{""n_params"": 4273664, ""d_model"": 256, ""n_layers"": 4, ""n_heads"": 4, ""tokens_per_step"": 8192, ""entropy_floor_loss"": 1.3862943611198906, ""step_ms"": 52.125656000498566}","{""torch"":""2.14.0+cu130"",""device_name"":""NVIDIA GeForce RTX 3060"",""seed"":1234,""git_commit"":""02ef55fdd8ca475c0661076be05396562212d8b7"",""code_sha256"":""2aca8dcddc402f2b"",""hostname"":""kimang-ubuntu""}"
20260919T163805,2026-09-19T16:39:10.744+07:00,transformer,cuda,NVIDIA GeForce RTX 3060,gpt,synthetic_markov,32,256,fp32,config,,,,,1107.16552734375,cuda_max_memory_allocated (exact peak of tensor allocations),,,ok,,,"{""n_params"": 4273664, ""d_model"": 256, ""n_layers"": 4, ""n_heads"": 4, ""tokens_per_step"": 8192, ""entropy_floor_loss"": 1.3862943611198906, ""process_rss_mb"": 1237.15625, ""cuda_allocated_mb"": 82.3359375, ""cuda_reserved_mb"": 1182.0, ""cuda_peak_allocated_mb"": 1107.16552734375, ""cuda_peak_reserved_mb"": 1182.0}","{""torch"":""2.14.0+cu130"",""device_name"":""NVIDIA GeForce RTX 3060"",""seed"":1234,""git_commit"":""02ef55fdd8ca475c0661076be05396562212d8b7"",""code_sha256"":""2aca8dcddc402f2b"",""hostname"":""kimang-ubuntu""}"
20260919T163805,2026-09-19T16:39:11.019+07:00,transformer,cuda,NVIDIA GeForce RTX 3060,gpt,synthetic_markov,32,512,fp32,warmup,0,105.69721499996376,155008.81456531867,tokens/s,,,8.366626739501953,,ok,,,"{""n_params"": 4339200, ""d_model"": 256, ""n_layers"": 4, ""n_heads"": 4, ""tokens_per_step"": 16384, ""entropy_floor_loss"": 1.3862943611198906, ""step_ms"": 105.69721499996376}","{""torch"":""2.14.0+cu130"",""device_name"":""NVIDIA GeForce RTX 3060"",""seed"":1234,""git_commit"":""02ef55fdd8ca475c0661076be05396562212d8b7"",""code_sha256"":""2aca8dcddc402f2b"",""hostname"":""kimang-ubuntu""}"
20260919T163805,2026-09-19T16:39:11.125+07:00,transformer,cuda,NVIDIA GeForce RTX 3060,gpt,synthetic_markov,32,512,fp32,warmup,1,105.46124400025292,155355.648943044,tokens/s,,,8.31826400756836,,ok,,,"{""n_params"": 4339200, ""d_model"": 256, ""n_layers"": 4, ""n_heads"": 4, ""tokens_per_step"": 16384, ""entropy_floor_loss"": 1.3862943611198906, ""step_ms"": 105.46124400025292}","{""torch"":""2.14.0+cu130"",""device_name"":""NVIDIA GeForce RTX 3060"",""seed"":1234,""git_commit"":""02ef55fdd8ca475c0661076be05396562212d8b7"",""code_sha256"":""2aca8dcddc402f2b"",""hostname"":""kimang-ubuntu""}"
20260919T163805,2026-09-19T16:39:11.233+07:00,transformer,cuda,NVIDIA GeForce RTX 3060,gpt,synthetic_markov,32,512,fp32,warmup,2,108.13562399926013,151513.43649815253,tokens/s,,,8.284736633300781,,ok,,,"{""n_params"": 4339200, ""d_model"": 256, ""n_layers"": 4, ""n_heads"": 4, ""tokens_per_step"": 16384, ""entropy_floor_loss"": 1.3862943611198906, ""step_ms"": 108.13562399926013}","{""torch"":""2.14.0+cu130"",""device_name"":""NVIDIA GeForce RTX 3060"",""seed"":1234,""git_commit"":""02ef55fdd8ca475c0661076be05396562212d8b7"",""code_sha256"":""2aca8dcddc402f2b"",""hostname"":""kimang-ubuntu""}"
20260919T163805,2026-09-19T16:39:11.357+07:00,transformer,cuda,NVIDIA GeForce RTX 3060,gpt,synthetic_markov,32,512,fp32,measure,0,123.77452600048855,132369.72525295982,tokens/s,,,8.247682571411133,,ok,,,"{""n_params"": 4339200, ""d_model"": 256, ""n_layers"": 4, ""n_heads"": 4, ""tokens_per_step"": 16384, ""entropy_floor_loss"": 1.3862943611198906, ""step_ms"": 123.77452600048855}","{""torch"":""2.14.0+cu130"",""device_name"":""NVIDIA GeForce RTX 3060"",""seed"":1234,""git_commit"":""02ef55fdd8ca475c0661076be05396562212d8b7"",""code_sha256"":""2aca8dcddc402f2b"",""hostname"":""kimang-ubuntu""}"
20260919T163805,2026-09-19T16:39:11.477+07:00,transformer,cuda,NVIDIA GeForce RTX 3060,gpt,synthetic_markov,32,512,fp32,measure,1,119.52962099985598,137070.62620084558,tokens/s,,,8.200255393981934,,ok,,,"{""n_params"": 4339200, ""d_model"": 256, ""n_layers"": 4, ""n_heads"": 4, ""tokens_per_step"": 16384, ""entropy_floor_loss"": 1.3862943611198906, ""step_ms"": 119.52962099985598}","{""torch"":""2.14.0+cu130"",""device_name"":""NVIDIA GeForce RTX 3060"",""seed"":1234,""git_commit"":""02ef55fdd8ca475c0661076be05396562212d8b7"",""code_sha256"":""2aca8dcddc402f2b"",""hostname"":""kimang-ubuntu""}"
20260919T163805,2026-09-19T16:39:11.596+07:00,transformer,cuda,NVIDIA GeForce RTX 3060,gpt,synthetic_markov,32,512,fp32,measure,2,119.2860129995097,137350.55425205085,tokens/s,,,8.168621063232422,,ok,,,"{""n_params"": 4339200, ""d_model"": 256, ""n_layers"": 4, ""n_heads"": 4, ""tokens_per_step"": 16384, ""entropy_floor_loss"": 1.3862943611198906, ""step_ms"": 119.2860129995097}","{""torch"":""2.14.0+cu130"",""device_name"":""NVIDIA GeForce RTX 3060"",""seed"":1234,""git_commit"":""02ef55fdd8ca475c0661076be05396562212d8b7"",""code_sha256"":""2aca8dcddc402f2b"",""hostname"":""kimang-ubuntu""}"
20260919T163805,2026-09-19T16:39:11.713+07:00,transformer,cuda,NVIDIA GeForce RTX 3060,gpt,synthetic_markov,32,512,fp32,measure,3,117.05474700011109,139968.693452342,tokens/s,,,8.131532669067383,,ok,,,"{""n_params"": 4339200, ""d_model"": 256, ""n_layers"": 4, ""n_heads"": 4, ""tokens_per_step"": 16384, ""entropy_floor_loss"": 1.3862943611198906, ""step_ms"": 117.05474700011109}","{""torch"":""2.14.0+cu130"",""device_name"":""NVIDIA GeForce RTX 3060"",""seed"":1234,""git_commit"":""02ef55fdd8ca475c0661076be05396562212d8b7"",""code_sha256"":""2aca8dcddc402f2b"",""hostname"":""kimang-ubuntu""}"
20260919T163805,2026-09-19T16:39:11.829+07:00,transformer,cuda,NVIDIA GeForce RTX 3060,gpt,synthetic_markov,32,512,fp32,measure,4,115.84831700020004,141426.31006000467,tokens/s,,,8.096824645996094,,ok,,,"{""n_params"": 4339200, ""d_model"": 256, ""n_layers"": 4, ""n_heads"": 4, ""tokens_per_step"": 16384, ""entropy_floor_loss"": 1.3862943611198906, ""step_ms"": 115.84831700020004}","{""torch"":""2.14.0+cu130"",""device_name"":""NVIDIA GeForce RTX 3060"",""seed"":1234,""git_commit"":""02ef55fdd8ca475c0661076be05396562212d8b7"",""code_sha256"":""2aca8dcddc402f2b"",""hostname"":""kimang-ubuntu""}"
20260919T163805,2026-09-19T16:39:11.945+07:00,transformer,cuda,NVIDIA GeForce RTX 3060,gpt,synthetic_markov,32,512,fp32,measure,5,115.13666399969225,142300.45782847932,tokens/s,,,8.058110237121582,,ok,,,"{""n_params"": 4339200, ""d_model"": 256, ""n_layers"": 4, ""n_heads"": 4, ""tokens_per_step"": 16384, ""entropy_floor_loss"": 1.3862943611198906, ""step_ms"": 115.13666399969225}","{""torch"":""2.14.0+cu130"",""device_name"":""NVIDIA GeForce RTX 3060"",""seed"":1234,""git_commit"":""02ef55fdd8ca475c0661076be05396562212d8b7"",""code_sha256"":""2aca8dcddc402f2b"",""hostname"":""kimang-ubuntu""}"
20260919T163805,2026-09-19T16:39:12.059+07:00,transformer,cuda,NVIDIA GeForce RTX 3060,gpt,synthetic_markov,32,512,fp32,measure,6,114.13706199982698,143546.7122854874,tokens/s,,,8.033080101013184,,ok,,,"{""n_params"": 4339200, ""d_model"": 256, ""n_layers"": 4, ""n_heads"": 4, ""tokens_per_step"": 16384, ""entropy_floor_loss"": 1.3862943611198906, ""step_ms"": 114.13706199982698}","{""torch"":""2.14.0+cu130"",""device_name"":""NVIDIA GeForce RTX 3060"",""seed"":1234,""git_commit"":""02ef55fdd8ca475c0661076be05396562212d8b7"",""code_sha256"":""2aca8dcddc402f2b"",""hostname"":""kimang-ubuntu""}"
20260919T163805,2026-09-19T16:39:12.172+07:00,transformer,cuda,NVIDIA GeForce RTX 3060,gpt,synthetic_markov,32,512,fp32,measure,7,113.41427600018505,144461.53145635093,tokens/s,,,8.001245498657227,,ok,,,"{""n_params"": 4339200, ""d_model"": 256, ""n_layers"": 4, ""n_heads"": 4, ""tokens_per_step"": 16384, ""entropy_floor_loss"": 1.3862943611198906, ""step_ms"": 113.41427600018505}","{""torch"":""2.14.0+cu130"",""device_name"":""NVIDIA GeForce RTX 3060"",""seed"":1234,""git_commit"":""02ef55fdd8ca475c0661076be05396562212d8b7"",""code_sha256"":""2aca8dcddc402f2b"",""hostname"":""kimang-ubuntu""}"
20260919T163805,2026-09-19T16:39:12.284+07:00,transformer,cuda,NVIDIA GeForce RTX 3060,gpt,synthetic_markov,32,512,fp32,measure,8,111.6465569994034,146748.8155509135,tokens/s,,,7.960997581481934,,ok,,,"{""n_params"": 4339200, ""d_model"": 256, ""n_layers"": 4, ""n_heads"": 4, ""tokens_per_step"": 16384, ""entropy_floor_loss"": 1.3862943611198906, ""step_ms"": 111.6465569994034}","{""torch"":""2.14.0+cu130"",""device_name"":""NVIDIA GeForce RTX 3060"",""seed"":1234,""git_commit"":""02ef55fdd8ca475c0661076be05396562212d8b7"",""code_sha256"":""2aca8dcddc402f2b"",""hostname"":""kimang-ubuntu""}"
20260919T163805,2026-09-19T16:39:12.397+07:00,transformer,cuda,NVIDIA GeForce RTX 3060,gpt,synthetic_markov,32,512,fp32,measure,9,112.36640300012368,145808.70760793122,tokens/s,,,7.932685375213623,,ok,,,"{""n_params"": 4339200, ""d_model"": 256, ""n_layers"": 4, ""n_heads"": 4, ""tokens_per_step"": 16384, ""entropy_floor_loss"": 1.3862943611198906, ""step_ms"": 112.36640300012368}","{""torch"":""2.14.0+cu130"",""device_name"":""NVIDIA GeForce RTX 3060"",""seed"":1234,""git_commit"":""02ef55fdd8ca475c0661076be05396562212d8b7"",""code_sha256"":""2aca8dcddc402f2b"",""hostname"":""kimang-ubuntu""}"
20260919T163805,2026-09-19T16:39:12.509+07:00,transformer,cuda,NVIDIA GeForce RTX 3060,gpt,synthetic_markov,32,512,fp32,measure,10,112.1908679997432,146036.8414302446,tokens/s,,,7.899386882781982,,ok,,,"{""n_params"": 4339200, ""d_model"": 256, ""n_layers"": 4, ""n_heads"": 4, ""tokens_per_step"": 16384, ""entropy_floor_loss"": 1.3862943611198906, ""step_ms"": 112.1908679997432}","{""torch"":""2.14.0+cu130"",""device_name"":""NVIDIA GeForce RTX 3060"",""seed"":1234,""git_commit"":""02ef55fdd8ca475c0661076be05396562212d8b7"",""code_sha256"":""2aca8dcddc402f2b"",""hostname"":""kimang-ubuntu""}"
20260919T163805,2026-09-19T16:39:12.621+07:00,transformer,cuda,NVIDIA GeForce RTX 3060,gpt,synthetic_markov,32,512,fp32,measure,11,112.39230499995756,145775.1044433708,tokens/s,,,7.86627721786499,,ok,,,"{""n_params"": 4339200, ""d_model"": 256, ""n_layers"": 4, ""n_heads"": 4, ""tokens_per_step"": 16384, ""entropy_floor_loss"": 1.3862943611198906, ""step_ms"": 112.39230499995756}","{""torch"":""2.14.0+cu130"",""device_name"":""NVIDIA GeForce RTX 3060"",""seed"":1234,""git_commit"":""02ef55fdd8ca475c0661076be05396562212d8b7"",""code_sha256"":""2aca8dcddc402f2b"",""hostname"":""kimang-ubuntu""}"
20260919T163805,2026-09-19T16:39:12.734+07:00,transformer,cuda,NVIDIA GeForce RTX 3060,gpt,synthetic_markov,32,512,fp32,measure,12,112.20016700008273,146024.73809141407,tokens/s,,,7.832271099090576,,ok,,,"{""n_params"": 4339200, ""d_model"": 256, ""n_layers"": 4, ""n_heads"": 4, ""tokens_per_step"": 16384, ""entropy_floor_loss"": 1.3862943611198906, ""step_ms"": 112.20016700008273}","{""torch"":""2.14.0+cu130"",""device_name"":""NVIDIA GeForce RTX 3060"",""seed"":1234,""git_commit"":""02ef55fdd8ca475c0661076be05396562212d8b7"",""code_sha256"":""2aca8dcddc402f2b"",""hostname"":""kimang-ubuntu""}"
20260919T163805,2026-09-19T16:39:12.846+07:00,transformer,cuda,NVIDIA GeForce RTX 3060,gpt,synthetic_markov,32,512,fp32,measure,13,111.66931900061172,146718.90315647263,tokens/s,,,7.806038856506348,,ok,,,"{""n_params"": 4339200, ""d_model"": 256, ""n_layers"": 4, ""n_heads"": 4, ""tokens_per_step"": 16384, ""entropy_floor_loss"": 1.3862943611198906, ""step_ms"": 111.66931900061172}","{""torch"":""2.14.0+cu130"",""device_name"":""NVIDIA GeForce RTX 3060"",""seed"":1234,""git_commit"":""02ef55fdd8ca475c0661076be05396562212d8b7"",""code_sha256"":""2aca8dcddc402f2b"",""hostname"":""kimang-ubuntu""}"
20260919T163805,2026-09-19T16:39:12.958+07:00,transformer,cuda,NVIDIA GeForce RTX 3060,gpt,synthetic_markov,32,512,fp32,measure,14,112.16688300009992,146068.06895031047,tokens/s,,,7.771326065063477,,ok,,,"{""n_params"": 4339200, ""d_model"": 256, ""n_layers"": 4, ""n_heads"": 4, ""tokens_per_step"": 16384, ""entropy_floor_loss"": 1.3862943611198906, ""step_ms"": 112.16688300009992}","{""torch"":""2.14.0+cu130"",""device_name"":""NVIDIA GeForce RTX 3060"",""seed"":1234,""git_commit"":""02ef55fdd8ca475c0661076be05396562212d8b7"",""code_sha256"":""2aca8dcddc402f2b"",""hostname"":""kimang-ubuntu""}"
20260919T163805,2026-09-19T16:39:13.071+07:00,transformer,cuda,NVIDIA GeForce RTX 3060,gpt,synthetic_markov,32,512,fp32,measure,15,112.7811649994328,145272.48410745178,tokens/s,,,7.745755195617676,,ok,,,"{""n_params"": 4339200, ""d_model"": 256, ""n_layers"": 4, ""n_heads"": 4, ""tokens_per_step"": 16384, ""entropy_floor_loss"": 1.3862943611198906, ""step_ms"": 112.7811649994328}","{""torch"":""2.14.0+cu130"",""device_name"":""NVIDIA GeForce RTX 3060"",""seed"":1234,""git_commit"":""02ef55fdd8ca475c0661076be05396562212d8b7"",""code_sha256"":""2aca8dcddc402f2b"",""hostname"":""kimang-ubuntu""}"
20260919T163805,2026-09-19T16:39:13.184+07:00,transformer,cuda,NVIDIA GeForce RTX 3060,gpt,synthetic_markov,32,512,fp32,measure,16,113.48748999989766,144368.33522368653,tokens/s,,,7.709478855133057,,ok,,,"{""n_params"": 4339200, ""d_model"": 256, ""n_layers"": 4, ""n_heads"": 4, ""tokens_per_step"": 16384, ""entropy_floor_loss"": 1.3862943611198906, ""step_ms"": 113.48748999989766}","{""torch"":""2.14.0+cu130"",""device_name"":""NVIDIA GeForce RTX 3060"",""seed"":1234,""git_commit"":""02ef55fdd8ca475c0661076be05396562212d8b7"",""code_sha256"":""2aca8dcddc402f2b"",""hostname"":""kimang-ubuntu""}"
20260919T163805,2026-09-19T16:39:13.302+07:00,transformer,cuda,NVIDIA GeForce RTX 3060,gpt,synthetic_markov,32,512,fp32,measure,17,117.03128099998139,139996.75864440555,tokens/s,,,7.681744575500488,,ok,,,"{""n_params"": 4339200, ""d_model"": 256, ""n_layers"": 4, ""n_heads"": 4, ""tokens_per_step"": 16384, ""entropy_floor_loss"": 1.3862943611198906, ""step_ms"": 117.03128099998139}","{""torch"":""2.14.0+cu130"",""device_name"":""NVIDIA GeForce RTX 3060"",""seed"":1234,""git_commit"":""02ef55fdd8ca475c0661076be05396562212d8b7"",""code_sha256"":""2aca8dcddc402f2b"",""hostname"":""kimang-ubuntu""}"
20260919T163805,2026-09-19T16:39:13.418+07:00,transformer,cuda,NVIDIA GeForce RTX 3060,gpt,synthetic_markov,32,512,fp32,measure,18,116.77808800050116,140300.29332154922,tokens/s,,,7.643586158752441,,ok,,,"{""n_params"": 4339200, ""d_model"": 256, ""n_layers"": 4, ""n_heads"": 4, ""tokens_per_step"": 16384, ""entropy_floor_loss"": 1.3862943611198906, ""step_ms"": 116.77808800050116}","{""torch"":""2.14.0+cu130"",""device_name"":""NVIDIA GeForce RTX 3060"",""seed"":1234,""git_commit"":""02ef55fdd8ca475c0661076be05396562212d8b7"",""code_sha256"":""2aca8dcddc402f2b"",""hostname"":""kimang-ubuntu""}"
20260919T163805,2026-09-19T16:39:13.535+07:00,transformer,cuda,NVIDIA GeForce RTX 3060,gpt,synthetic_markov,32,512,fp32,measure,19,116.75589100013894,140326.96645671182,tokens/s,,,7.602056503295898,,ok,,,"{""n_params"": 4339200, ""d_model"": 256, ""n_layers"": 4, ""n_heads"": 4, ""tokens_per_step"": 16384, ""entropy_floor_loss"": 1.3862943611198906, ""step_ms"": 116.75589100013894}","{""torch"":""2.14.0+cu130"",""device_name"":""NVIDIA GeForce RTX 3060"",""seed"":1234,""git_commit"":""02ef55fdd8ca475c0661076be05396562212d8b7"",""code_sha256"":""2aca8dcddc402f2b"",""hostname"":""kimang-ubuntu""}"
20260919T163805,2026-09-19T16:39:13.536+07:00,transformer,cuda,NVIDIA GeForce RTX 3060,gpt,synthetic_markov,32,512,fp32,config,,,,,2149.04248046875,cuda_max_memory_allocated (exact peak of tensor allocations),,,ok,,,"{""n_params"": 4339200, ""d_model"": 256, ""n_layers"": 4, ""n_heads"": 4, ""tokens_per_step"": 16384, ""entropy_floor_loss"": 1.3862943611198906, ""process_rss_mb"": 1237.265625, ""cuda_allocated_mb"": 83.3359375, ""cuda_reserved_mb"": 2180.0, ""cuda_peak_allocated_mb"": 2149.04248046875, ""cuda_peak_reserved_mb"": 2180.0}","{""torch"":""2.14.0+cu130"",""device_name"":""NVIDIA GeForce RTX 3060"",""seed"":1234,""git_commit"":""02ef55fdd8ca475c0661076be05396562212d8b7"",""code_sha256"":""2aca8dcddc402f2b"",""hostname"":""kimang-ubuntu""}"
