run_id,timestamp,experiment,backend,device,model,dataset,batch_size,sequence_length,precision,phase,iteration,latency_ms,throughput,throughput_unit,memory_mb,memory_kind,loss,accuracy,status,error_type,error,extra,metadata
20260919_full,2026-09-19T15:27:55.183+07:00,matmul,mps,Apple M1 Pro (16-core GPU),matmul,,,,float32,warmup,0,2.4285830004373565,884.2537593375503,GFLOPS,32.390625,"mps_driver_allocated_memory (snapshot after work, not a peak; includes allocator cache)",,,ok,,,"{""matrix_size"": 1024, ""matmuls_per_sec"": 411.76274387983153, ""flops_per_matmul"": 2147483648.0, ""rel_err_vs_cpu_fp32"": 0.0}","{""torch"":""2.14.0"",""device_name"":""Apple M1 Pro (16-core GPU)"",""seed"":1234,""git_commit"":null,""code_sha256"":""6901b6359c57afc9"",""hostname"":""Kims-MacBook-Pro-16.local""}"
20260919_full,2026-09-19T15:27:55.183+07:00,matmul,mps,Apple M1 Pro (16-core GPU),matmul,,,,float32,warmup,1,2.109375000145519,1018.0663219445817,GFLOPS,32.390625,"mps_driver_allocated_memory (snapshot after work, not a peak; includes allocator cache)",,,ok,,,"{""matrix_size"": 1024, ""matmuls_per_sec"": 474.0740740413692, ""flops_per_matmul"": 2147483648.0, ""rel_err_vs_cpu_fp32"": 0.0}","{""torch"":""2.14.0"",""device_name"":""Apple M1 Pro (16-core GPU)"",""seed"":1234,""git_commit"":null,""code_sha256"":""6901b6359c57afc9"",""hostname"":""Kims-MacBook-Pro-16.local""}"
20260919_full,2026-09-19T15:27:55.183+07:00,matmul,mps,Apple M1 Pro (16-core GPU),matmul,,,,float32,warmup,2,2.255458002764499,952.1275259250425,GFLOPS,32.390625,"mps_driver_allocated_memory (snapshot after work, not a peak; includes allocator cache)",,,ok,,,"{""matrix_size"": 1024, ""matmuls_per_sec"": 443.36892940338817, ""flops_per_matmul"": 2147483648.0, ""rel_err_vs_cpu_fp32"": 0.0}","{""torch"":""2.14.0"",""device_name"":""Apple M1 Pro (16-core GPU)"",""seed"":1234,""git_commit"":null,""code_sha256"":""6901b6359c57afc9"",""hostname"":""Kims-MacBook-Pro-16.local""}"
20260919_full,2026-09-19T15:27:55.183+07:00,matmul,mps,Apple M1 Pro (16-core GPU),matmul,,,,float32,warmup,3,2.0532079979602713,1045.9162686553848,GFLOPS,32.390625,"mps_driver_allocated_memory (snapshot after work, not a peak; includes allocator cache)",,,ok,,,"{""matrix_size"": 1024, ""matmuls_per_sec"": 487.0427160781738, ""flops_per_matmul"": 2147483648.0, ""rel_err_vs_cpu_fp32"": 0.0}","{""torch"":""2.14.0"",""device_name"":""Apple M1 Pro (16-core GPU)"",""seed"":1234,""git_commit"":null,""code_sha256"":""6901b6359c57afc9"",""hostname"":""Kims-MacBook-Pro-16.local""}"
20260919_full,2026-09-19T15:27:55.183+07:00,matmul,mps,Apple M1 Pro (16-core GPU),matmul,,,,float32,warmup,4,2.1658750010828953,991.5085805627286,GFLOPS,32.390625,"mps_driver_allocated_memory (snapshot after work, not a peak; includes allocator cache)",,,ok,,,"{""matrix_size"": 1024, ""matmuls_per_sec"": 461.7071620015095, ""flops_per_matmul"": 2147483648.0, ""rel_err_vs_cpu_fp32"": 0.0}","{""torch"":""2.14.0"",""device_name"":""Apple M1 Pro (16-core GPU)"",""seed"":1234,""git_commit"":null,""code_sha256"":""6901b6359c57afc9"",""hostname"":""Kims-MacBook-Pro-16.local""}"
20260919_full,2026-09-19T15:27:55.183+07:00,matmul,mps,Apple M1 Pro (16-core GPU),matmul,,,,float32,warmup,5,2.0399999993969686,1052.6880630562764,GFLOPS,32.390625,"mps_driver_allocated_memory (snapshot after work, not a peak; includes allocator cache)",,,ok,,,"{""matrix_size"": 1024, ""matmuls_per_sec"": 490.1960785762763, ""flops_per_matmul"": 2147483648.0, ""rel_err_vs_cpu_fp32"": 0.0}","{""torch"":""2.14.0"",""device_name"":""Apple M1 Pro (16-core GPU)"",""seed"":1234,""git_commit"":null,""code_sha256"":""6901b6359c57afc9"",""hostname"":""Kims-MacBook-Pro-16.local""}"
20260919_full,2026-09-19T15:27:55.183+07:00,matmul,mps,Apple M1 Pro (16-core GPU),matmul,,,,float32,warmup,6,1.9916669989470392,1078.2342877274857,GFLOPS,32.390625,"mps_driver_allocated_memory (snapshot after work, not a peak; includes allocator cache)",,,ok,,,"{""matrix_size"": 1024, ""matmuls_per_sec"": 502.0919664425243, ""flops_per_matmul"": 2147483648.0, ""rel_err_vs_cpu_fp32"": 0.0}","{""torch"":""2.14.0"",""device_name"":""Apple M1 Pro (16-core GPU)"",""seed"":1234,""git_commit"":null,""code_sha256"":""6901b6359c57afc9"",""hostname"":""Kims-MacBook-Pro-16.local""}"
20260919_full,2026-09-19T15:27:55.183+07:00,matmul,mps,Apple M1 Pro (16-core GPU),matmul,,,,float32,warmup,7,2.527125001506647,849.7734171122091,GFLOPS,32.390625,"mps_driver_allocated_memory (snapshot after work, not a peak; includes allocator cache)",,,ok,,,"{""matrix_size"": 1024, ""matmuls_per_sec"": 395.70658333236776, ""flops_per_matmul"": 2147483648.0, ""rel_err_vs_cpu_fp32"": 0.0}","{""torch"":""2.14.0"",""device_name"":""Apple M1 Pro (16-core GPU)"",""seed"":1234,""git_commit"":null,""code_sha256"":""6901b6359c57afc9"",""hostname"":""Kims-MacBook-Pro-16.local""}"
20260919_full,2026-09-19T15:27:55.183+07:00,matmul,mps,Apple M1 Pro (16-core GPU),matmul,,,,float32,warmup,8,1.9931250026274938,1077.4455416338758,GFLOPS,32.390625,"mps_driver_allocated_memory (snapshot after work, not a peak; includes allocator cache)",,,ok,,,"{""matrix_size"": 1024, ""matmuls_per_sec"": 501.72467792121495, ""flops_per_matmul"": 2147483648.0, ""rel_err_vs_cpu_fp32"": 0.0}","{""torch"":""2.14.0"",""device_name"":""Apple M1 Pro (16-core GPU)"",""seed"":1234,""git_commit"":null,""code_sha256"":""6901b6359c57afc9"",""hostname"":""Kims-MacBook-Pro-16.local""}"
20260919_full,2026-09-19T15:27:55.183+07:00,matmul,mps,Apple M1 Pro (16-core GPU),matmul,,,,float32,warmup,9,1.9843749978463165,1082.1964852060264,GFLOPS,32.390625,"mps_driver_allocated_memory (snapshot after work, not a peak; includes allocator cache)",,,ok,,,"{""matrix_size"": 1024, ""matmuls_per_sec"": 503.93700842094904, ""flops_per_matmul"": 2147483648.0, ""rel_err_vs_cpu_fp32"": 0.0}","{""torch"":""2.14.0"",""device_name"":""Apple M1 Pro (16-core GPU)"",""seed"":1234,""git_commit"":null,""code_sha256"":""6901b6359c57afc9"",""hostname"":""Kims-MacBook-Pro-16.local""}"
20260919_full,2026-09-19T15:27:55.183+07:00,matmul,mps,Apple M1 Pro (16-core GPU),matmul,,,,float32,warmup,10,1.051541999913752,2042.2233711788379,GFLOPS,32.390625,"mps_driver_allocated_memory (snapshot after work, not a peak; includes allocator cache)",,,ok,,,"{""matrix_size"": 1024, ""matmuls_per_sec"": 950.9843639930887, ""flops_per_matmul"": 2147483648.0, ""rel_err_vs_cpu_fp32"": 0.0}","{""torch"":""2.14.0"",""device_name"":""Apple M1 Pro (16-core GPU)"",""seed"":1234,""git_commit"":null,""code_sha256"":""6901b6359c57afc9"",""hostname"":""Kims-MacBook-Pro-16.local""}"
20260919_full,2026-09-19T15:27:55.183+07:00,matmul,mps,Apple M1 Pro (16-core GPU),matmul,,,,float32,warmup,11,0.7916670001577586,2712.6097810974343,GFLOPS,32.390625,"mps_driver_allocated_memory (snapshot after work, not a peak; includes allocator cache)",,,ok,,,"{""matrix_size"": 1024, ""matmuls_per_sec"": 1263.157362629396, ""flops_per_matmul"": 2147483648.0, ""rel_err_vs_cpu_fp32"": 0.0}","{""torch"":""2.14.0"",""device_name"":""Apple M1 Pro (16-core GPU)"",""seed"":1234,""git_commit"":null,""code_sha256"":""6901b6359c57afc9"",""hostname"":""Kims-MacBook-Pro-16.local""}"
20260919_full,2026-09-19T15:27:55.183+07:00,matmul,mps,Apple M1 Pro (16-core GPU),matmul,,,,float32,warmup,12,0.7928340019134339,2708.616990211369,GFLOPS,32.390625,"mps_driver_allocated_memory (snapshot after work, not a peak; includes allocator cache)",,,ok,,,"{""matrix_size"": 1024, ""matmuls_per_sec"": 1261.29807448544, ""flops_per_matmul"": 2147483648.0, ""rel_err_vs_cpu_fp32"": 0.0}","{""torch"":""2.14.0"",""device_name"":""Apple M1 Pro (16-core GPU)"",""seed"":1234,""git_commit"":null,""code_sha256"":""6901b6359c57afc9"",""hostname"":""Kims-MacBook-Pro-16.local""}"
20260919_full,2026-09-19T15:27:55.183+07:00,matmul,mps,Apple M1 Pro (16-core GPU),matmul,,,,float32,warmup,13,0.75062500036438,2860.9274230908045,GFLOPS,32.390625,"mps_driver_allocated_memory (snapshot after work, not a peak; includes allocator cache)",,,ok,,,"{""matrix_size"": 1024, ""matmuls_per_sec"": 1332.2231467304773, ""flops_per_matmul"": 2147483648.0, ""rel_err_vs_cpu_fp32"": 0.0}","{""torch"":""2.14.0"",""device_name"":""Apple M1 Pro (16-core GPU)"",""seed"":1234,""git_commit"":null,""code_sha256"":""6901b6359c57afc9"",""hostname"":""Kims-MacBook-Pro-16.local""}"
20260919_full,2026-09-19T15:27:55.183+07:00,matmul,mps,Apple M1 Pro (16-core GPU),matmul,,,,float32,warmup,14,0.7606670005770866,2823.158683590577,GFLOPS,32.390625,"mps_driver_allocated_memory (snapshot after work, not a peak; includes allocator cache)",,,ok,,,"{""matrix_size"": 1024, ""matmuls_per_sec"": 1314.6357068748105, ""flops_per_matmul"": 2147483648.0, ""rel_err_vs_cpu_fp32"": 0.0}","{""torch"":""2.14.0"",""device_name"":""Apple M1 Pro (16-core GPU)"",""seed"":1234,""git_commit"":null,""code_sha256"":""6901b6359c57afc9"",""hostname"":""Kims-MacBook-Pro-16.local""}"
20260919_full,2026-09-19T15:27:55.183+07:00,matmul,mps,Apple M1 Pro (16-core GPU),matmul,,,,float32,warmup,15,0.8013330007088371,2679.8891922588928,GFLOPS,32.390625,"mps_driver_allocated_memory (snapshot after work, not a peak; includes allocator cache)",,,ok,,,"{""matrix_size"": 1024, ""matmuls_per_sec"": 1247.9206511093735, ""flops_per_matmul"": 2147483648.0, ""rel_err_vs_cpu_fp32"": 0.0}","{""torch"":""2.14.0"",""device_name"":""Apple M1 Pro (16-core GPU)"",""seed"":1234,""git_commit"":null,""code_sha256"":""6901b6359c57afc9"",""hostname"":""Kims-MacBook-Pro-16.local""}"
20260919_full,2026-09-19T15:27:55.183+07:00,matmul,mps,Apple M1 Pro (16-core GPU),matmul,,,,float32,warmup,16,0.7462499997927807,2877.7000316198523,GFLOPS,32.390625,"mps_driver_allocated_memory (snapshot after work, not a peak; includes allocator cache)",,,ok,,,"{""matrix_size"": 1024, ""matmuls_per_sec"": 1340.0335012096225, ""flops_per_matmul"": 2147483648.0, ""rel_err_vs_cpu_fp32"": 0.0}","{""torch"":""2.14.0"",""device_name"":""Apple M1 Pro (16-core GPU)"",""seed"":1234,""git_commit"":null,""code_sha256"":""6901b6359c57afc9"",""hostname"":""Kims-MacBook-Pro-16.local""}"
20260919_full,2026-09-19T15:27:55.183+07:00,matmul,mps,Apple M1 Pro (16-core GPU),matmul,,,,float32,warmup,17,0.7512499978474807,2858.5472933818014,GFLOPS,32.390625,"mps_driver_allocated_memory (snapshot after work, not a peak; includes allocator cache)",,,ok,,,"{""matrix_size"": 1024, ""matmuls_per_sec"": 1331.1148124662234, ""flops_per_matmul"": 2147483648.0, ""rel_err_vs_cpu_fp32"": 0.0}","{""torch"":""2.14.0"",""device_name"":""Apple M1 Pro (16-core GPU)"",""seed"":1234,""git_commit"":null,""code_sha256"":""6901b6359c57afc9"",""hostname"":""Kims-MacBook-Pro-16.local""}"
20260919_full,2026-09-19T15:27:55.184+07:00,matmul,mps,Apple M1 Pro (16-core GPU),matmul,,,,float32,warmup,18,0.8219579976866953,2612.6440207940573,GFLOPS,32.390625,"mps_driver_allocated_memory (snapshot after work, not a peak; includes allocator cache)",,,ok,,,"{""matrix_size"": 1024, ""matmuls_per_sec"": 1216.6071779998285, ""flops_per_matmul"": 2147483648.0, ""rel_err_vs_cpu_fp32"": 0.0}","{""torch"":""2.14.0"",""device_name"":""Apple M1 Pro (16-core GPU)"",""seed"":1234,""git_commit"":null,""code_sha256"":""6901b6359c57afc9"",""hostname"":""Kims-MacBook-Pro-16.local""}"
20260919_full,2026-09-19T15:27:55.184+07:00,matmul,mps,Apple M1 Pro (16-core GPU),matmul,,,,float32,warmup,19,0.7639579998794943,2810.9970028964176,GFLOPS,32.390625,"mps_driver_allocated_memory (snapshot after work, not a peak; includes allocator cache)",,,ok,,,"{""matrix_size"": 1024, ""matmuls_per_sec"": 1308.9724829869426, ""flops_per_matmul"": 2147483648.0, ""rel_err_vs_cpu_fp32"": 0.0}","{""torch"":""2.14.0"",""device_name"":""Apple M1 Pro (16-core GPU)"",""seed"":1234,""git_commit"":null,""code_sha256"":""6901b6359c57afc9"",""hostname"":""Kims-MacBook-Pro-16.local""}"
20260919_full,2026-09-19T15:27:55.184+07:00,matmul,mps,Apple M1 Pro (16-core GPU),matmul,,,,float32,measure,0,0.8126659995468799,2642.5169124798845,GFLOPS,32.390625,"mps_driver_allocated_memory (snapshot after work, not a peak; includes allocator cache)",,,ok,,,"{""matrix_size"": 1024, ""matmuls_per_sec"": 1230.5178271978555, ""flops_per_matmul"": 2147483648.0, ""rel_err_vs_cpu_fp32"": 0.0}","{""torch"":""2.14.0"",""device_name"":""Apple M1 Pro (16-core GPU)"",""seed"":1234,""git_commit"":null,""code_sha256"":""6901b6359c57afc9"",""hostname"":""Kims-MacBook-Pro-16.local""}"
20260919_full,2026-09-19T15:27:55.184+07:00,matmul,mps,Apple M1 Pro (16-core GPU),matmul,,,,float32,measure,1,0.8137079967127647,2639.133026436328,GFLOPS,32.390625,"mps_driver_allocated_memory (snapshot after work, not a peak; includes allocator cache)",,,ok,,,"{""matrix_size"": 1024, ""matmuls_per_sec"": 1228.9420824667102, ""flops_per_matmul"": 2147483648.0, ""rel_err_vs_cpu_fp32"": 0.0}","{""torch"":""2.14.0"",""device_name"":""Apple M1 Pro (16-core GPU)"",""seed"":1234,""git_commit"":null,""code_sha256"":""6901b6359c57afc9"",""hostname"":""Kims-MacBook-Pro-16.local""}"
20260919_full,2026-09-19T15:27:55.184+07:00,matmul,mps,Apple M1 Pro (16-core GPU),matmul,,,,float32,measure,2,0.9465000002819579,2268.868090185182,GFLOPS,32.390625,"mps_driver_allocated_memory (snapshot after work, not a peak; includes allocator cache)",,,ok,,,"{""matrix_size"": 1024, ""matmuls_per_sec"": 1056.5240356070838, ""flops_per_matmul"": 2147483648.0, ""rel_err_vs_cpu_fp32"": 0.0}","{""torch"":""2.14.0"",""device_name"":""Apple M1 Pro (16-core GPU)"",""seed"":1234,""git_commit"":null,""code_sha256"":""6901b6359c57afc9"",""hostname"":""Kims-MacBook-Pro-16.local""}"
20260919_full,2026-09-19T15:27:55.184+07:00,matmul,mps,Apple M1 Pro (16-core GPU),matmul,,,,float32,measure,3,0.7978749999892898,2691.503867183239,GFLOPS,32.390625,"mps_driver_allocated_memory (snapshot after work, not a peak; includes allocator cache)",,,ok,,,"{""matrix_size"": 1024, ""matmuls_per_sec"": 1253.3291555863054, ""flops_per_matmul"": 2147483648.0, ""rel_err_vs_cpu_fp32"": 0.0}","{""torch"":""2.14.0"",""device_name"":""Apple M1 Pro (16-core GPU)"",""seed"":1234,""git_commit"":null,""code_sha256"":""6901b6359c57afc9"",""hostname"":""Kims-MacBook-Pro-16.local""}"
20260919_full,2026-09-19T15:27:55.184+07:00,matmul,mps,Apple M1 Pro (16-core GPU),matmul,,,,float32,measure,4,0.7618750023539178,2818.6823840722604,GFLOPS,32.390625,"mps_driver_allocated_memory (snapshot after work, not a peak; includes allocator cache)",,,ok,,,"{""matrix_size"": 1024, ""matmuls_per_sec"": 1312.5512674787362, ""flops_per_matmul"": 2147483648.0, ""rel_err_vs_cpu_fp32"": 0.0}","{""torch"":""2.14.0"",""device_name"":""Apple M1 Pro (16-core GPU)"",""seed"":1234,""git_commit"":null,""code_sha256"":""6901b6359c57afc9"",""hostname"":""Kims-MacBook-Pro-16.local""}"
20260919_full,2026-09-19T15:27:55.184+07:00,matmul,mps,Apple M1 Pro (16-core GPU),matmul,,,,float32,measure,5,0.777624998590909,2761.5928653159763,GFLOPS,32.390625,"mps_driver_allocated_memory (snapshot after work, not a peak; includes allocator cache)",,,ok,,,"{""matrix_size"": 1024, ""matmuls_per_sec"": 1285.9668886829056, ""flops_per_matmul"": 2147483648.0, ""rel_err_vs_cpu_fp32"": 0.0}","{""torch"":""2.14.0"",""device_name"":""Apple M1 Pro (16-core GPU)"",""seed"":1234,""git_commit"":null,""code_sha256"":""6901b6359c57afc9"",""hostname"":""Kims-MacBook-Pro-16.local""}"
20260919_full,2026-09-19T15:27:55.184+07:00,matmul,mps,Apple M1 Pro (16-core GPU),matmul,,,,float32,measure,6,0.7859580000513233,2732.313492400063,GFLOPS,32.390625,"mps_driver_allocated_memory (snapshot after work, not a peak; includes allocator cache)",,,ok,,,"{""matrix_size"": 1024, ""matmuls_per_sec"": 1272.3326181993182, ""flops_per_matmul"": 2147483648.0, ""rel_err_vs_cpu_fp32"": 0.0}","{""torch"":""2.14.0"",""device_name"":""Apple M1 Pro (16-core GPU)"",""seed"":1234,""git_commit"":null,""code_sha256"":""6901b6359c57afc9"",""hostname"":""Kims-MacBook-Pro-16.local""}"
20260919_full,2026-09-19T15:27:55.184+07:00,matmul,mps,Apple M1 Pro (16-core GPU),matmul,,,,float32,measure,7,0.8841669987305067,2428.8213098694846,GFLOPS,32.390625,"mps_driver_allocated_memory (snapshot after work, not a peak; includes allocator cache)",,,ok,,,"{""matrix_size"": 1024, ""matmuls_per_sec"": 1131.0080577942936, ""flops_per_matmul"": 2147483648.0, ""rel_err_vs_cpu_fp32"": 0.0}","{""torch"":""2.14.0"",""device_name"":""Apple M1 Pro (16-core GPU)"",""seed"":1234,""git_commit"":null,""code_sha256"":""6901b6359c57afc9"",""hostname"":""Kims-MacBook-Pro-16.local""}"
20260919_full,2026-09-19T15:27:55.184+07:00,matmul,mps,Apple M1 Pro (16-core GPU),matmul,,,,float32,measure,8,0.8857499997247942,2424.4805516988213,GFLOPS,32.390625,"mps_driver_allocated_memory (snapshot after work, not a peak; includes allocator cache)",,,ok,,,"{""matrix_size"": 1024, ""matmuls_per_sec"": 1128.986734756651, ""flops_per_matmul"": 2147483648.0, ""rel_err_vs_cpu_fp32"": 0.0}","{""torch"":""2.14.0"",""device_name"":""Apple M1 Pro (16-core GPU)"",""seed"":1234,""git_commit"":null,""code_sha256"":""6901b6359c57afc9"",""hostname"":""Kims-MacBook-Pro-16.local""}"
20260919_full,2026-09-19T15:27:55.184+07:00,matmul,mps,Apple M1 Pro (16-core GPU),matmul,,,,float32,measure,9,0.9067920000234153,2368.220769420713,GFLOPS,32.390625,"mps_driver_allocated_memory (snapshot after work, not a peak; includes allocator cache)",,,ok,,,"{""matrix_size"": 1024, ""matmuls_per_sec"": 1102.7887321173741, ""flops_per_matmul"": 2147483648.0, ""rel_err_vs_cpu_fp32"": 0.0}","{""torch"":""2.14.0"",""device_name"":""Apple M1 Pro (16-core GPU)"",""seed"":1234,""git_commit"":null,""code_sha256"":""6901b6359c57afc9"",""hostname"":""Kims-MacBook-Pro-16.local""}"
20260919_full,2026-09-19T15:27:55.184+07:00,matmul,mps,Apple M1 Pro (16-core GPU),matmul,,,,float32,measure,10,0.8197499992093071,2619.6811833746424,GFLOPS,32.390625,"mps_driver_allocated_memory (snapshot after work, not a peak; includes allocator cache)",,,ok,,,"{""matrix_size"": 1024, ""matmuls_per_sec"": 1219.8841121860978, ""flops_per_matmul"": 2147483648.0, ""rel_err_vs_cpu_fp32"": 0.0}","{""torch"":""2.14.0"",""device_name"":""Apple M1 Pro (16-core GPU)"",""seed"":1234,""git_commit"":null,""code_sha256"":""6901b6359c57afc9"",""hostname"":""Kims-MacBook-Pro-16.local""}"
20260919_full,2026-09-19T15:27:55.184+07:00,matmul,mps,Apple M1 Pro (16-core GPU),matmul,,,,float32,measure,11,0.7819579986971803,2746.2902759200892,GFLOPS,32.390625,"mps_driver_allocated_memory (snapshot after work, not a peak; includes allocator cache)",,,ok,,,"{""matrix_size"": 1024, ""matmuls_per_sec"": 1278.8410652056752, ""flops_per_matmul"": 2147483648.0, ""rel_err_vs_cpu_fp32"": 0.0}","{""torch"":""2.14.0"",""device_name"":""Apple M1 Pro (16-core GPU)"",""seed"":1234,""git_commit"":null,""code_sha256"":""6901b6359c57afc9"",""hostname"":""Kims-MacBook-Pro-16.local""}"
20260919_full,2026-09-19T15:27:55.184+07:00,matmul,mps,Apple M1 Pro (16-core GPU),matmul,,,,float32,measure,12,0.8362919979845174,2567.863441448064,GFLOPS,32.390625,"mps_driver_allocated_memory (snapshot after work, not a peak; includes allocator cache)",,,ok,,,"{""matrix_size"": 1024, ""matmuls_per_sec"": 1195.754595775187, ""flops_per_matmul"": 2147483648.0, ""rel_err_vs_cpu_fp32"": 0.0}","{""torch"":""2.14.0"",""device_name"":""Apple M1 Pro (16-core GPU)"",""seed"":1234,""git_commit"":null,""code_sha256"":""6901b6359c57afc9"",""hostname"":""Kims-MacBook-Pro-16.local""}"
20260919_full,2026-09-19T15:27:55.184+07:00,matmul,mps,Apple M1 Pro (16-core GPU),matmul,,,,float32,measure,13,1.4973750003264286,1434.1655547420303,GFLOPS,32.390625,"mps_driver_allocated_memory (snapshot after work, not a peak; includes allocator cache)",,,ok,,,"{""matrix_size"": 1024, ""matmuls_per_sec"": 667.8353784335918, ""flops_per_matmul"": 2147483648.0, ""rel_err_vs_cpu_fp32"": 0.0}","{""torch"":""2.14.0"",""device_name"":""Apple M1 Pro (16-core GPU)"",""seed"":1234,""git_commit"":null,""code_sha256"":""6901b6359c57afc9"",""hostname"":""Kims-MacBook-Pro-16.local""}"
20260919_full,2026-09-19T15:27:55.184+07:00,matmul,mps,Apple M1 Pro (16-core GPU),matmul,,,,float32,measure,14,0.8726249980099965,2460.946744474766,GFLOPS,32.390625,"mps_driver_allocated_memory (snapshot after work, not a peak; includes allocator cache)",,,ok,,,"{""matrix_size"": 1024, ""matmuls_per_sec"": 1145.9676290279097, ""flops_per_matmul"": 2147483648.0, ""rel_err_vs_cpu_fp32"": 0.0}","{""torch"":""2.14.0"",""device_name"":""Apple M1 Pro (16-core GPU)"",""seed"":1234,""git_commit"":null,""code_sha256"":""6901b6359c57afc9"",""hostname"":""Kims-MacBook-Pro-16.local""}"
20260919_full,2026-09-19T15:27:55.184+07:00,matmul,mps,Apple M1 Pro (16-core GPU),matmul,,,,float32,measure,15,0.7916670001577586,2712.6097810974343,GFLOPS,32.390625,"mps_driver_allocated_memory (snapshot after work, not a peak; includes allocator cache)",,,ok,,,"{""matrix_size"": 1024, ""matmuls_per_sec"": 1263.157362629396, ""flops_per_matmul"": 2147483648.0, ""rel_err_vs_cpu_fp32"": 0.0}","{""torch"":""2.14.0"",""device_name"":""Apple M1 Pro (16-core GPU)"",""seed"":1234,""git_commit"":null,""code_sha256"":""6901b6359c57afc9"",""hostname"":""Kims-MacBook-Pro-16.local""}"
20260919_full,2026-09-19T15:27:55.184+07:00,matmul,mps,Apple M1 Pro (16-core GPU),matmul,,,,float32,measure,16,0.7626670012541581,2815.7552961759166,GFLOPS,32.390625,"mps_driver_allocated_memory (snapshot after work, not a peak; includes allocator cache)",,,ok,,,"{""matrix_size"": 1024, ""matmuls_per_sec"": 1311.188235960862, ""flops_per_matmul"": 2147483648.0, ""rel_err_vs_cpu_fp32"": 0.0}","{""torch"":""2.14.0"",""device_name"":""Apple M1 Pro (16-core GPU)"",""seed"":1234,""git_commit"":null,""code_sha256"":""6901b6359c57afc9"",""hostname"":""Kims-MacBook-Pro-16.local""}"
20260919_full,2026-09-19T15:27:55.184+07:00,matmul,mps,Apple M1 Pro (16-core GPU),matmul,,,,float32,measure,17,0.7471670032828115,2874.1682094694324,GFLOPS,32.390625,"mps_driver_allocated_memory (snapshot after work, not a peak; includes allocator cache)",,,ok,,,"{""matrix_size"": 1024, ""matmuls_per_sec"": 1338.388868360516, ""flops_per_matmul"": 2147483648.0, ""rel_err_vs_cpu_fp32"": 0.0}","{""torch"":""2.14.0"",""device_name"":""Apple M1 Pro (16-core GPU)"",""seed"":1234,""git_commit"":null,""code_sha256"":""6901b6359c57afc9"",""hostname"":""Kims-MacBook-Pro-16.local""}"
20260919_full,2026-09-19T15:27:55.184+07:00,matmul,mps,Apple M1 Pro (16-core GPU),matmul,,,,float32,measure,18,0.7975000007718336,2692.7694619706963,GFLOPS,32.390625,"mps_driver_allocated_memory (snapshot after work, not a peak; includes allocator cache)",,,ok,,,"{""matrix_size"": 1024, ""matmuls_per_sec"": 1253.9184940842429, ""flops_per_matmul"": 2147483648.0, ""rel_err_vs_cpu_fp32"": 0.0}","{""torch"":""2.14.0"",""device_name"":""Apple M1 Pro (16-core GPU)"",""seed"":1234,""git_commit"":null,""code_sha256"":""6901b6359c57afc9"",""hostname"":""Kims-MacBook-Pro-16.local""}"
20260919_full,2026-09-19T15:27:55.184+07:00,matmul,mps,Apple M1 Pro (16-core GPU),matmul,,,,float32,measure,19,0.8191660017473623,2621.548798923789,GFLOPS,32.390625,"mps_driver_allocated_memory (snapshot after work, not a peak; includes allocator cache)",,,ok,,,"{""matrix_size"": 1024, ""matmuls_per_sec"": 1220.7537884469093, ""flops_per_matmul"": 2147483648.0, ""rel_err_vs_cpu_fp32"": 0.0}","{""torch"":""2.14.0"",""device_name"":""Apple M1 Pro (16-core GPU)"",""seed"":1234,""git_commit"":null,""code_sha256"":""6901b6359c57afc9"",""hostname"":""Kims-MacBook-Pro-16.local""}"
20260919_full,2026-09-19T15:27:55.184+07:00,matmul,mps,Apple M1 Pro (16-core GPU),matmul,,,,float32,measure,20,0.8885829993232619,2416.75077019874,GFLOPS,32.390625,"mps_driver_allocated_memory (snapshot after work, not a peak; includes allocator cache)",,,ok,,,"{""matrix_size"": 1024, ""matmuls_per_sec"": 1125.3872747527157, ""flops_per_matmul"": 2147483648.0, ""rel_err_vs_cpu_fp32"": 0.0}","{""torch"":""2.14.0"",""device_name"":""Apple M1 Pro (16-core GPU)"",""seed"":1234,""git_commit"":null,""code_sha256"":""6901b6359c57afc9"",""hostname"":""Kims-MacBook-Pro-16.local""}"
20260919_full,2026-09-19T15:27:55.184+07:00,matmul,mps,Apple M1 Pro (16-core GPU),matmul,,,,float32,measure,21,0.8164579994627275,2630.243869755894,GFLOPS,32.390625,"mps_driver_allocated_memory (snapshot after work, not a peak; includes allocator cache)",,,ok,,,"{""matrix_size"": 1024, ""matmuls_per_sec"": 1224.8027463238193, ""flops_per_matmul"": 2147483648.0, ""rel_err_vs_cpu_fp32"": 0.0}","{""torch"":""2.14.0"",""device_name"":""Apple M1 Pro (16-core GPU)"",""seed"":1234,""git_commit"":null,""code_sha256"":""6901b6359c57afc9"",""hostname"":""Kims-MacBook-Pro-16.local""}"
20260919_full,2026-09-19T15:27:55.184+07:00,matmul,mps,Apple M1 Pro (16-core GPU),matmul,,,,float32,measure,22,0.8441250029136427,2544.0351139790796,GFLOPS,32.390625,"mps_driver_allocated_memory (snapshot after work, not a peak; includes allocator cache)",,,ok,,,"{""matrix_size"": 1024, ""matmuls_per_sec"": 1184.6586661315894, ""flops_per_matmul"": 2147483648.0, ""rel_err_vs_cpu_fp32"": 0.0}","{""torch"":""2.14.0"",""device_name"":""Apple M1 Pro (16-core GPU)"",""seed"":1234,""git_commit"":null,""code_sha256"":""6901b6359c57afc9"",""hostname"":""Kims-MacBook-Pro-16.local""}"
20260919_full,2026-09-19T15:27:55.184+07:00,matmul,mps,Apple M1 Pro (16-core GPU),matmul,,,,float32,measure,23,0.792416998592671,2710.0423789670353,GFLOPS,32.390625,"mps_driver_allocated_memory (snapshot after work, not a peak; includes allocator cache)",,,ok,,,"{""matrix_size"": 1024, ""matmuls_per_sec"": 1261.9618228483178, ""flops_per_matmul"": 2147483648.0, ""rel_err_vs_cpu_fp32"": 0.0}","{""torch"":""2.14.0"",""device_name"":""Apple M1 Pro (16-core GPU)"",""seed"":1234,""git_commit"":null,""code_sha256"":""6901b6359c57afc9"",""hostname"":""Kims-MacBook-Pro-16.local""}"
20260919_full,2026-09-19T15:27:55.184+07:00,matmul,mps,Apple M1 Pro (16-core GPU),matmul,,,,float32,measure,24,0.7666669989703223,2801.0644137339855,GFLOPS,32.390625,"mps_driver_allocated_memory (snapshot after work, not a peak; includes allocator cache)",,,ok,,,"{""matrix_size"": 1024, ""matmuls_per_sec"": 1304.3472607312656, ""flops_per_matmul"": 2147483648.0, ""rel_err_vs_cpu_fp32"": 0.0}","{""torch"":""2.14.0"",""device_name"":""Apple M1 Pro (16-core GPU)"",""seed"":1234,""git_commit"":null,""code_sha256"":""6901b6359c57afc9"",""hostname"":""Kims-MacBook-Pro-16.local""}"
20260919_full,2026-09-19T15:27:55.184+07:00,matmul,mps,Apple M1 Pro (16-core GPU),matmul,,,,float32,measure,25,0.8145419997163117,2636.4308393525744,GFLOPS,32.390625,"mps_driver_allocated_memory (snapshot after work, not a peak; includes allocator cache)",,,ok,,,"{""matrix_size"": 1024, ""matmuls_per_sec"": 1227.6837785507432, ""flops_per_matmul"": 2147483648.0, ""rel_err_vs_cpu_fp32"": 0.0}","{""torch"":""2.14.0"",""device_name"":""Apple M1 Pro (16-core GPU)"",""seed"":1234,""git_commit"":null,""code_sha256"":""6901b6359c57afc9"",""hostname"":""Kims-MacBook-Pro-16.local""}"
20260919_full,2026-09-19T15:27:55.184+07:00,matmul,mps,Apple M1 Pro (16-core GPU),matmul,,,,float32,measure,26,0.8957919999375008,2397.3016594810283,GFLOPS,32.390625,"mps_driver_allocated_memory (snapshot after work, not a peak; includes allocator cache)",,,ok,,,"{""matrix_size"": 1024, ""matmuls_per_sec"": 1116.3305768189152, ""flops_per_matmul"": 2147483648.0, ""rel_err_vs_cpu_fp32"": 0.0}","{""torch"":""2.14.0"",""device_name"":""Apple M1 Pro (16-core GPU)"",""seed"":1234,""git_commit"":null,""code_sha256"":""6901b6359c57afc9"",""hostname"":""Kims-MacBook-Pro-16.local""}"
20260919_full,2026-09-19T15:27:55.184+07:00,matmul,mps,Apple M1 Pro (16-core GPU),matmul,,,,float32,measure,27,0.8034170023165643,2672.937766823415,GFLOPS,32.390625,"mps_driver_allocated_memory (snapshot after work, not a peak; includes allocator cache)",,,ok,,,"{""matrix_size"": 1024, ""matmuls_per_sec"": 1244.6836413924652, ""flops_per_matmul"": 2147483648.0, ""rel_err_vs_cpu_fp32"": 0.0}","{""torch"":""2.14.0"",""device_name"":""Apple M1 Pro (16-core GPU)"",""seed"":1234,""git_commit"":null,""code_sha256"":""6901b6359c57afc9"",""hostname"":""Kims-MacBook-Pro-16.local""}"
20260919_full,2026-09-19T15:27:55.184+07:00,matmul,mps,Apple M1 Pro (16-core GPU),matmul,,,,float32,measure,28,0.7743330024823081,2773.333489746313,GFLOPS,32.390625,"mps_driver_allocated_memory (snapshot after work, not a peak; includes allocator cache)",,,ok,,,"{""matrix_size"": 1024, ""matmuls_per_sec"": 1291.434042968933, ""flops_per_matmul"": 2147483648.0, ""rel_err_vs_cpu_fp32"": 0.0}","{""torch"":""2.14.0"",""device_name"":""Apple M1 Pro (16-core GPU)"",""seed"":1234,""git_commit"":null,""code_sha256"":""6901b6359c57afc9"",""hostname"":""Kims-MacBook-Pro-16.local""}"
20260919_full,2026-09-19T15:27:55.184+07:00,matmul,mps,Apple M1 Pro (16-core GPU),matmul,,,,float32,measure,29,0.8009170014702249,2681.2811365695993,GFLOPS,32.390625,"mps_driver_allocated_memory (snapshot after work, not a peak; includes allocator cache)",,,ok,,,"{""matrix_size"": 1024, ""matmuls_per_sec"": 1248.5688256889578, ""flops_per_matmul"": 2147483648.0, ""rel_err_vs_cpu_fp32"": 0.0}","{""torch"":""2.14.0"",""device_name"":""Apple M1 Pro (16-core GPU)"",""seed"":1234,""git_commit"":null,""code_sha256"":""6901b6359c57afc9"",""hostname"":""Kims-MacBook-Pro-16.local""}"
20260919_full,2026-09-19T15:27:55.184+07:00,matmul,mps,Apple M1 Pro (16-core GPU),matmul,,,,float32,measure,30,0.8332079996762332,2577.3680147507785,GFLOPS,32.390625,"mps_driver_allocated_memory (snapshot after work, not a peak; includes allocator cache)",,,ok,,,"{""matrix_size"": 1024, ""matmuls_per_sec"": 1200.1805076146397, ""flops_per_matmul"": 2147483648.0, ""rel_err_vs_cpu_fp32"": 0.0}","{""torch"":""2.14.0"",""device_name"":""Apple M1 Pro (16-core GPU)"",""seed"":1234,""git_commit"":null,""code_sha256"":""6901b6359c57afc9"",""hostname"":""Kims-MacBook-Pro-16.local""}"
20260919_full,2026-09-19T15:27:55.184+07:00,matmul,mps,Apple M1 Pro (16-core GPU),matmul,,,,float32,measure,31,0.7963329990161583,2696.71563360195,GFLOPS,32.390625,"mps_driver_allocated_memory (snapshot after work, not a peak; includes allocator cache)",,,ok,,,"{""matrix_size"": 1024, ""matmuls_per_sec"": 1255.7560734459896, ""flops_per_matmul"": 2147483648.0, ""rel_err_vs_cpu_fp32"": 0.0}","{""torch"":""2.14.0"",""device_name"":""Apple M1 Pro (16-core GPU)"",""seed"":1234,""git_commit"":null,""code_sha256"":""6901b6359c57afc9"",""hostname"":""Kims-MacBook-Pro-16.local""}"
20260919_full,2026-09-19T15:27:55.184+07:00,matmul,mps,Apple M1 Pro (16-core GPU),matmul,,,,float32,measure,32,0.9067499995580874,2368.3304648983676,GFLOPS,32.390625,"mps_driver_allocated_memory (snapshot after work, not a peak; includes allocator cache)",,,ok,,,"{""matrix_size"": 1024, ""matmuls_per_sec"": 1102.8398130547105, ""flops_per_matmul"": 2147483648.0, ""rel_err_vs_cpu_fp32"": 0.0}","{""torch"":""2.14.0"",""device_name"":""Apple M1 Pro (16-core GPU)"",""seed"":1234,""git_commit"":null,""code_sha256"":""6901b6359c57afc9"",""hostname"":""Kims-MacBook-Pro-16.local""}"
20260919_full,2026-09-19T15:27:55.184+07:00,matmul,mps,Apple M1 Pro (16-core GPU),matmul,,,,float32,measure,33,1.344000000244705,1597.8300949471748,GFLOPS,32.390625,"mps_driver_allocated_memory (snapshot after work, not a peak; includes allocator cache)",,,ok,,,"{""matrix_size"": 1024, ""matmuls_per_sec"": 744.0476189121487, ""flops_per_matmul"": 2147483648.0, ""rel_err_vs_cpu_fp32"": 0.0}","{""torch"":""2.14.0"",""device_name"":""Apple M1 Pro (16-core GPU)"",""seed"":1234,""git_commit"":null,""code_sha256"":""6901b6359c57afc9"",""hostname"":""Kims-MacBook-Pro-16.local""}"
20260919_full,2026-09-19T15:27:55.184+07:00,matmul,mps,Apple M1 Pro (16-core GPU),matmul,,,,float32,measure,34,0.804999999672873,2667.681551394622,GFLOPS,32.390625,"mps_driver_allocated_memory (snapshot after work, not a peak; includes allocator cache)",,,ok,,,"{""matrix_size"": 1024, ""matmuls_per_sec"": 1242.2360253495267, ""flops_per_matmul"": 2147483648.0, ""rel_err_vs_cpu_fp32"": 0.0}","{""torch"":""2.14.0"",""device_name"":""Apple M1 Pro (16-core GPU)"",""seed"":1234,""git_commit"":null,""code_sha256"":""6901b6359c57afc9"",""hostname"":""Kims-MacBook-Pro-16.local""}"
20260919_full,2026-09-19T15:27:55.184+07:00,matmul,mps,Apple M1 Pro (16-core GPU),matmul,,,,float32,measure,35,0.7916249996924307,2712.7537013539995,GFLOPS,32.390625,"mps_driver_allocated_memory (snapshot after work, not a peak; includes allocator cache)",,,ok,,,"{""matrix_size"": 1024, ""matmuls_per_sec"": 1263.2243807213379, ""flops_per_matmul"": 2147483648.0, ""rel_err_vs_cpu_fp32"": 0.0}","{""torch"":""2.14.0"",""device_name"":""Apple M1 Pro (16-core GPU)"",""seed"":1234,""git_commit"":null,""code_sha256"":""6901b6359c57afc9"",""hostname"":""Kims-MacBook-Pro-16.local""}"
20260919_full,2026-09-19T15:27:55.185+07:00,matmul,mps,Apple M1 Pro (16-core GPU),matmul,,,,float32,measure,36,0.7719170025666244,2782.013663204225,GFLOPS,32.390625,"mps_driver_allocated_memory (snapshot after work, not a peak; includes allocator cache)",,,ok,,,"{""matrix_size"": 1024, ""matmuls_per_sec"": 1295.4760637153988, ""flops_per_matmul"": 2147483648.0, ""rel_err_vs_cpu_fp32"": 0.0}","{""torch"":""2.14.0"",""device_name"":""Apple M1 Pro (16-core GPU)"",""seed"":1234,""git_commit"":null,""code_sha256"":""6901b6359c57afc9"",""hostname"":""Kims-MacBook-Pro-16.local""}"
20260919_full,2026-09-19T15:27:55.185+07:00,matmul,mps,Apple M1 Pro (16-core GPU),matmul,,,,float32,measure,37,0.749708000512328,2864.4267455228887,GFLOPS,32.390625,"mps_driver_allocated_memory (snapshot after work, not a peak; includes allocator cache)",,,ok,,,"{""matrix_size"": 1024, ""matmuls_per_sec"": 1333.8526457189064, ""flops_per_matmul"": 2147483648.0, ""rel_err_vs_cpu_fp32"": 0.0}","{""torch"":""2.14.0"",""device_name"":""Apple M1 Pro (16-core GPU)"",""seed"":1234,""git_commit"":null,""code_sha256"":""6901b6359c57afc9"",""hostname"":""Kims-MacBook-Pro-16.local""}"
20260919_full,2026-09-19T15:27:55.185+07:00,matmul,mps,Apple M1 Pro (16-core GPU),matmul,,,,float32,measure,38,0.7714580024185125,2783.6688987186108,GFLOPS,32.390625,"mps_driver_allocated_memory (snapshot after work, not a peak; includes allocator cache)",,,ok,,,"{""matrix_size"": 1024, ""matmuls_per_sec"": 1296.2468428158252, ""flops_per_matmul"": 2147483648.0, ""rel_err_vs_cpu_fp32"": 0.0}","{""torch"":""2.14.0"",""device_name"":""Apple M1 Pro (16-core GPU)"",""seed"":1234,""git_commit"":null,""code_sha256"":""6901b6359c57afc9"",""hostname"":""Kims-MacBook-Pro-16.local""}"
20260919_full,2026-09-19T15:27:55.185+07:00,matmul,mps,Apple M1 Pro (16-core GPU),matmul,,,,float32,measure,39,0.8244579985330347,2604.7217102885006,GFLOPS,32.390625,"mps_driver_allocated_memory (snapshot after work, not a peak; includes allocator cache)",,,ok,,,"{""matrix_size"": 1024, ""matmuls_per_sec"": 1212.9180646913594, ""flops_per_matmul"": 2147483648.0, ""rel_err_vs_cpu_fp32"": 0.0}","{""torch"":""2.14.0"",""device_name"":""Apple M1 Pro (16-core GPU)"",""seed"":1234,""git_commit"":null,""code_sha256"":""6901b6359c57afc9"",""hostname"":""Kims-MacBook-Pro-16.local""}"
20260919_full,2026-09-19T15:27:55.185+07:00,matmul,mps,Apple M1 Pro (16-core GPU),matmul,,,,float32,measure,40,0.8096660021692514,2652.308040903875,GFLOPS,32.390625,"mps_driver_allocated_memory (snapshot after work, not a peak; includes allocator cache)",,,ok,,,"{""matrix_size"": 1024, ""matmuls_per_sec"": 1235.0771766639664, ""flops_per_matmul"": 2147483648.0, ""rel_err_vs_cpu_fp32"": 0.0}","{""torch"":""2.14.0"",""device_name"":""Apple M1 Pro (16-core GPU)"",""seed"":1234,""git_commit"":null,""code_sha256"":""6901b6359c57afc9"",""hostname"":""Kims-MacBook-Pro-16.local""}"
20260919_full,2026-09-19T15:27:55.185+07:00,matmul,mps,Apple M1 Pro (16-core GPU),matmul,,,,float32,measure,41,0.7886669991421513,2722.928245173008,GFLOPS,32.390625,"mps_driver_allocated_memory (snapshot after work, not a peak; includes allocator cache)",,,ok,,,"{""matrix_size"": 1024, ""matmuls_per_sec"": 1267.9622718938663, ""flops_per_matmul"": 2147483648.0, ""rel_err_vs_cpu_fp32"": 0.0}","{""torch"":""2.14.0"",""device_name"":""Apple M1 Pro (16-core GPU)"",""seed"":1234,""git_commit"":null,""code_sha256"":""6901b6359c57afc9"",""hostname"":""Kims-MacBook-Pro-16.local""}"
20260919_full,2026-09-19T15:27:55.185+07:00,matmul,mps,Apple M1 Pro (16-core GPU),matmul,,,,float32,measure,42,0.7934579989523627,2706.4868598406174,GFLOPS,32.390625,"mps_driver_allocated_memory (snapshot after work, not a peak; includes allocator cache)",,,ok,,,"{""matrix_size"": 1024, ""matmuls_per_sec"": 1260.3061552348627, ""flops_per_matmul"": 2147483648.0, ""rel_err_vs_cpu_fp32"": 0.0}","{""torch"":""2.14.0"",""device_name"":""Apple M1 Pro (16-core GPU)"",""seed"":1234,""git_commit"":null,""code_sha256"":""6901b6359c57afc9"",""hostname"":""Kims-MacBook-Pro-16.local""}"
20260919_full,2026-09-19T15:27:55.185+07:00,matmul,mps,Apple M1 Pro (16-core GPU),matmul,,,,float32,measure,43,0.7585419989482034,2831.0675624786854,GFLOPS,32.390625,"mps_driver_allocated_memory (snapshot after work, not a peak; includes allocator cache)",,,ok,,,"{""matrix_size"": 1024, ""matmuls_per_sec"": 1318.3185655990083, ""flops_per_matmul"": 2147483648.0, ""rel_err_vs_cpu_fp32"": 0.0}","{""torch"":""2.14.0"",""device_name"":""Apple M1 Pro (16-core GPU)"",""seed"":1234,""git_commit"":null,""code_sha256"":""6901b6359c57afc9"",""hostname"":""Kims-MacBook-Pro-16.local""}"
20260919_full,2026-09-19T15:27:55.185+07:00,matmul,mps,Apple M1 Pro (16-core GPU),matmul,,,,float32,measure,44,0.7846670014259871,2736.808919066745,GFLOPS,32.390625,"mps_driver_allocated_memory (snapshot after work, not a peak; includes allocator cache)",,,ok,,,"{""matrix_size"": 1024, ""matmuls_per_sec"": 1274.425964367923, ""flops_per_matmul"": 2147483648.0, ""rel_err_vs_cpu_fp32"": 0.0}","{""torch"":""2.14.0"",""device_name"":""Apple M1 Pro (16-core GPU)"",""seed"":1234,""git_commit"":null,""code_sha256"":""6901b6359c57afc9"",""hostname"":""Kims-MacBook-Pro-16.local""}"
20260919_full,2026-09-19T15:27:55.185+07:00,matmul,mps,Apple M1 Pro (16-core GPU),matmul,,,,float32,measure,45,0.777959001425188,2760.407224629962,GFLOPS,32.390625,"mps_driver_allocated_memory (snapshot after work, not a peak; includes allocator cache)",,,ok,,,"{""matrix_size"": 1024, ""matmuls_per_sec"": 1285.4147817147718, ""flops_per_matmul"": 2147483648.0, ""rel_err_vs_cpu_fp32"": 0.0}","{""torch"":""2.14.0"",""device_name"":""Apple M1 Pro (16-core GPU)"",""seed"":1234,""git_commit"":null,""code_sha256"":""6901b6359c57afc9"",""hostname"":""Kims-MacBook-Pro-16.local""}"
20260919_full,2026-09-19T15:27:55.185+07:00,matmul,mps,Apple M1 Pro (16-core GPU),matmul,,,,float32,measure,46,0.7511660005548038,2858.8669434104977,GFLOPS,32.390625,"mps_driver_allocated_memory (snapshot after work, not a peak; includes allocator cache)",,,ok,,,"{""matrix_size"": 1024, ""matmuls_per_sec"": 1331.263661110074, ""flops_per_matmul"": 2147483648.0, ""rel_err_vs_cpu_fp32"": 0.0}","{""torch"":""2.14.0"",""device_name"":""Apple M1 Pro (16-core GPU)"",""seed"":1234,""git_commit"":null,""code_sha256"":""6901b6359c57afc9"",""hostname"":""Kims-MacBook-Pro-16.local""}"
20260919_full,2026-09-19T15:27:55.185+07:00,matmul,mps,Apple M1 Pro (16-core GPU),matmul,,,,float32,measure,47,0.7513340024161153,2858.2276871460526,GFLOPS,32.390625,"mps_driver_allocated_memory (snapshot after work, not a peak; includes allocator cache)",,,ok,,,"{""matrix_size"": 1024, ""matmuls_per_sec"": 1330.9659842150531, ""flops_per_matmul"": 2147483648.0, ""rel_err_vs_cpu_fp32"": 0.0}","{""torch"":""2.14.0"",""device_name"":""Apple M1 Pro (16-core GPU)"",""seed"":1234,""git_commit"":null,""code_sha256"":""6901b6359c57afc9"",""hostname"":""Kims-MacBook-Pro-16.local""}"
20260919_full,2026-09-19T15:27:55.185+07:00,matmul,mps,Apple M1 Pro (16-core GPU),matmul,,,,float32,measure,48,0.7745000002614688,2772.7355032601886,GFLOPS,32.390625,"mps_driver_allocated_memory (snapshot after work, not a peak; includes allocator cache)",,,ok,,,"{""matrix_size"": 1024, ""matmuls_per_sec"": 1291.1555838120116, ""flops_per_matmul"": 2147483648.0, ""rel_err_vs_cpu_fp32"": 0.0}","{""torch"":""2.14.0"",""device_name"":""Apple M1 Pro (16-core GPU)"",""seed"":1234,""git_commit"":null,""code_sha256"":""6901b6359c57afc9"",""hostname"":""Kims-MacBook-Pro-16.local""}"
20260919_full,2026-09-19T15:27:55.185+07:00,matmul,mps,Apple M1 Pro (16-core GPU),matmul,,,,float32,measure,49,0.768624999182066,2793.9289644303135,GFLOPS,32.390625,"mps_driver_allocated_memory (snapshot after work, not a peak; includes allocator cache)",,,ok,,,"{""matrix_size"": 1024, ""matmuls_per_sec"": 1301.0245582229986, ""flops_per_matmul"": 2147483648.0, ""rel_err_vs_cpu_fp32"": 0.0}","{""torch"":""2.14.0"",""device_name"":""Apple M1 Pro (16-core GPU)"",""seed"":1234,""git_commit"":null,""code_sha256"":""6901b6359c57afc9"",""hostname"":""Kims-MacBook-Pro-16.local""}"
20260919_full,2026-09-19T15:27:55.185+07:00,matmul,mps,Apple M1 Pro (16-core GPU),matmul,,,,float32,measure,50,0.7969590005814098,2694.597396394714,GFLOPS,32.390625,"mps_driver_allocated_memory (snapshot after work, not a peak; includes allocator cache)",,,ok,,,"{""matrix_size"": 1024, ""matmuls_per_sec"": 1254.769692381245, ""flops_per_matmul"": 2147483648.0, ""rel_err_vs_cpu_fp32"": 0.0}","{""torch"":""2.14.0"",""device_name"":""Apple M1 Pro (16-core GPU)"",""seed"":1234,""git_commit"":null,""code_sha256"":""6901b6359c57afc9"",""hostname"":""Kims-MacBook-Pro-16.local""}"
20260919_full,2026-09-19T15:27:55.185+07:00,matmul,mps,Apple M1 Pro (16-core GPU),matmul,,,,float32,measure,51,0.7836670010874514,2740.3012312883607,GFLOPS,32.390625,"mps_driver_allocated_memory (snapshot after work, not a peak; includes allocator cache)",,,ok,,,"{""matrix_size"": 1024, ""matmuls_per_sec"": 1276.052198972721, ""flops_per_matmul"": 2147483648.0, ""rel_err_vs_cpu_fp32"": 0.0}","{""torch"":""2.14.0"",""device_name"":""Apple M1 Pro (16-core GPU)"",""seed"":1234,""git_commit"":null,""code_sha256"":""6901b6359c57afc9"",""hostname"":""Kims-MacBook-Pro-16.local""}"
20260919_full,2026-09-19T15:27:55.185+07:00,matmul,mps,Apple M1 Pro (16-core GPU),matmul,,,,float32,measure,52,0.8775829992373474,2447.0433564303817,GFLOPS,32.390625,"mps_driver_allocated_memory (snapshot after work, not a peak; includes allocator cache)",,,ok,,,"{""matrix_size"": 1024, ""matmuls_per_sec"": 1139.4933594532226, ""flops_per_matmul"": 2147483648.0, ""rel_err_vs_cpu_fp32"": 0.0}","{""torch"":""2.14.0"",""device_name"":""Apple M1 Pro (16-core GPU)"",""seed"":1234,""git_commit"":null,""code_sha256"":""6901b6359c57afc9"",""hostname"":""Kims-MacBook-Pro-16.local""}"
20260919_full,2026-09-19T15:27:55.185+07:00,matmul,mps,Apple M1 Pro (16-core GPU),matmul,,,,float32,measure,53,0.9794580000743736,2192.522443879099,GFLOPS,32.390625,"mps_driver_allocated_memory (snapshot after work, not a peak; includes allocator cache)",,,ok,,,"{""matrix_size"": 1024, ""matmuls_per_sec"": 1020.9728236678516, ""flops_per_matmul"": 2147483648.0, ""rel_err_vs_cpu_fp32"": 0.0}","{""torch"":""2.14.0"",""device_name"":""Apple M1 Pro (16-core GPU)"",""seed"":1234,""git_commit"":null,""code_sha256"":""6901b6359c57afc9"",""hostname"":""Kims-MacBook-Pro-16.local""}"
20260919_full,2026-09-19T15:27:55.185+07:00,matmul,mps,Apple M1 Pro (16-core GPU),matmul,,,,float32,measure,54,1.0120840015588328,2121.843290371551,GFLOPS,32.390625,"mps_driver_allocated_memory (snapshot after work, not a peak; includes allocator cache)",,,ok,,,"{""matrix_size"": 1024, ""matmuls_per_sec"": 988.0602780597058, ""flops_per_matmul"": 2147483648.0, ""rel_err_vs_cpu_fp32"": 0.0}","{""torch"":""2.14.0"",""device_name"":""Apple M1 Pro (16-core GPU)"",""seed"":1234,""git_commit"":null,""code_sha256"":""6901b6359c57afc9"",""hostname"":""Kims-MacBook-Pro-16.local""}"
20260919_full,2026-09-19T15:27:55.185+07:00,matmul,mps,Apple M1 Pro (16-core GPU),matmul,,,,float32,measure,55,0.8683749983902089,2472.991106354972,GFLOPS,32.390625,"mps_driver_allocated_memory (snapshot after work, not a peak; includes allocator cache)",,,ok,,,"{""matrix_size"": 1024, ""matmuls_per_sec"": 1151.5762220858467, ""flops_per_matmul"": 2147483648.0, ""rel_err_vs_cpu_fp32"": 0.0}","{""torch"":""2.14.0"",""device_name"":""Apple M1 Pro (16-core GPU)"",""seed"":1234,""git_commit"":null,""code_sha256"":""6901b6359c57afc9"",""hostname"":""Kims-MacBook-Pro-16.local""}"
20260919_full,2026-09-19T15:27:55.185+07:00,matmul,mps,Apple M1 Pro (16-core GPU),matmul,,,,float32,measure,56,0.7549170004494954,2844.6619253789986,GFLOPS,32.390625,"mps_driver_allocated_memory (snapshot after work, not a peak; includes allocator cache)",,,ok,,,"{""matrix_size"": 1024, ""matmuls_per_sec"": 1324.6489341272966, ""flops_per_matmul"": 2147483648.0, ""rel_err_vs_cpu_fp32"": 0.0}","{""torch"":""2.14.0"",""device_name"":""Apple M1 Pro (16-core GPU)"",""seed"":1234,""git_commit"":null,""code_sha256"":""6901b6359c57afc9"",""hostname"":""Kims-MacBook-Pro-16.local""}"
20260919_full,2026-09-19T15:27:55.185+07:00,matmul,mps,Apple M1 Pro (16-core GPU),matmul,,,,float32,measure,57,0.7555000011052471,2842.4667701632984,GFLOPS,32.390625,"mps_driver_allocated_memory (snapshot after work, not a peak; includes allocator cache)",,,ok,,,"{""matrix_size"": 1024, ""matmuls_per_sec"": 1323.6267353237133, ""flops_per_matmul"": 2147483648.0, ""rel_err_vs_cpu_fp32"": 0.0}","{""torch"":""2.14.0"",""device_name"":""Apple M1 Pro (16-core GPU)"",""seed"":1234,""git_commit"":null,""code_sha256"":""6901b6359c57afc9"",""hostname"":""Kims-MacBook-Pro-16.local""}"
20260919_full,2026-09-19T15:27:55.185+07:00,matmul,mps,Apple M1 Pro (16-core GPU),matmul,,,,float32,measure,58,0.7610420034325216,2821.7675743444147,GFLOPS,32.390625,"mps_driver_allocated_memory (snapshot after work, not a peak; includes allocator cache)",,,ok,,,"{""matrix_size"": 1024, ""matmuls_per_sec"": 1313.987921152457, ""flops_per_matmul"": 2147483648.0, ""rel_err_vs_cpu_fp32"": 0.0}","{""torch"":""2.14.0"",""device_name"":""Apple M1 Pro (16-core GPU)"",""seed"":1234,""git_commit"":null,""code_sha256"":""6901b6359c57afc9"",""hostname"":""Kims-MacBook-Pro-16.local""}"
20260919_full,2026-09-19T15:27:55.185+07:00,matmul,mps,Apple M1 Pro (16-core GPU),matmul,,,,float32,measure,59,0.7767499992041849,2764.7037659481084,GFLOPS,32.390625,"mps_driver_allocated_memory (snapshot after work, not a peak; includes allocator cache)",,,ok,,,"{""matrix_size"": 1024, ""matmuls_per_sec"": 1287.4155146759508, ""flops_per_matmul"": 2147483648.0, ""rel_err_vs_cpu_fp32"": 0.0}","{""torch"":""2.14.0"",""device_name"":""Apple M1 Pro (16-core GPU)"",""seed"":1234,""git_commit"":null,""code_sha256"":""6901b6359c57afc9"",""hostname"":""Kims-MacBook-Pro-16.local""}"
20260919_full,2026-09-19T15:27:55.185+07:00,matmul,mps,Apple M1 Pro (16-core GPU),matmul,,,,float32,measure,60,0.824708000436658,2603.93211520074,GFLOPS,32.390625,"mps_driver_allocated_memory (snapshot after work, not a peak; includes allocator cache)",,,ok,,,"{""matrix_size"": 1024, ""matmuls_per_sec"": 1212.550380826341, ""flops_per_matmul"": 2147483648.0, ""rel_err_vs_cpu_fp32"": 0.0}","{""torch"":""2.14.0"",""device_name"":""Apple M1 Pro (16-core GPU)"",""seed"":1234,""git_commit"":null,""code_sha256"":""6901b6359c57afc9"",""hostname"":""Kims-MacBook-Pro-16.local""}"
20260919_full,2026-09-19T15:27:55.185+07:00,matmul,mps,Apple M1 Pro (16-core GPU),matmul,,,,float32,measure,61,0.7773750003252644,2762.4809739205184,GFLOPS,32.390625,"mps_driver_allocated_memory (snapshot after work, not a peak; includes allocator cache)",,,ok,,,"{""matrix_size"": 1024, ""matmuls_per_sec"": 1286.380446478966, ""flops_per_matmul"": 2147483648.0, ""rel_err_vs_cpu_fp32"": 0.0}","{""torch"":""2.14.0"",""device_name"":""Apple M1 Pro (16-core GPU)"",""seed"":1234,""git_commit"":null,""code_sha256"":""6901b6359c57afc9"",""hostname"":""Kims-MacBook-Pro-16.local""}"
20260919_full,2026-09-19T15:27:55.185+07:00,matmul,mps,Apple M1 Pro (16-core GPU),matmul,,,,float32,measure,62,0.8171670015144628,2627.9617801747377,GFLOPS,32.390625,"mps_driver_allocated_memory (snapshot after work, not a peak; includes allocator cache)",,,ok,,,"{""matrix_size"": 1024, ""matmuls_per_sec"": 1223.7400655517065, ""flops_per_matmul"": 2147483648.0, ""rel_err_vs_cpu_fp32"": 0.0}","{""torch"":""2.14.0"",""device_name"":""Apple M1 Pro (16-core GPU)"",""seed"":1234,""git_commit"":null,""code_sha256"":""6901b6359c57afc9"",""hostname"":""Kims-MacBook-Pro-16.local""}"
20260919_full,2026-09-19T15:27:55.185+07:00,matmul,mps,Apple M1 Pro (16-core GPU),matmul,,,,float32,measure,63,0.7979170004546177,2691.362192780025,GFLOPS,32.390625,"mps_driver_allocated_memory (snapshot after work, not a peak; includes allocator cache)",,,ok,,,"{""matrix_size"": 1024, ""matmuls_per_sec"": 1253.2631833013263, ""flops_per_matmul"": 2147483648.0, ""rel_err_vs_cpu_fp32"": 0.0}","{""torch"":""2.14.0"",""device_name"":""Apple M1 Pro (16-core GPU)"",""seed"":1234,""git_commit"":null,""code_sha256"":""6901b6359c57afc9"",""hostname"":""Kims-MacBook-Pro-16.local""}"
20260919_full,2026-09-19T15:27:55.185+07:00,matmul,mps,Apple M1 Pro (16-core GPU),matmul,,,,float32,measure,64,0.9022500016726553,2380.1425813453498,GFLOPS,32.390625,"mps_driver_allocated_memory (snapshot after work, not a peak; includes allocator cache)",,,ok,,,"{""matrix_size"": 1024, ""matmuls_per_sec"": 1108.340258405241, ""flops_per_matmul"": 2147483648.0, ""rel_err_vs_cpu_fp32"": 0.0}","{""torch"":""2.14.0"",""device_name"":""Apple M1 Pro (16-core GPU)"",""seed"":1234,""git_commit"":null,""code_sha256"":""6901b6359c57afc9"",""hostname"":""Kims-MacBook-Pro-16.local""}"
20260919_full,2026-09-19T15:27:55.186+07:00,matmul,mps,Apple M1 Pro (16-core GPU),matmul,,,,float32,measure,65,0.8042500012379605,2670.169281559759,GFLOPS,32.390625,"mps_driver_allocated_memory (snapshot after work, not a peak; includes allocator cache)",,,ok,,,"{""matrix_size"": 1024, ""matmuls_per_sec"": 1243.3944649806986, ""flops_per_matmul"": 2147483648.0, ""rel_err_vs_cpu_fp32"": 0.0}","{""torch"":""2.14.0"",""device_name"":""Apple M1 Pro (16-core GPU)"",""seed"":1234,""git_commit"":null,""code_sha256"":""6901b6359c57afc9"",""hostname"":""Kims-MacBook-Pro-16.local""}"
20260919_full,2026-09-19T15:27:55.186+07:00,matmul,mps,Apple M1 Pro (16-core GPU),matmul,,,,float32,measure,66,0.7592090005346108,2828.58033359432,GFLOPS,32.390625,"mps_driver_allocated_memory (snapshot after work, not a peak; includes allocator cache)",,,ok,,,"{""matrix_size"": 1024, ""matmuls_per_sec"": 1317.1603593948857, ""flops_per_matmul"": 2147483648.0, ""rel_err_vs_cpu_fp32"": 0.0}","{""torch"":""2.14.0"",""device_name"":""Apple M1 Pro (16-core GPU)"",""seed"":1234,""git_commit"":null,""code_sha256"":""6901b6359c57afc9"",""hostname"":""Kims-MacBook-Pro-16.local""}"
20260919_full,2026-09-19T15:27:55.186+07:00,matmul,mps,Apple M1 Pro (16-core GPU),matmul,,,,float32,measure,67,0.7665840021218173,2801.36768058818,GFLOPS,32.390625,"mps_driver_allocated_memory (snapshot after work, not a peak; includes allocator cache)",,,ok,,,"{""matrix_size"": 1024, ""matmuls_per_sec"": 1304.4884803649877, ""flops_per_matmul"": 2147483648.0, ""rel_err_vs_cpu_fp32"": 0.0}","{""torch"":""2.14.0"",""device_name"":""Apple M1 Pro (16-core GPU)"",""seed"":1234,""git_commit"":null,""code_sha256"":""6901b6359c57afc9"",""hostname"":""Kims-MacBook-Pro-16.local""}"
20260919_full,2026-09-19T15:27:55.186+07:00,matmul,mps,Apple M1 Pro (16-core GPU),matmul,,,,float32,measure,68,0.7438339998770971,2887.046906103817,GFLOPS,32.390625,"mps_driver_allocated_memory (snapshot after work, not a peak; includes allocator cache)",,,ok,,,"{""matrix_size"": 1024, ""matmuls_per_sec"": 1344.3859788141292, ""flops_per_matmul"": 2147483648.0, ""rel_err_vs_cpu_fp32"": 0.0}","{""torch"":""2.14.0"",""device_name"":""Apple M1 Pro (16-core GPU)"",""seed"":1234,""git_commit"":null,""code_sha256"":""6901b6359c57afc9"",""hostname"":""Kims-MacBook-Pro-16.local""}"
20260919_full,2026-09-19T15:27:55.186+07:00,matmul,mps,Apple M1 Pro (16-core GPU),matmul,,,,float32,measure,69,0.7892079993325751,2721.0616843925864,GFLOPS,32.390625,"mps_driver_allocated_memory (snapshot after work, not a peak; includes allocator cache)",,,ok,,,"{""matrix_size"": 1024, ""matmuls_per_sec"": 1267.093086798017, ""flops_per_matmul"": 2147483648.0, ""rel_err_vs_cpu_fp32"": 0.0}","{""torch"":""2.14.0"",""device_name"":""Apple M1 Pro (16-core GPU)"",""seed"":1234,""git_commit"":null,""code_sha256"":""6901b6359c57afc9"",""hostname"":""Kims-MacBook-Pro-16.local""}"
20260919_full,2026-09-19T15:27:55.186+07:00,matmul,mps,Apple M1 Pro (16-core GPU),matmul,,,,float32,measure,70,0.7934169989312068,2706.626718223613,GFLOPS,32.390625,"mps_driver_allocated_memory (snapshot after work, not a peak; includes allocator cache)",,,ok,,,"{""matrix_size"": 1024, ""matmuls_per_sec"": 1260.3712818695292, ""flops_per_matmul"": 2147483648.0, ""rel_err_vs_cpu_fp32"": 0.0}","{""torch"":""2.14.0"",""device_name"":""Apple M1 Pro (16-core GPU)"",""seed"":1234,""git_commit"":null,""code_sha256"":""6901b6359c57afc9"",""hostname"":""Kims-MacBook-Pro-16.local""}"
20260919_full,2026-09-19T15:27:55.186+07:00,matmul,mps,Apple M1 Pro (16-core GPU),matmul,,,,float32,measure,71,0.8011249992705416,2680.58498980231,GFLOPS,32.390625,"mps_driver_allocated_memory (snapshot after work, not a peak; includes allocator cache)",,,ok,,,"{""matrix_size"": 1024, ""matmuls_per_sec"": 1248.2446570891466, ""flops_per_matmul"": 2147483648.0, ""rel_err_vs_cpu_fp32"": 0.0}","{""torch"":""2.14.0"",""device_name"":""Apple M1 Pro (16-core GPU)"",""seed"":1234,""git_commit"":null,""code_sha256"":""6901b6359c57afc9"",""hostname"":""Kims-MacBook-Pro-16.local""}"
20260919_full,2026-09-19T15:27:55.186+07:00,matmul,mps,Apple M1 Pro (16-core GPU),matmul,,,,float32,measure,72,0.8097909994830843,2651.8986372666627,GFLOPS,32.390625,"mps_driver_allocated_memory (snapshot after work, not a peak; includes allocator cache)",,,ok,,,"{""matrix_size"": 1024, ""matmuls_per_sec"": 1234.8865332392336, ""flops_per_matmul"": 2147483648.0, ""rel_err_vs_cpu_fp32"": 0.0}","{""torch"":""2.14.0"",""device_name"":""Apple M1 Pro (16-core GPU)"",""seed"":1234,""git_commit"":null,""code_sha256"":""6901b6359c57afc9"",""hostname"":""Kims-MacBook-Pro-16.local""}"
20260919_full,2026-09-19T15:27:55.186+07:00,matmul,mps,Apple M1 Pro (16-core GPU),matmul,,,,float32,measure,73,1.2756670003000181,1683.420240152754,GFLOPS,32.390625,"mps_driver_allocated_memory (snapshot after work, not a peak; includes allocator cache)",,,ok,,,"{""matrix_size"": 1024, ""matmuls_per_sec"": 783.9036361094351, ""flops_per_matmul"": 2147483648.0, ""rel_err_vs_cpu_fp32"": 0.0}","{""torch"":""2.14.0"",""device_name"":""Apple M1 Pro (16-core GPU)"",""seed"":1234,""git_commit"":null,""code_sha256"":""6901b6359c57afc9"",""hostname"":""Kims-MacBook-Pro-16.local""}"
20260919_full,2026-09-19T15:27:55.186+07:00,matmul,mps,Apple M1 Pro (16-core GPU),matmul,,,,float32,measure,74,0.8342080000147689,2574.2784149300664,GFLOPS,32.390625,"mps_driver_allocated_memory (snapshot after work, not a peak; includes allocator cache)",,,ok,,,"{""matrix_size"": 1024, ""matmuls_per_sec"": 1198.7418005848613, ""flops_per_matmul"": 2147483648.0, ""rel_err_vs_cpu_fp32"": 0.0}","{""torch"":""2.14.0"",""device_name"":""Apple M1 Pro (16-core GPU)"",""seed"":1234,""git_commit"":null,""code_sha256"":""6901b6359c57afc9"",""hostname"":""Kims-MacBook-Pro-16.local""}"
20260919_full,2026-09-19T15:27:55.186+07:00,matmul,mps,Apple M1 Pro (16-core GPU),matmul,,,,float32,measure,75,0.7704589988861699,2787.2782991756276,GFLOPS,32.390625,"mps_driver_allocated_memory (snapshot after work, not a peak; includes allocator cache)",,,ok,,,"{""matrix_size"": 1024, ""matmuls_per_sec"": 1297.9276008790487, ""flops_per_matmul"": 2147483648.0, ""rel_err_vs_cpu_fp32"": 0.0}","{""torch"":""2.14.0"",""device_name"":""Apple M1 Pro (16-core GPU)"",""seed"":1234,""git_commit"":null,""code_sha256"":""6901b6359c57afc9"",""hostname"":""Kims-MacBook-Pro-16.local""}"
20260919_full,2026-09-19T15:27:55.186+07:00,matmul,mps,Apple M1 Pro (16-core GPU),matmul,,,,float32,measure,76,0.7565830019302666,2838.3979583484365,GFLOPS,32.390625,"mps_driver_allocated_memory (snapshot after work, not a peak; includes allocator cache)",,,ok,,,"{""matrix_size"": 1024, ""matmuls_per_sec"": 1321.7320471761918, ""flops_per_matmul"": 2147483648.0, ""rel_err_vs_cpu_fp32"": 0.0}","{""torch"":""2.14.0"",""device_name"":""Apple M1 Pro (16-core GPU)"",""seed"":1234,""git_commit"":null,""code_sha256"":""6901b6359c57afc9"",""hostname"":""Kims-MacBook-Pro-16.local""}"
20260919_full,2026-09-19T15:27:55.186+07:00,matmul,mps,Apple M1 Pro (16-core GPU),matmul,,,,float32,measure,77,0.748416998249013,2869.367816370053,GFLOPS,32.390625,"mps_driver_allocated_memory (snapshot after work, not a peak; includes allocator cache)",,,ok,,,"{""matrix_size"": 1024, ""matmuls_per_sec"": 1336.1535111302755, ""flops_per_matmul"": 2147483648.0, ""rel_err_vs_cpu_fp32"": 0.0}","{""torch"":""2.14.0"",""device_name"":""Apple M1 Pro (16-core GPU)"",""seed"":1234,""git_commit"":null,""code_sha256"":""6901b6359c57afc9"",""hostname"":""Kims-MacBook-Pro-16.local""}"
20260919_full,2026-09-19T15:27:55.186+07:00,matmul,mps,Apple M1 Pro (16-core GPU),matmul,,,,float32,measure,78,0.8037500010686927,2671.8303516573988,GFLOPS,32.390625,"mps_driver_allocated_memory (snapshot after work, not a peak; includes allocator cache)",,,ok,,,"{""matrix_size"": 1024, ""matmuls_per_sec"": 1244.167961020674, ""flops_per_matmul"": 2147483648.0, ""rel_err_vs_cpu_fp32"": 0.0}","{""torch"":""2.14.0"",""device_name"":""Apple M1 Pro (16-core GPU)"",""seed"":1234,""git_commit"":null,""code_sha256"":""6901b6359c57afc9"",""hostname"":""Kims-MacBook-Pro-16.local""}"
20260919_full,2026-09-19T15:27:55.186+07:00,matmul,mps,Apple M1 Pro (16-core GPU),matmul,,,,float32,measure,79,0.7737089981674217,2775.57021190971,GFLOPS,32.390625,"mps_driver_allocated_memory (snapshot after work, not a peak; includes allocator cache)",,,ok,,,"{""matrix_size"": 1024, ""matmuls_per_sec"": 1292.4755978908902, ""flops_per_matmul"": 2147483648.0, ""rel_err_vs_cpu_fp32"": 0.0}","{""torch"":""2.14.0"",""device_name"":""Apple M1 Pro (16-core GPU)"",""seed"":1234,""git_commit"":null,""code_sha256"":""6901b6359c57afc9"",""hostname"":""Kims-MacBook-Pro-16.local""}"
20260919_full,2026-09-19T15:27:55.186+07:00,matmul,mps,Apple M1 Pro (16-core GPU),matmul,,,,float32,measure,80,0.8069169998634607,2661.343915623761,GFLOPS,32.390625,"mps_driver_allocated_memory (snapshot after work, not a peak; includes allocator cache)",,,ok,,,"{""matrix_size"": 1024, ""matmuls_per_sec"": 1239.2848337179798, ""flops_per_matmul"": 2147483648.0, ""rel_err_vs_cpu_fp32"": 0.0}","{""torch"":""2.14.0"",""device_name"":""Apple M1 Pro (16-core GPU)"",""seed"":1234,""git_commit"":null,""code_sha256"":""6901b6359c57afc9"",""hostname"":""Kims-MacBook-Pro-16.local""}"
20260919_full,2026-09-19T15:27:55.186+07:00,matmul,mps,Apple M1 Pro (16-core GPU),matmul,,,,float32,measure,81,0.7764160000078846,2765.893088213267,GFLOPS,32.390625,"mps_driver_allocated_memory (snapshot after work, not a peak; includes allocator cache)",,,ok,,,"{""matrix_size"": 1024, ""matmuls_per_sec"": 1287.9693360129684, ""flops_per_matmul"": 2147483648.0, ""rel_err_vs_cpu_fp32"": 0.0}","{""torch"":""2.14.0"",""device_name"":""Apple M1 Pro (16-core GPU)"",""seed"":1234,""git_commit"":null,""code_sha256"":""6901b6359c57afc9"",""hostname"":""Kims-MacBook-Pro-16.local""}"
20260919_full,2026-09-19T15:27:55.186+07:00,matmul,mps,Apple M1 Pro (16-core GPU),matmul,,,,float32,measure,82,0.7894160007708706,2720.344717997819,GFLOPS,32.390625,"mps_driver_allocated_memory (snapshot after work, not a peak; includes allocator cache)",,,ok,,,"{""matrix_size"": 1024, ""matmuls_per_sec"": 1266.7592233036733, ""flops_per_matmul"": 2147483648.0, ""rel_err_vs_cpu_fp32"": 0.0}","{""torch"":""2.14.0"",""device_name"":""Apple M1 Pro (16-core GPU)"",""seed"":1234,""git_commit"":null,""code_sha256"":""6901b6359c57afc9"",""hostname"":""Kims-MacBook-Pro-16.local""}"
20260919_full,2026-09-19T15:27:55.186+07:00,matmul,mps,Apple M1 Pro (16-core GPU),matmul,,,,float32,measure,83,0.7871670022723265,2728.116958410131,GFLOPS,32.390625,"mps_driver_allocated_memory (snapshot after work, not a peak; includes allocator cache)",,,ok,,,"{""matrix_size"": 1024, ""matmuls_per_sec"": 1270.3784547793357, ""flops_per_matmul"": 2147483648.0, ""rel_err_vs_cpu_fp32"": 0.0}","{""torch"":""2.14.0"",""device_name"":""Apple M1 Pro (16-core GPU)"",""seed"":1234,""git_commit"":null,""code_sha256"":""6901b6359c57afc9"",""hostname"":""Kims-MacBook-Pro-16.local""}"
20260919_full,2026-09-19T15:27:55.186+07:00,matmul,mps,Apple M1 Pro (16-core GPU),matmul,,,,float32,measure,84,0.8183749996533152,2624.08266248325,GFLOPS,32.390625,"mps_driver_allocated_memory (snapshot after work, not a peak; includes allocator cache)",,,ok,,,"{""matrix_size"": 1024, ""matmuls_per_sec"": 1221.93371061387, ""flops_per_matmul"": 2147483648.0, ""rel_err_vs_cpu_fp32"": 0.0}","{""torch"":""2.14.0"",""device_name"":""Apple M1 Pro (16-core GPU)"",""seed"":1234,""git_commit"":null,""code_sha256"":""6901b6359c57afc9"",""hostname"":""Kims-MacBook-Pro-16.local""}"
20260919_full,2026-09-19T15:27:55.186+07:00,matmul,mps,Apple M1 Pro (16-core GPU),matmul,,,,float32,measure,85,0.781624999945052,2747.460288694665,GFLOPS,32.390625,"mps_driver_allocated_memory (snapshot after work, not a peak; includes allocator cache)",,,ok,,,"{""matrix_size"": 1024, ""matmuls_per_sec"": 1279.3858948604507, ""flops_per_matmul"": 2147483648.0, ""rel_err_vs_cpu_fp32"": 0.0}","{""torch"":""2.14.0"",""device_name"":""Apple M1 Pro (16-core GPU)"",""seed"":1234,""git_commit"":null,""code_sha256"":""6901b6359c57afc9"",""hostname"":""Kims-MacBook-Pro-16.local""}"
20260919_full,2026-09-19T15:27:55.186+07:00,matmul,mps,Apple M1 Pro (16-core GPU),matmul,,,,float32,measure,86,0.7776660022500437,2761.4472560027352,GFLOPS,32.390625,"mps_driver_allocated_memory (snapshot after work, not a peak; includes allocator cache)",,,ok,,,"{""matrix_size"": 1024, ""matmuls_per_sec"": 1285.899084062658, ""flops_per_matmul"": 2147483648.0, ""rel_err_vs_cpu_fp32"": 0.0}","{""torch"":""2.14.0"",""device_name"":""Apple M1 Pro (16-core GPU)"",""seed"":1234,""git_commit"":null,""code_sha256"":""6901b6359c57afc9"",""hostname"":""Kims-MacBook-Pro-16.local""}"
20260919_full,2026-09-19T15:27:55.186+07:00,matmul,mps,Apple M1 Pro (16-core GPU),matmul,,,,float32,measure,87,0.7632919987372588,2813.4497041140985,GFLOPS,32.390625,"mps_driver_allocated_memory (snapshot after work, not a peak; includes allocator cache)",,,ok,,,"{""matrix_size"": 1024, ""matmuls_per_sec"": 1310.1146109933493, ""flops_per_matmul"": 2147483648.0, ""rel_err_vs_cpu_fp32"": 0.0}","{""torch"":""2.14.0"",""device_name"":""Apple M1 Pro (16-core GPU)"",""seed"":1234,""git_commit"":null,""code_sha256"":""6901b6359c57afc9"",""hostname"":""Kims-MacBook-Pro-16.local""}"
20260919_full,2026-09-19T15:27:55.186+07:00,matmul,mps,Apple M1 Pro (16-core GPU),matmul,,,,float32,measure,88,0.7693750012549572,2791.205386836272,GFLOPS,32.390625,"mps_driver_allocated_memory (snapshot after work, not a peak; includes allocator cache)",,,ok,,,"{""matrix_size"": 1024, ""matmuls_per_sec"": 1299.7562935744747, ""flops_per_matmul"": 2147483648.0, ""rel_err_vs_cpu_fp32"": 0.0}","{""torch"":""2.14.0"",""device_name"":""Apple M1 Pro (16-core GPU)"",""seed"":1234,""git_commit"":null,""code_sha256"":""6901b6359c57afc9"",""hostname"":""Kims-MacBook-Pro-16.local""}"
20260919_full,2026-09-19T15:27:55.186+07:00,matmul,mps,Apple M1 Pro (16-core GPU),matmul,,,,float32,measure,89,0.8029169985093176,2674.602296360623,GFLOPS,32.390625,"mps_driver_allocated_memory (snapshot after work, not a peak; includes allocator cache)",,,ok,,,"{""matrix_size"": 1024, ""matmuls_per_sec"": 1245.4587483595233, ""flops_per_matmul"": 2147483648.0, ""rel_err_vs_cpu_fp32"": 0.0}","{""torch"":""2.14.0"",""device_name"":""Apple M1 Pro (16-core GPU)"",""seed"":1234,""git_commit"":null,""code_sha256"":""6901b6359c57afc9"",""hostname"":""Kims-MacBook-Pro-16.local""}"
20260919_full,2026-09-19T15:27:55.186+07:00,matmul,mps,Apple M1 Pro (16-core GPU),matmul,,,,float32,measure,90,0.7675830020161811,2797.721734795177,GFLOPS,32.390625,"mps_driver_allocated_memory (snapshot after work, not a peak; includes allocator cache)",,,ok,,,"{""matrix_size"": 1024, ""matmuls_per_sec"": 1302.7907045535635, ""flops_per_matmul"": 2147483648.0, ""rel_err_vs_cpu_fp32"": 0.0}","{""torch"":""2.14.0"",""device_name"":""Apple M1 Pro (16-core GPU)"",""seed"":1234,""git_commit"":null,""code_sha256"":""6901b6359c57afc9"",""hostname"":""Kims-MacBook-Pro-16.local""}"
20260919_full,2026-09-19T15:27:55.186+07:00,matmul,mps,Apple M1 Pro (16-core GPU),matmul,,,,float32,measure,91,0.7602500008943025,2824.7071956249356,GFLOPS,32.390625,"mps_driver_allocated_memory (snapshot after work, not a peak; includes allocator cache)",,,ok,,,"{""matrix_size"": 1024, ""matmuls_per_sec"": 1315.3567889821416, ""flops_per_matmul"": 2147483648.0, ""rel_err_vs_cpu_fp32"": 0.0}","{""torch"":""2.14.0"",""device_name"":""Apple M1 Pro (16-core GPU)"",""seed"":1234,""git_commit"":null,""code_sha256"":""6901b6359c57afc9"",""hostname"":""Kims-MacBook-Pro-16.local""}"
20260919_full,2026-09-19T15:27:55.186+07:00,matmul,mps,Apple M1 Pro (16-core GPU),matmul,,,,float32,measure,92,0.7498749982914887,2863.788835329642,GFLOPS,32.390625,"mps_driver_allocated_memory (snapshot after work, not a peak; includes allocator cache)",,,ok,,,"{""matrix_size"": 1024, ""matmuls_per_sec"": 1333.5555956371325, ""flops_per_matmul"": 2147483648.0, ""rel_err_vs_cpu_fp32"": 0.0}","{""torch"":""2.14.0"",""device_name"":""Apple M1 Pro (16-core GPU)"",""seed"":1234,""git_commit"":null,""code_sha256"":""6901b6359c57afc9"",""hostname"":""Kims-MacBook-Pro-16.local""}"
20260919_full,2026-09-19T15:27:55.186+07:00,matmul,mps,Apple M1 Pro (16-core GPU),matmul,,,,float32,measure,93,0.7709170022280887,2785.6223715307697,GFLOPS,32.390625,"mps_driver_allocated_memory (snapshot after work, not a peak; includes allocator cache)",,,ok,,,"{""matrix_size"": 1024, ""matmuls_per_sec"": 1297.1564994802557, ""flops_per_matmul"": 2147483648.0, ""rel_err_vs_cpu_fp32"": 0.0}","{""torch"":""2.14.0"",""device_name"":""Apple M1 Pro (16-core GPU)"",""seed"":1234,""git_commit"":null,""code_sha256"":""6901b6359c57afc9"",""hostname"":""Kims-MacBook-Pro-16.local""}"
20260919_full,2026-09-19T15:27:55.186+07:00,matmul,mps,Apple M1 Pro (16-core GPU),matmul,,,,float32,measure,94,0.7829999995010439,2742.6355675203763,GFLOPS,32.390625,"mps_driver_allocated_memory (snapshot after work, not a peak; includes allocator cache)",,,ok,,,"{""matrix_size"": 1024, ""matmuls_per_sec"": 1277.1392089875305, ""flops_per_matmul"": 2147483648.0, ""rel_err_vs_cpu_fp32"": 0.0}","{""torch"":""2.14.0"",""device_name"":""Apple M1 Pro (16-core GPU)"",""seed"":1234,""git_commit"":null,""code_sha256"":""6901b6359c57afc9"",""hostname"":""Kims-MacBook-Pro-16.local""}"
20260919_full,2026-09-19T15:27:55.186+07:00,matmul,mps,Apple M1 Pro (16-core GPU),matmul,,,,float32,measure,95,0.7504170025640633,2861.720404338345,GFLOPS,32.390625,"mps_driver_allocated_memory (snapshot after work, not a peak; includes allocator cache)",,,ok,,,"{""matrix_size"": 1024, ""matmuls_per_sec"": 1332.5924073990177, ""flops_per_matmul"": 2147483648.0, ""rel_err_vs_cpu_fp32"": 0.0}","{""torch"":""2.14.0"",""device_name"":""Apple M1 Pro (16-core GPU)"",""seed"":1234,""git_commit"":null,""code_sha256"":""6901b6359c57afc9"",""hostname"":""Kims-MacBook-Pro-16.local""}"
20260919_full,2026-09-19T15:27:55.186+07:00,matmul,mps,Apple M1 Pro (16-core GPU),matmul,,,,float32,measure,96,0.755541001126403,2842.3125214891193,GFLOPS,32.390625,"mps_driver_allocated_memory (snapshot after work, not a peak; includes allocator cache)",,,ok,,,"{""matrix_size"": 1024, ""matmuls_per_sec"": 1323.5549076875295, ""flops_per_matmul"": 2147483648.0, ""rel_err_vs_cpu_fp32"": 0.0}","{""torch"":""2.14.0"",""device_name"":""Apple M1 Pro (16-core GPU)"",""seed"":1234,""git_commit"":null,""code_sha256"":""6901b6359c57afc9"",""hostname"":""Kims-MacBook-Pro-16.local""}"
20260919_full,2026-09-19T15:27:55.186+07:00,matmul,mps,Apple M1 Pro (16-core GPU),matmul,,,,float32,measure,97,0.7632080014445819,2813.759347301514,GFLOPS,32.390625,"mps_driver_allocated_memory (snapshot after work, not a peak; includes allocator cache)",,,ok,,,"{""matrix_size"": 1024, ""matmuls_per_sec"": 1310.2587998386073, ""flops_per_matmul"": 2147483648.0, ""rel_err_vs_cpu_fp32"": 0.0}","{""torch"":""2.14.0"",""device_name"":""Apple M1 Pro (16-core GPU)"",""seed"":1234,""git_commit"":null,""code_sha256"":""6901b6359c57afc9"",""hostname"":""Kims-MacBook-Pro-16.local""}"
20260919_full,2026-09-19T15:27:55.186+07:00,matmul,mps,Apple M1 Pro (16-core GPU),matmul,,,,float32,measure,98,0.7834579992049839,2741.032257222678,GFLOPS,32.390625,"mps_driver_allocated_memory (snapshot after work, not a peak; includes allocator cache)",,,ok,,,"{""matrix_size"": 1024, ""matmuls_per_sec"": 1276.3926094503504, ""flops_per_matmul"": 2147483648.0, ""rel_err_vs_cpu_fp32"": 0.0}","{""torch"":""2.14.0"",""device_name"":""Apple M1 Pro (16-core GPU)"",""seed"":1234,""git_commit"":null,""code_sha256"":""6901b6359c57afc9"",""hostname"":""Kims-MacBook-Pro-16.local""}"
20260919_full,2026-09-19T15:27:55.186+07:00,matmul,mps,Apple M1 Pro (16-core GPU),matmul,,,,float32,measure,99,0.766790999477962,2800.611443616351,GFLOPS,32.390625,"mps_driver_allocated_memory (snapshot after work, not a peak; includes allocator cache)",,,ok,,,"{""matrix_size"": 1024, ""matmuls_per_sec"": 1304.136330083176, ""flops_per_matmul"": 2147483648.0, ""rel_err_vs_cpu_fp32"": 0.0}","{""torch"":""2.14.0"",""device_name"":""Apple M1 Pro (16-core GPU)"",""seed"":1234,""git_commit"":null,""code_sha256"":""6901b6359c57afc9"",""hostname"":""Kims-MacBook-Pro-16.local""}"
20260919_full,2026-09-19T15:27:55.673+07:00,matmul,mps,Apple M1 Pro (16-core GPU),matmul,,,,float32,warmup,0,4.819000001589302,3565.0278436053322,GFLOPS,1024.390625,"mps_driver_allocated_memory (snapshot after work, not a peak; includes allocator cache)",,,ok,,,"{""matrix_size"": 2048, ""matmuls_per_sec"": 207.51193186764908, ""flops_per_matmul"": 17179869184.0, ""rel_err_vs_cpu_fp32"": 0.0}","{""torch"":""2.14.0"",""device_name"":""Apple M1 Pro (16-core GPU)"",""seed"":1234,""git_commit"":null,""code_sha256"":""6901b6359c57afc9"",""hostname"":""Kims-MacBook-Pro-16.local""}"
20260919_full,2026-09-19T15:27:55.673+07:00,matmul,mps,Apple M1 Pro (16-core GPU),matmul,,,,float32,warmup,1,4.423249996762024,3883.9923577858526,GFLOPS,1024.390625,"mps_driver_allocated_memory (snapshot after work, not a peak; includes allocator cache)",,,ok,,,"{""matrix_size"": 2048, ""matmuls_per_sec"": 226.0781101524977, ""flops_per_matmul"": 17179869184.0, ""rel_err_vs_cpu_fp32"": 0.0}","{""torch"":""2.14.0"",""device_name"":""Apple M1 Pro (16-core GPU)"",""seed"":1234,""git_commit"":null,""code_sha256"":""6901b6359c57afc9"",""hostname"":""Kims-MacBook-Pro-16.local""}"
20260919_full,2026-09-19T15:27:55.673+07:00,matmul,mps,Apple M1 Pro (16-core GPU),matmul,,,,float32,warmup,2,4.604583999025635,3731.0361126293687,GFLOPS,1024.390625,"mps_driver_allocated_memory (snapshot after work, not a peak; includes allocator cache)",,,ok,,,"{""matrix_size"": 2048, ""matmuls_per_sec"": 217.17488489983188, ""flops_per_matmul"": 17179869184.0, ""rel_err_vs_cpu_fp32"": 0.0}","{""torch"":""2.14.0"",""device_name"":""Apple M1 Pro (16-core GPU)"",""seed"":1234,""git_commit"":null,""code_sha256"":""6901b6359c57afc9"",""hostname"":""Kims-MacBook-Pro-16.local""}"
20260919_full,2026-09-19T15:27:55.673+07:00,matmul,mps,Apple M1 Pro (16-core GPU),matmul,,,,float32,warmup,3,4.447708000952844,3862.6342332544123,GFLOPS,1024.390625,"mps_driver_allocated_memory (snapshot after work, not a peak; includes allocator cache)",,,ok,,,"{""matrix_size"": 2048, ""matmuls_per_sec"": 224.834903682024, ""flops_per_matmul"": 17179869184.0, ""rel_err_vs_cpu_fp32"": 0.0}","{""torch"":""2.14.0"",""device_name"":""Apple M1 Pro (16-core GPU)"",""seed"":1234,""git_commit"":null,""code_sha256"":""6901b6359c57afc9"",""hostname"":""Kims-MacBook-Pro-16.local""}"
20260919_full,2026-09-19T15:27:55.673+07:00,matmul,mps,Apple M1 Pro (16-core GPU),matmul,,,,float32,warmup,4,4.361500003142282,3938.98181167548,GFLOPS,1024.390625,"mps_driver_allocated_memory (snapshot after work, not a peak; includes allocator cache)",,,ok,,,"{""matrix_size"": 2048, ""matmuls_per_sec"": 229.27891763832187, ""flops_per_matmul"": 17179869184.0, ""rel_err_vs_cpu_fp32"": 0.0}","{""torch"":""2.14.0"",""device_name"":""Apple M1 Pro (16-core GPU)"",""seed"":1234,""git_commit"":null,""code_sha256"":""6901b6359c57afc9"",""hostname"":""Kims-MacBook-Pro-16.local""}"
20260919_full,2026-09-19T15:27:55.673+07:00,matmul,mps,Apple M1 Pro (16-core GPU),matmul,,,,float32,warmup,5,4.260792000422953,4032.0835145894516,GFLOPS,1024.390625,"mps_driver_allocated_memory (snapshot after work, not a peak; includes allocator cache)",,,ok,,,"{""matrix_size"": 2048, ""matmuls_per_sec"": 234.69814999200472, ""flops_per_matmul"": 17179869184.0, ""rel_err_vs_cpu_fp32"": 0.0}","{""torch"":""2.14.0"",""device_name"":""Apple M1 Pro (16-core GPU)"",""seed"":1234,""git_commit"":null,""code_sha256"":""6901b6359c57afc9"",""hostname"":""Kims-MacBook-Pro-16.local""}"
20260919_full,2026-09-19T15:27:55.673+07:00,matmul,mps,Apple M1 Pro (16-core GPU),matmul,,,,float32,warmup,6,4.315666999900714,3980.8143641284746,GFLOPS,1024.390625,"mps_driver_allocated_memory (snapshot after work, not a peak; includes allocator cache)",,,ok,,,"{""matrix_size"": 2048, ""matmuls_per_sec"": 231.71389266665062, ""flops_per_matmul"": 17179869184.0, ""rel_err_vs_cpu_fp32"": 0.0}","{""torch"":""2.14.0"",""device_name"":""Apple M1 Pro (16-core GPU)"",""seed"":1234,""git_commit"":null,""code_sha256"":""6901b6359c57afc9"",""hostname"":""Kims-MacBook-Pro-16.local""}"
20260919_full,2026-09-19T15:27:55.673+07:00,matmul,mps,Apple M1 Pro (16-core GPU),matmul,,,,float32,warmup,7,4.198208996967878,4092.1900735308836,GFLOPS,1024.390625,"mps_driver_allocated_memory (snapshot after work, not a peak; includes allocator cache)",,,ok,,,"{""matrix_size"": 2048, ""matmuls_per_sec"": 238.19681219354294, ""flops_per_matmul"": 17179869184.0, ""rel_err_vs_cpu_fp32"": 0.0}","{""torch"":""2.14.0"",""device_name"":""Apple M1 Pro (16-core GPU)"",""seed"":1234,""git_commit"":null,""code_sha256"":""6901b6359c57afc9"",""hostname"":""Kims-MacBook-Pro-16.local""}"
20260919_full,2026-09-19T15:27:55.673+07:00,matmul,mps,Apple M1 Pro (16-core GPU),matmul,,,,float32,warmup,8,4.368750000139698,3932.4450205323365,GFLOPS,1024.390625,"mps_driver_allocated_memory (snapshot after work, not a peak; includes allocator cache)",,,ok,,,"{""matrix_size"": 2048, ""matmuls_per_sec"": 228.89842631599961, ""flops_per_matmul"": 17179869184.0, ""rel_err_vs_cpu_fp32"": 0.0}","{""torch"":""2.14.0"",""device_name"":""Apple M1 Pro (16-core GPU)"",""seed"":1234,""git_commit"":null,""code_sha256"":""6901b6359c57afc9"",""hostname"":""Kims-MacBook-Pro-16.local""}"
20260919_full,2026-09-19T15:27:55.673+07:00,matmul,mps,Apple M1 Pro (16-core GPU),matmul,,,,float32,warmup,9,4.434375001437729,3874.2481586311214,GFLOPS,1024.390625,"mps_driver_allocated_memory (snapshot after work, not a peak; includes allocator cache)",,,ok,,,"{""matrix_size"": 2048, ""matmuls_per_sec"": 225.5109231122258, ""flops_per_matmul"": 17179869184.0, ""rel_err_vs_cpu_fp32"": 0.0}","{""torch"":""2.14.0"",""device_name"":""Apple M1 Pro (16-core GPU)"",""seed"":1234,""git_commit"":null,""code_sha256"":""6901b6359c57afc9"",""hostname"":""Kims-MacBook-Pro-16.local""}"
20260919_full,2026-09-19T15:27:55.673+07:00,matmul,mps,Apple M1 Pro (16-core GPU),matmul,,,,float32,measure,0,4.767708000144921,3603.3811599782944,GFLOPS,1024.390625,"mps_driver_allocated_memory (snapshot after work, not a peak; includes allocator cache)",,,ok,,,"{""matrix_size"": 2048, ""matmuls_per_sec"": 209.74438870199342, ""flops_per_matmul"": 17179869184.0, ""rel_err_vs_cpu_fp32"": 0.0}","{""torch"":""2.14.0"",""device_name"":""Apple M1 Pro (16-core GPU)"",""seed"":1234,""git_commit"":null,""code_sha256"":""6901b6359c57afc9"",""hostname"":""Kims-MacBook-Pro-16.local""}"
20260919_full,2026-09-19T15:27:55.673+07:00,matmul,mps,Apple M1 Pro (16-core GPU),matmul,,,,float32,measure,1,4.815457999939099,3567.6500935564745,GFLOPS,1024.390625,"mps_driver_allocated_memory (snapshot after work, not a peak; includes allocator cache)",,,ok,,,"{""matrix_size"": 2048, ""matmuls_per_sec"": 207.66456690363555, ""flops_per_matmul"": 17179869184.0, ""rel_err_vs_cpu_fp32"": 0.0}","{""torch"":""2.14.0"",""device_name"":""Apple M1 Pro (16-core GPU)"",""seed"":1234,""git_commit"":null,""code_sha256"":""6901b6359c57afc9"",""hostname"":""Kims-MacBook-Pro-16.local""}"
20260919_full,2026-09-19T15:27:55.673+07:00,matmul,mps,Apple M1 Pro (16-core GPU),matmul,,,,float32,measure,2,4.403040999022778,3901.8190354831904,GFLOPS,1024.390625,"mps_driver_allocated_memory (snapshot after work, not a peak; includes allocator cache)",,,ok,,,"{""matrix_size"": 2048, ""matmuls_per_sec"": 227.115759363118, ""flops_per_matmul"": 17179869184.0, ""rel_err_vs_cpu_fp32"": 0.0}","{""torch"":""2.14.0"",""device_name"":""Apple M1 Pro (16-core GPU)"",""seed"":1234,""git_commit"":null,""code_sha256"":""6901b6359c57afc9"",""hostname"":""Kims-MacBook-Pro-16.local""}"
20260919_full,2026-09-19T15:27:55.673+07:00,matmul,mps,Apple M1 Pro (16-core GPU),matmul,,,,float32,measure,3,4.371000002720393,3930.420767171748,GFLOPS,1024.390625,"mps_driver_allocated_memory (snapshot after work, not a peak; includes allocator cache)",,,ok,,,"{""matrix_size"": 2048, ""matmuls_per_sec"": 228.78059926278354, ""flops_per_matmul"": 17179869184.0, ""rel_err_vs_cpu_fp32"": 0.0}","{""torch"":""2.14.0"",""device_name"":""Apple M1 Pro (16-core GPU)"",""seed"":1234,""git_commit"":null,""code_sha256"":""6901b6359c57afc9"",""hostname"":""Kims-MacBook-Pro-16.local""}"
20260919_full,2026-09-19T15:27:55.673+07:00,matmul,mps,Apple M1 Pro (16-core GPU),matmul,,,,float32,measure,4,4.236374999891268,4055.323049645261,GFLOPS,1024.390625,"mps_driver_allocated_memory (snapshot after work, not a peak; includes allocator cache)",,,ok,,,"{""matrix_size"": 2048, ""matmuls_per_sec"": 236.05086896831992, ""flops_per_matmul"": 17179869184.0, ""rel_err_vs_cpu_fp32"": 0.0}","{""torch"":""2.14.0"",""device_name"":""Apple M1 Pro (16-core GPU)"",""seed"":1234,""git_commit"":null,""code_sha256"":""6901b6359c57afc9"",""hostname"":""Kims-MacBook-Pro-16.local""}"
20260919_full,2026-09-19T15:27:55.673+07:00,matmul,mps,Apple M1 Pro (16-core GPU),matmul,,,,float32,measure,5,4.317292001360329,3979.316010727748,GFLOPS,1024.390625,"mps_driver_allocated_memory (snapshot after work, not a peak; includes allocator cache)",,,ok,,,"{""matrix_size"": 2048, ""matmuls_per_sec"": 231.6266770199726, ""flops_per_matmul"": 17179869184.0, ""rel_err_vs_cpu_fp32"": 0.0}","{""torch"":""2.14.0"",""device_name"":""Apple M1 Pro (16-core GPU)"",""seed"":1234,""git_commit"":null,""code_sha256"":""6901b6359c57afc9"",""hostname"":""Kims-MacBook-Pro-16.local""}"
20260919_full,2026-09-19T15:27:55.673+07:00,matmul,mps,Apple M1 Pro (16-core GPU),matmul,,,,float32,measure,6,4.313500001444481,3982.814229337406,GFLOPS,1024.390625,"mps_driver_allocated_memory (snapshot after work, not a peak; includes allocator cache)",,,ok,,,"{""matrix_size"": 2048, ""matmuls_per_sec"": 231.83030014260473, ""flops_per_matmul"": 17179869184.0, ""rel_err_vs_cpu_fp32"": 0.0}","{""torch"":""2.14.0"",""device_name"":""Apple M1 Pro (16-core GPU)"",""seed"":1234,""git_commit"":null,""code_sha256"":""6901b6359c57afc9"",""hostname"":""Kims-MacBook-Pro-16.local""}"
20260919_full,2026-09-19T15:27:55.673+07:00,matmul,mps,Apple M1 Pro (16-core GPU),matmul,,,,float32,measure,7,4.427916999702575,3879.8986487673506,GFLOPS,1024.390625,"mps_driver_allocated_memory (snapshot after work, not a peak; includes allocator cache)",,,ok,,,"{""matrix_size"": 2048, ""matmuls_per_sec"": 225.83982492607032, ""flops_per_matmul"": 17179869184.0, ""rel_err_vs_cpu_fp32"": 0.0}","{""torch"":""2.14.0"",""device_name"":""Apple M1 Pro (16-core GPU)"",""seed"":1234,""git_commit"":null,""code_sha256"":""6901b6359c57afc9"",""hostname"":""Kims-MacBook-Pro-16.local""}"
20260919_full,2026-09-19T15:27:55.673+07:00,matmul,mps,Apple M1 Pro (16-core GPU),matmul,,,,float32,measure,8,4.299750002246583,3995.550712256216,GFLOPS,1024.390625,"mps_driver_allocated_memory (snapshot after work, not a peak; includes allocator cache)",,,ok,,,"{""matrix_size"": 2048, ""matmuls_per_sec"": 232.571661021573, ""flops_per_matmul"": 17179869184.0, ""rel_err_vs_cpu_fp32"": 0.0}","{""torch"":""2.14.0"",""device_name"":""Apple M1 Pro (16-core GPU)"",""seed"":1234,""git_commit"":null,""code_sha256"":""6901b6359c57afc9"",""hostname"":""Kims-MacBook-Pro-16.local""}"
20260919_full,2026-09-19T15:27:55.673+07:00,matmul,mps,Apple M1 Pro (16-core GPU),matmul,,,,float32,measure,9,4.297291998227593,3997.836123560092,GFLOPS,1024.390625,"mps_driver_allocated_memory (snapshot after work, not a peak; includes allocator cache)",,,ok,,,"{""matrix_size"": 2048, ""matmuls_per_sec"": 232.7046894677968, ""flops_per_matmul"": 17179869184.0, ""rel_err_vs_cpu_fp32"": 0.0}","{""torch"":""2.14.0"",""device_name"":""Apple M1 Pro (16-core GPU)"",""seed"":1234,""git_commit"":null,""code_sha256"":""6901b6359c57afc9"",""hostname"":""Kims-MacBook-Pro-16.local""}"
20260919_full,2026-09-19T15:27:55.673+07:00,matmul,mps,Apple M1 Pro (16-core GPU),matmul,,,,float32,measure,10,4.188374998193467,4101.798237122997,GFLOPS,1024.390625,"mps_driver_allocated_memory (snapshot after work, not a peak; includes allocator cache)",,,ok,,,"{""matrix_size"": 2048, ""matmuls_per_sec"": 238.7560809219138, ""flops_per_matmul"": 17179869184.0, ""rel_err_vs_cpu_fp32"": 0.0}","{""torch"":""2.14.0"",""device_name"":""Apple M1 Pro (16-core GPU)"",""seed"":1234,""git_commit"":null,""code_sha256"":""6901b6359c57afc9"",""hostname"":""Kims-MacBook-Pro-16.local""}"
20260919_full,2026-09-19T15:27:55.673+07:00,matmul,mps,Apple M1 Pro (16-core GPU),matmul,,,,float32,measure,11,4.215291999571491,4075.6059570123334,GFLOPS,1024.390625,"mps_driver_allocated_memory (snapshot after work, not a peak; includes allocator cache)",,,ok,,,"{""matrix_size"": 2048, ""matmuls_per_sec"": 237.23148956268173, ""flops_per_matmul"": 17179869184.0, ""rel_err_vs_cpu_fp32"": 0.0}","{""torch"":""2.14.0"",""device_name"":""Apple M1 Pro (16-core GPU)"",""seed"":1234,""git_commit"":null,""code_sha256"":""6901b6359c57afc9"",""hostname"":""Kims-MacBook-Pro-16.local""}"
20260919_full,2026-09-19T15:27:55.673+07:00,matmul,mps,Apple M1 Pro (16-core GPU),matmul,,,,float32,measure,12,4.20812499942258,4082.547259493799,GFLOPS,1024.390625,"mps_driver_allocated_memory (snapshot after work, not a peak; includes allocator cache)",,,ok,,,"{""matrix_size"": 2048, ""matmuls_per_sec"": 237.6355265438207, ""flops_per_matmul"": 17179869184.0, ""rel_err_vs_cpu_fp32"": 0.0}","{""torch"":""2.14.0"",""device_name"":""Apple M1 Pro (16-core GPU)"",""seed"":1234,""git_commit"":null,""code_sha256"":""6901b6359c57afc9"",""hostname"":""Kims-MacBook-Pro-16.local""}"
20260919_full,2026-09-19T15:27:55.673+07:00,matmul,mps,Apple M1 Pro (16-core GPU),matmul,,,,float32,measure,13,5.296416999044595,3243.677600743866,GFLOPS,1024.390625,"mps_driver_allocated_memory (snapshot after work, not a peak; includes allocator cache)",,,ok,,,"{""matrix_size"": 2048, ""matmuls_per_sec"": 188.80688589670848, ""flops_per_matmul"": 17179869184.0, ""rel_err_vs_cpu_fp32"": 0.0}","{""torch"":""2.14.0"",""device_name"":""Apple M1 Pro (16-core GPU)"",""seed"":1234,""git_commit"":null,""code_sha256"":""6901b6359c57afc9"",""hostname"":""Kims-MacBook-Pro-16.local""}"
20260919_full,2026-09-19T15:27:55.673+07:00,matmul,mps,Apple M1 Pro (16-core GPU),matmul,,,,float32,measure,14,4.712916997959837,3645.2730212386405,GFLOPS,1024.390625,"mps_driver_allocated_memory (snapshot after work, not a peak; includes allocator cache)",,,ok,,,"{""matrix_size"": 2048, ""matmuls_per_sec"": 212.18281595726967, ""flops_per_matmul"": 17179869184.0, ""rel_err_vs_cpu_fp32"": 0.0}","{""torch"":""2.14.0"",""device_name"":""Apple M1 Pro (16-core GPU)"",""seed"":1234,""git_commit"":null,""code_sha256"":""6901b6359c57afc9"",""hostname"":""Kims-MacBook-Pro-16.local""}"
20260919_full,2026-09-19T15:27:55.673+07:00,matmul,mps,Apple M1 Pro (16-core GPU),matmul,,,,float32,measure,15,4.46525000006659,3847.459645875102,GFLOPS,1024.390625,"mps_driver_allocated_memory (snapshot after work, not a peak; includes allocator cache)",,,ok,,,"{""matrix_size"": 2048, ""matmuls_per_sec"": 223.95162644534733, ""flops_per_matmul"": 17179869184.0, ""rel_err_vs_cpu_fp32"": 0.0}","{""torch"":""2.14.0"",""device_name"":""Apple M1 Pro (16-core GPU)"",""seed"":1234,""git_commit"":null,""code_sha256"":""6901b6359c57afc9"",""hostname"":""Kims-MacBook-Pro-16.local""}"
20260919_full,2026-09-19T15:27:55.673+07:00,matmul,mps,Apple M1 Pro (16-core GPU),matmul,,,,float32,measure,16,4.49441700038733,3822.491144573242,GFLOPS,1024.390625,"mps_driver_allocated_memory (snapshot after work, not a peak; includes allocator cache)",,,ok,,,"{""matrix_size"": 2048, ""matmuls_per_sec"": 222.49826838805117, ""flops_per_matmul"": 17179869184.0, ""rel_err_vs_cpu_fp32"": 0.0}","{""torch"":""2.14.0"",""device_name"":""Apple M1 Pro (16-core GPU)"",""seed"":1234,""git_commit"":null,""code_sha256"":""6901b6359c57afc9"",""hostname"":""Kims-MacBook-Pro-16.local""}"
20260919_full,2026-09-19T15:27:55.673+07:00,matmul,mps,Apple M1 Pro (16-core GPU),matmul,,,,float32,measure,17,4.416208998009097,3890.1848150178084,GFLOPS,1024.390625,"mps_driver_allocated_memory (snapshot after work, not a peak; includes allocator cache)",,,ok,,,"{""matrix_size"": 2048, ""matmuls_per_sec"": 226.43855860327653, ""flops_per_matmul"": 17179869184.0, ""rel_err_vs_cpu_fp32"": 0.0}","{""torch"":""2.14.0"",""device_name"":""Apple M1 Pro (16-core GPU)"",""seed"":1234,""git_commit"":null,""code_sha256"":""6901b6359c57afc9"",""hostname"":""Kims-MacBook-Pro-16.local""}"
20260919_full,2026-09-19T15:27:55.674+07:00,matmul,mps,Apple M1 Pro (16-core GPU),matmul,,,,float32,measure,18,4.3188749987166375,3977.857471935408,GFLOPS,1024.390625,"mps_driver_allocated_memory (snapshot after work, not a peak; includes allocator cache)",,,ok,,,"{""matrix_size"": 2048, ""matmuls_per_sec"": 231.5417788885189, ""flops_per_matmul"": 17179869184.0, ""rel_err_vs_cpu_fp32"": 0.0}","{""torch"":""2.14.0"",""device_name"":""Apple M1 Pro (16-core GPU)"",""seed"":1234,""git_commit"":null,""code_sha256"":""6901b6359c57afc9"",""hostname"":""Kims-MacBook-Pro-16.local""}"
20260919_full,2026-09-19T15:27:55.674+07:00,matmul,mps,Apple M1 Pro (16-core GPU),matmul,,,,float32,measure,19,4.284958999051014,4009.3427236537877,GFLOPS,1024.390625,"mps_driver_allocated_memory (snapshot after work, not a peak; includes allocator cache)",,,ok,,,"{""matrix_size"": 2048, ""matmuls_per_sec"": 233.37446174431753, ""flops_per_matmul"": 17179869184.0, ""rel_err_vs_cpu_fp32"": 0.0}","{""torch"":""2.14.0"",""device_name"":""Apple M1 Pro (16-core GPU)"",""seed"":1234,""git_commit"":null,""code_sha256"":""6901b6359c57afc9"",""hostname"":""Kims-MacBook-Pro-16.local""}"
20260919_full,2026-09-19T15:27:55.674+07:00,matmul,mps,Apple M1 Pro (16-core GPU),matmul,,,,float32,measure,20,4.2738750016724225,4019.7406749793327,GFLOPS,1024.390625,"mps_driver_allocated_memory (snapshot after work, not a peak; includes allocator cache)",,,ok,,,"{""matrix_size"": 2048, ""matmuls_per_sec"": 233.9797021692696, ""flops_per_matmul"": 17179869184.0, ""rel_err_vs_cpu_fp32"": 0.0}","{""torch"":""2.14.0"",""device_name"":""Apple M1 Pro (16-core GPU)"",""seed"":1234,""git_commit"":null,""code_sha256"":""6901b6359c57afc9"",""hostname"":""Kims-MacBook-Pro-16.local""}"
20260919_full,2026-09-19T15:27:55.674+07:00,matmul,mps,Apple M1 Pro (16-core GPU),matmul,,,,float32,measure,21,4.34049999967101,3958.039208686131,GFLOPS,1024.390625,"mps_driver_allocated_memory (snapshot after work, not a peak; includes allocator cache)",,,ok,,,"{""matrix_size"": 2048, ""matmuls_per_sec"": 230.3882041414112, ""flops_per_matmul"": 17179869184.0, ""rel_err_vs_cpu_fp32"": 0.0}","{""torch"":""2.14.0"",""device_name"":""Apple M1 Pro (16-core GPU)"",""seed"":1234,""git_commit"":null,""code_sha256"":""6901b6359c57afc9"",""hostname"":""Kims-MacBook-Pro-16.local""}"
20260919_full,2026-09-19T15:27:55.674+07:00,matmul,mps,Apple M1 Pro (16-core GPU),matmul,,,,float32,measure,22,4.58312499904423,3748.505482085413,GFLOPS,1024.390625,"mps_driver_allocated_memory (snapshot after work, not a peak; includes allocator cache)",,,ok,,,"{""matrix_size"": 2048, ""matmuls_per_sec"": 218.1917360335014, ""flops_per_matmul"": 17179869184.0, ""rel_err_vs_cpu_fp32"": 0.0}","{""torch"":""2.14.0"",""device_name"":""Apple M1 Pro (16-core GPU)"",""seed"":1234,""git_commit"":null,""code_sha256"":""6901b6359c57afc9"",""hostname"":""Kims-MacBook-Pro-16.local""}"
20260919_full,2026-09-19T15:27:55.674+07:00,matmul,mps,Apple M1 Pro (16-core GPU),matmul,,,,float32,measure,23,4.428291998920031,3879.570088916859,GFLOPS,1024.390625,"mps_driver_allocated_memory (snapshot after work, not a peak; includes allocator cache)",,,ok,,,"{""matrix_size"": 2048, ""matmuls_per_sec"": 225.82070022570312, ""flops_per_matmul"": 17179869184.0, ""rel_err_vs_cpu_fp32"": 0.0}","{""torch"":""2.14.0"",""device_name"":""Apple M1 Pro (16-core GPU)"",""seed"":1234,""git_commit"":null,""code_sha256"":""6901b6359c57afc9"",""hostname"":""Kims-MacBook-Pro-16.local""}"
20260919_full,2026-09-19T15:27:55.674+07:00,matmul,mps,Apple M1 Pro (16-core GPU),matmul,,,,float32,measure,24,4.376041000796249,3925.8931031208367,GFLOPS,1024.390625,"mps_driver_allocated_memory (snapshot after work, not a peak; includes allocator cache)",,,ok,,,"{""matrix_size"": 2048, ""matmuls_per_sec"": 228.517054528978, ""flops_per_matmul"": 17179869184.0, ""rel_err_vs_cpu_fp32"": 0.0}","{""torch"":""2.14.0"",""device_name"":""Apple M1 Pro (16-core GPU)"",""seed"":1234,""git_commit"":null,""code_sha256"":""6901b6359c57afc9"",""hostname"":""Kims-MacBook-Pro-16.local""}"
20260919_full,2026-09-19T15:27:55.674+07:00,matmul,mps,Apple M1 Pro (16-core GPU),matmul,,,,float32,measure,25,4.418125001393491,3888.4977628703155,GFLOPS,1024.390625,"mps_driver_allocated_memory (snapshot after work, not a peak; includes allocator cache)",,,ok,,,"{""matrix_size"": 2048, ""matmuls_per_sec"": 226.3403592439319, ""flops_per_matmul"": 17179869184.0, ""rel_err_vs_cpu_fp32"": 0.0}","{""torch"":""2.14.0"",""device_name"":""Apple M1 Pro (16-core GPU)"",""seed"":1234,""git_commit"":null,""code_sha256"":""6901b6359c57afc9"",""hostname"":""Kims-MacBook-Pro-16.local""}"
20260919_full,2026-09-19T15:27:55.674+07:00,matmul,mps,Apple M1 Pro (16-core GPU),matmul,,,,float32,measure,26,4.673292001825757,3676.181410724642,GFLOPS,1024.390625,"mps_driver_allocated_memory (snapshot after work, not a peak; includes allocator cache)",,,ok,,,"{""matrix_size"": 2048, ""matmuls_per_sec"": 213.98192101185222, ""flops_per_matmul"": 17179869184.0, ""rel_err_vs_cpu_fp32"": 0.0}","{""torch"":""2.14.0"",""device_name"":""Apple M1 Pro (16-core GPU)"",""seed"":1234,""git_commit"":null,""code_sha256"":""6901b6359c57afc9"",""hostname"":""Kims-MacBook-Pro-16.local""}"
20260919_full,2026-09-19T15:27:55.674+07:00,matmul,mps,Apple M1 Pro (16-core GPU),matmul,,,,float32,measure,27,4.263083999830997,4029.9157100073726,GFLOPS,1024.390625,"mps_driver_allocated_memory (snapshot after work, not a peak; includes allocator cache)",,,ok,,,"{""matrix_size"": 2048, ""matmuls_per_sec"": 234.5719671579644, ""flops_per_matmul"": 17179869184.0, ""rel_err_vs_cpu_fp32"": 0.0}","{""torch"":""2.14.0"",""device_name"":""Apple M1 Pro (16-core GPU)"",""seed"":1234,""git_commit"":null,""code_sha256"":""6901b6359c57afc9"",""hostname"":""Kims-MacBook-Pro-16.local""}"
20260919_full,2026-09-19T15:27:55.674+07:00,matmul,mps,Apple M1 Pro (16-core GPU),matmul,,,,float32,measure,28,4.293624999263557,4001.250502069159,GFLOPS,1024.390625,"mps_driver_allocated_memory (snapshot after work, not a peak; includes allocator cache)",,,ok,,,"{""matrix_size"": 2048, ""matmuls_per_sec"": 232.90343245428284, ""flops_per_matmul"": 17179869184.0, ""rel_err_vs_cpu_fp32"": 0.0}","{""torch"":""2.14.0"",""device_name"":""Apple M1 Pro (16-core GPU)"",""seed"":1234,""git_commit"":null,""code_sha256"":""6901b6359c57afc9"",""hostname"":""Kims-MacBook-Pro-16.local""}"
20260919_full,2026-09-19T15:27:55.674+07:00,matmul,mps,Apple M1 Pro (16-core GPU),matmul,,,,float32,measure,29,4.368041001725942,3933.0833152005043,GFLOPS,1024.390625,"mps_driver_allocated_memory (snapshot after work, not a peak; includes allocator cache)",,,ok,,,"{""matrix_size"": 2048, ""matmuls_per_sec"": 228.9355799556072, ""flops_per_matmul"": 17179869184.0, ""rel_err_vs_cpu_fp32"": 0.0}","{""torch"":""2.14.0"",""device_name"":""Apple M1 Pro (16-core GPU)"",""seed"":1234,""git_commit"":null,""code_sha256"":""6901b6359c57afc9"",""hostname"":""Kims-MacBook-Pro-16.local""}"
20260919_full,2026-09-19T15:27:55.674+07:00,matmul,mps,Apple M1 Pro (16-core GPU),matmul,,,,float32,measure,30,4.385583000839688,3917.351280482127,GFLOPS,1024.390625,"mps_driver_allocated_memory (snapshot after work, not a peak; includes allocator cache)",,,ok,,,"{""matrix_size"": 2048, ""matmuls_per_sec"": 228.019855013241, ""flops_per_matmul"": 17179869184.0, ""rel_err_vs_cpu_fp32"": 0.0}","{""torch"":""2.14.0"",""device_name"":""Apple M1 Pro (16-core GPU)"",""seed"":1234,""git_commit"":null,""code_sha256"":""6901b6359c57afc9"",""hostname"":""Kims-MacBook-Pro-16.local""}"
20260919_full,2026-09-19T15:27:55.674+07:00,matmul,mps,Apple M1 Pro (16-core GPU),matmul,,,,float32,measure,31,4.4419170008040965,3867.6700129448664,GFLOPS,1024.390625,"mps_driver_allocated_memory (snapshot after work, not a peak; includes allocator cache)",,,ok,,,"{""matrix_size"": 2048, ""matmuls_per_sec"": 225.12802463868087, ""flops_per_matmul"": 17179869184.0, ""rel_err_vs_cpu_fp32"": 0.0}","{""torch"":""2.14.0"",""device_name"":""Apple M1 Pro (16-core GPU)"",""seed"":1234,""git_commit"":null,""code_sha256"":""6901b6359c57afc9"",""hostname"":""Kims-MacBook-Pro-16.local""}"
20260919_full,2026-09-19T15:27:55.674+07:00,matmul,mps,Apple M1 Pro (16-core GPU),matmul,,,,float32,measure,32,4.416833999130176,3889.6343370349205,GFLOPS,1024.390625,"mps_driver_allocated_memory (snapshot after work, not a peak; includes allocator cache)",,,ok,,,"{""matrix_size"": 2048, ""matmuls_per_sec"": 226.40651656750825, ""flops_per_matmul"": 17179869184.0, ""rel_err_vs_cpu_fp32"": 0.0}","{""torch"":""2.14.0"",""device_name"":""Apple M1 Pro (16-core GPU)"",""seed"":1234,""git_commit"":null,""code_sha256"":""6901b6359c57afc9"",""hostname"":""Kims-MacBook-Pro-16.local""}"
20260919_full,2026-09-19T15:27:55.674+07:00,matmul,mps,Apple M1 Pro (16-core GPU),matmul,,,,float32,measure,33,4.499374997976702,3818.279025803699,GFLOPS,1024.390625,"mps_driver_allocated_memory (snapshot after work, not a peak; includes allocator cache)",,,ok,,,"{""matrix_size"": 2048, ""matmuls_per_sec"": 222.25309080698636, ""flops_per_matmul"": 17179869184.0, ""rel_err_vs_cpu_fp32"": 0.0}","{""torch"":""2.14.0"",""device_name"":""Apple M1 Pro (16-core GPU)"",""seed"":1234,""git_commit"":null,""code_sha256"":""6901b6359c57afc9"",""hostname"":""Kims-MacBook-Pro-16.local""}"
20260919_full,2026-09-19T15:27:55.674+07:00,matmul,mps,Apple M1 Pro (16-core GPU),matmul,,,,float32,measure,34,4.321791999245761,3975.1726105740927,GFLOPS,1024.390625,"mps_driver_allocated_memory (snapshot after work, not a peak; includes allocator cache)",,,ok,,,"{""matrix_size"": 2048, ""matmuls_per_sec"": 231.38549938879981, ""flops_per_matmul"": 17179869184.0, ""rel_err_vs_cpu_fp32"": 0.0}","{""torch"":""2.14.0"",""device_name"":""Apple M1 Pro (16-core GPU)"",""seed"":1234,""git_commit"":null,""code_sha256"":""6901b6359c57afc9"",""hostname"":""Kims-MacBook-Pro-16.local""}"
20260919_full,2026-09-19T15:27:55.674+07:00,matmul,mps,Apple M1 Pro (16-core GPU),matmul,,,,float32,measure,35,4.325750000134576,3971.5353831047855,GFLOPS,1024.390625,"mps_driver_allocated_memory (snapshot after work, not a peak; includes allocator cache)",,,ok,,,"{""matrix_size"": 2048, ""matmuls_per_sec"": 231.17378488560124, ""flops_per_matmul"": 17179869184.0, ""rel_err_vs_cpu_fp32"": 0.0}","{""torch"":""2.14.0"",""device_name"":""Apple M1 Pro (16-core GPU)"",""seed"":1234,""git_commit"":null,""code_sha256"":""6901b6359c57afc9"",""hostname"":""Kims-MacBook-Pro-16.local""}"
20260919_full,2026-09-19T15:27:55.674+07:00,matmul,mps,Apple M1 Pro (16-core GPU),matmul,,,,float32,measure,36,4.476250000152504,3838.0048441026947,GFLOPS,1024.390625,"mps_driver_allocated_memory (snapshot after work, not a peak; includes allocator cache)",,,ok,,,"{""matrix_size"": 2048, ""matmuls_per_sec"": 223.401284549775, ""flops_per_matmul"": 17179869184.0, ""rel_err_vs_cpu_fp32"": 0.0}","{""torch"":""2.14.0"",""device_name"":""Apple M1 Pro (16-core GPU)"",""seed"":1234,""git_commit"":null,""code_sha256"":""6901b6359c57afc9"",""hostname"":""Kims-MacBook-Pro-16.local""}"
20260919_full,2026-09-19T15:27:55.674+07:00,matmul,mps,Apple M1 Pro (16-core GPU),matmul,,,,float32,measure,37,5.647999998473097,3041.7615418988094,GFLOPS,1024.390625,"mps_driver_allocated_memory (snapshot after work, not a peak; includes allocator cache)",,,ok,,,"{""matrix_size"": 2048, ""matmuls_per_sec"": 177.0538244104717, ""flops_per_matmul"": 17179869184.0, ""rel_err_vs_cpu_fp32"": 0.0}","{""torch"":""2.14.0"",""device_name"":""Apple M1 Pro (16-core GPU)"",""seed"":1234,""git_commit"":null,""code_sha256"":""6901b6359c57afc9"",""hostname"":""Kims-MacBook-Pro-16.local""}"
20260919_full,2026-09-19T15:27:55.674+07:00,matmul,mps,Apple M1 Pro (16-core GPU),matmul,,,,float32,measure,38,4.383666997455293,3919.06346763403,GFLOPS,1024.390625,"mps_driver_allocated_memory (snapshot after work, not a peak; includes allocator cache)",,,ok,,,"{""matrix_size"": 2048, ""matmuls_per_sec"": 228.11951742239938, ""flops_per_matmul"": 17179869184.0, ""rel_err_vs_cpu_fp32"": 0.0}","{""torch"":""2.14.0"",""device_name"":""Apple M1 Pro (16-core GPU)"",""seed"":1234,""git_commit"":null,""code_sha256"":""6901b6359c57afc9"",""hostname"":""Kims-MacBook-Pro-16.local""}"
20260919_full,2026-09-19T15:27:55.674+07:00,matmul,mps,Apple M1 Pro (16-core GPU),matmul,,,,float32,measure,39,4.489167000429006,3826.961479124793,GFLOPS,1024.390625,"mps_driver_allocated_memory (snapshot after work, not a peak; includes allocator cache)",,,ok,,,"{""matrix_size"": 2048, ""matmuls_per_sec"": 222.75847610579763, ""flops_per_matmul"": 17179869184.0, ""rel_err_vs_cpu_fp32"": 0.0}","{""torch"":""2.14.0"",""device_name"":""Apple M1 Pro (16-core GPU)"",""seed"":1234,""git_commit"":null,""code_sha256"":""6901b6359c57afc9"",""hostname"":""Kims-MacBook-Pro-16.local""}"
20260919_full,2026-09-19T15:27:55.674+07:00,matmul,mps,Apple M1 Pro (16-core GPU),matmul,,,,float32,measure,40,5.728666998038534,2998.9296270637305,GFLOPS,1024.390625,"mps_driver_allocated_memory (snapshot after work, not a peak; includes allocator cache)",,,ok,,,"{""matrix_size"": 2048, ""matmuls_per_sec"": 174.5606788354769, ""flops_per_matmul"": 17179869184.0, ""rel_err_vs_cpu_fp32"": 0.0}","{""torch"":""2.14.0"",""device_name"":""Apple M1 Pro (16-core GPU)"",""seed"":1234,""git_commit"":null,""code_sha256"":""6901b6359c57afc9"",""hostname"":""Kims-MacBook-Pro-16.local""}"
20260919_full,2026-09-19T15:27:55.674+07:00,matmul,mps,Apple M1 Pro (16-core GPU),matmul,,,,float32,measure,41,4.349958999227965,3949.432439949227,GFLOPS,1024.390625,"mps_driver_allocated_memory (snapshot after work, not a peak; includes allocator cache)",,,ok,,,"{""matrix_size"": 2048, ""matmuls_per_sec"": 229.88722426521284, ""flops_per_matmul"": 17179869184.0, ""rel_err_vs_cpu_fp32"": 0.0}","{""torch"":""2.14.0"",""device_name"":""Apple M1 Pro (16-core GPU)"",""seed"":1234,""git_commit"":null,""code_sha256"":""6901b6359c57afc9"",""hostname"":""Kims-MacBook-Pro-16.local""}"
20260919_full,2026-09-19T15:27:55.674+07:00,matmul,mps,Apple M1 Pro (16-core GPU),matmul,,,,float32,measure,42,4.434042002685601,3874.5391165881006,GFLOPS,1024.390625,"mps_driver_allocated_memory (snapshot after work, not a peak; includes allocator cache)",,,ok,,,"{""matrix_size"": 2048, ""matmuls_per_sec"": 225.52785909432572, ""flops_per_matmul"": 17179869184.0, ""rel_err_vs_cpu_fp32"": 0.0}","{""torch"":""2.14.0"",""device_name"":""Apple M1 Pro (16-core GPU)"",""seed"":1234,""git_commit"":null,""code_sha256"":""6901b6359c57afc9"",""hostname"":""Kims-MacBook-Pro-16.local""}"
20260919_full,2026-09-19T15:27:55.674+07:00,matmul,mps,Apple M1 Pro (16-core GPU),matmul,,,,float32,measure,43,4.742624998471001,3622.438879215351,GFLOPS,1024.390625,"mps_driver_allocated_memory (snapshot after work, not a peak; includes allocator cache)",,,ok,,,"{""matrix_size"": 2048, ""matmuls_per_sec"": 210.85369396112807, ""flops_per_matmul"": 17179869184.0, ""rel_err_vs_cpu_fp32"": 0.0}","{""torch"":""2.14.0"",""device_name"":""Apple M1 Pro (16-core GPU)"",""seed"":1234,""git_commit"":null,""code_sha256"":""6901b6359c57afc9"",""hostname"":""Kims-MacBook-Pro-16.local""}"
20260919_full,2026-09-19T15:27:55.674+07:00,matmul,mps,Apple M1 Pro (16-core GPU),matmul,,,,float32,measure,44,4.454040998098208,3857.142130334113,GFLOPS,1024.390625,"mps_driver_allocated_memory (snapshot after work, not a peak; includes allocator cache)",,,ok,,,"{""matrix_size"": 2048, ""matmuls_per_sec"": 224.51522121753737, ""flops_per_matmul"": 17179869184.0, ""rel_err_vs_cpu_fp32"": 0.0}","{""torch"":""2.14.0"",""device_name"":""Apple M1 Pro (16-core GPU)"",""seed"":1234,""git_commit"":null,""code_sha256"":""6901b6359c57afc9"",""hostname"":""Kims-MacBook-Pro-16.local""}"
20260919_full,2026-09-19T15:27:55.674+07:00,matmul,mps,Apple M1 Pro (16-core GPU),matmul,,,,float32,measure,45,5.337082999176346,3218.962340786402,GFLOPS,1024.390625,"mps_driver_allocated_memory (snapshot after work, not a peak; includes allocator cache)",,,ok,,,"{""matrix_size"": 2048, ""matmuls_per_sec"": 187.3682684257162, ""flops_per_matmul"": 17179869184.0, ""rel_err_vs_cpu_fp32"": 0.0}","{""torch"":""2.14.0"",""device_name"":""Apple M1 Pro (16-core GPU)"",""seed"":1234,""git_commit"":null,""code_sha256"":""6901b6359c57afc9"",""hostname"":""Kims-MacBook-Pro-16.local""}"
20260919_full,2026-09-19T15:27:55.674+07:00,matmul,mps,Apple M1 Pro (16-core GPU),matmul,,,,float32,measure,46,4.376832999696489,3925.1827029249994,GFLOPS,1024.390625,"mps_driver_allocated_memory (snapshot after work, not a peak; includes allocator cache)",,,ok,,,"{""matrix_size"": 2048, ""matmuls_per_sec"": 228.47570379526584, ""flops_per_matmul"": 17179869184.0, ""rel_err_vs_cpu_fp32"": 0.0}","{""torch"":""2.14.0"",""device_name"":""Apple M1 Pro (16-core GPU)"",""seed"":1234,""git_commit"":null,""code_sha256"":""6901b6359c57afc9"",""hostname"":""Kims-MacBook-Pro-16.local""}"
20260919_full,2026-09-19T15:27:55.674+07:00,matmul,mps,Apple M1 Pro (16-core GPU),matmul,,,,float32,measure,47,5.495957997482037,3125.909839898872,GFLOPS,1024.390625,"mps_driver_allocated_memory (snapshot after work, not a peak; includes allocator cache)",,,ok,,,"{""matrix_size"": 2048, ""matmuls_per_sec"": 181.95190000690474, ""flops_per_matmul"": 17179869184.0, ""rel_err_vs_cpu_fp32"": 0.0}","{""torch"":""2.14.0"",""device_name"":""Apple M1 Pro (16-core GPU)"",""seed"":1234,""git_commit"":null,""code_sha256"":""6901b6359c57afc9"",""hostname"":""Kims-MacBook-Pro-16.local""}"
20260919_full,2026-09-19T15:27:55.674+07:00,matmul,mps,Apple M1 Pro (16-core GPU),matmul,,,,float32,measure,48,4.326750000473112,3970.6174801228294,GFLOPS,1024.390625,"mps_driver_allocated_memory (snapshot after work, not a peak; includes allocator cache)",,,ok,,,"{""matrix_size"": 2048, ""matmuls_per_sec"": 231.12035590007608, ""flops_per_matmul"": 17179869184.0, ""rel_err_vs_cpu_fp32"": 0.0}","{""torch"":""2.14.0"",""device_name"":""Apple M1 Pro (16-core GPU)"",""seed"":1234,""git_commit"":null,""code_sha256"":""6901b6359c57afc9"",""hostname"":""Kims-MacBook-Pro-16.local""}"
20260919_full,2026-09-19T15:27:55.674+07:00,matmul,mps,Apple M1 Pro (16-core GPU),matmul,,,,float32,measure,49,4.478000002563931,3836.5049518006845,GFLOPS,1024.390625,"mps_driver_allocated_memory (snapshot after work, not a peak; includes allocator cache)",,,ok,,,"{""matrix_size"": 2048, ""matmuls_per_sec"": 223.31397932725287, ""flops_per_matmul"": 17179869184.0, ""rel_err_vs_cpu_fp32"": 0.0}","{""torch"":""2.14.0"",""device_name"":""Apple M1 Pro (16-core GPU)"",""seed"":1234,""git_commit"":null,""code_sha256"":""6901b6359c57afc9"",""hostname"":""Kims-MacBook-Pro-16.local""}"
20260919_full,2026-09-19T15:27:57.348+07:00,matmul,mps,Apple M1 Pro (16-core GPU),matmul,,,,float32,warmup,0,44.42870799903176,3093.4717587330074,GFLOPS,1024.375,"mps_driver_allocated_memory (snapshot after work, not a peak; includes allocator cache)",,,ok,,,"{""matrix_size"": 4096, ""matmuls_per_sec"": 22.50796939721482, ""flops_per_matmul"": 137438953472.0, ""rel_err_vs_cpu_fp32"": null}","{""torch"":""2.14.0"",""device_name"":""Apple M1 Pro (16-core GPU)"",""seed"":1234,""git_commit"":null,""code_sha256"":""6901b6359c57afc9"",""hostname"":""Kims-MacBook-Pro-16.local""}"
20260919_full,2026-09-19T15:27:57.348+07:00,matmul,mps,Apple M1 Pro (16-core GPU),matmul,,,,float32,warmup,1,33.47287499855156,4105.979945790353,GFLOPS,1024.375,"mps_driver_allocated_memory (snapshot after work, not a peak; includes allocator cache)",,,ok,,,"{""matrix_size"": 4096, ""matmuls_per_sec"": 29.87493605025777, ""flops_per_matmul"": 137438953472.0, ""rel_err_vs_cpu_fp32"": null}","{""torch"":""2.14.0"",""device_name"":""Apple M1 Pro (16-core GPU)"",""seed"":1234,""git_commit"":null,""code_sha256"":""6901b6359c57afc9"",""hostname"":""Kims-MacBook-Pro-16.local""}"
20260919_full,2026-09-19T15:27:57.348+07:00,matmul,mps,Apple M1 Pro (16-core GPU),matmul,,,,float32,warmup,2,33.612833998631686,4088.883236611197,GFLOPS,1024.375,"mps_driver_allocated_memory (snapshot after work, not a peak; includes allocator cache)",,,ok,,,"{""matrix_size"": 4096, ""matmuls_per_sec"": 29.750541118928208, ""flops_per_matmul"": 137438953472.0, ""rel_err_vs_cpu_fp32"": null}","{""torch"":""2.14.0"",""device_name"":""Apple M1 Pro (16-core GPU)"",""seed"":1234,""git_commit"":null,""code_sha256"":""6901b6359c57afc9"",""hostname"":""Kims-MacBook-Pro-16.local""}"
20260919_full,2026-09-19T15:27:57.348+07:00,matmul,mps,Apple M1 Pro (16-core GPU),matmul,,,,float32,warmup,3,33.0681250015914,4156.236661902838,GFLOPS,1024.375,"mps_driver_allocated_memory (snapshot after work, not a peak; includes allocator cache)",,,ok,,,"{""matrix_size"": 4096, ""matmuls_per_sec"": 30.24060178652026, ""flops_per_matmul"": 137438953472.0, ""rel_err_vs_cpu_fp32"": null}","{""torch"":""2.14.0"",""device_name"":""Apple M1 Pro (16-core GPU)"",""seed"":1234,""git_commit"":null,""code_sha256"":""6901b6359c57afc9"",""hostname"":""Kims-MacBook-Pro-16.local""}"
20260919_full,2026-09-19T15:27:57.348+07:00,matmul,mps,Apple M1 Pro (16-core GPU),matmul,,,,float32,warmup,4,33.09383400119259,4153.007882587649,GFLOPS,1024.375,"mps_driver_allocated_memory (snapshot after work, not a peak; includes allocator cache)",,,ok,,,"{""matrix_size"": 4096, ""matmuls_per_sec"": 30.217109325077395, ""flops_per_matmul"": 137438953472.0, ""rel_err_vs_cpu_fp32"": null}","{""torch"":""2.14.0"",""device_name"":""Apple M1 Pro (16-core GPU)"",""seed"":1234,""git_commit"":null,""code_sha256"":""6901b6359c57afc9"",""hostname"":""Kims-MacBook-Pro-16.local""}"
20260919_full,2026-09-19T15:27:57.348+07:00,matmul,mps,Apple M1 Pro (16-core GPU),matmul,,,,float32,measure,0,34.215333998872666,4016.881830717431,GFLOPS,1024.375,"mps_driver_allocated_memory (snapshot after work, not a peak; includes allocator cache)",,,ok,,,"{""matrix_size"": 4096, ""matmuls_per_sec"": 29.226661941483552, ""flops_per_matmul"": 137438953472.0, ""rel_err_vs_cpu_fp32"": null}","{""torch"":""2.14.0"",""device_name"":""Apple M1 Pro (16-core GPU)"",""seed"":1234,""git_commit"":null,""code_sha256"":""6901b6359c57afc9"",""hostname"":""Kims-MacBook-Pro-16.local""}"
20260919_full,2026-09-19T15:27:57.348+07:00,matmul,mps,Apple M1 Pro (16-core GPU),matmul,,,,float32,measure,1,35.73687500102096,3845.8581917997453,GFLOPS,1024.375,"mps_driver_allocated_memory (snapshot after work, not a peak; includes allocator cache)",,,ok,,,"{""matrix_size"": 4096, ""matmuls_per_sec"": 27.982301193695058, ""flops_per_matmul"": 137438953472.0, ""rel_err_vs_cpu_fp32"": null}","{""torch"":""2.14.0"",""device_name"":""Apple M1 Pro (16-core GPU)"",""seed"":1234,""git_commit"":null,""code_sha256"":""6901b6359c57afc9"",""hostname"":""Kims-MacBook-Pro-16.local""}"
20260919_full,2026-09-19T15:27:57.348+07:00,matmul,mps,Apple M1 Pro (16-core GPU),matmul,,,,float32,measure,2,37.171666997892316,3697.4116194410376,GFLOPS,1024.375,"mps_driver_allocated_memory (snapshot after work, not a peak; includes allocator cache)",,,ok,,,"{""matrix_size"": 4096, ""matmuls_per_sec"": 26.90221022524229, ""flops_per_matmul"": 137438953472.0, ""rel_err_vs_cpu_fp32"": null}","{""torch"":""2.14.0"",""device_name"":""Apple M1 Pro (16-core GPU)"",""seed"":1234,""git_commit"":null,""code_sha256"":""6901b6359c57afc9"",""hostname"":""Kims-MacBook-Pro-16.local""}"
20260919_full,2026-09-19T15:27:57.348+07:00,matmul,mps,Apple M1 Pro (16-core GPU),matmul,,,,float32,measure,3,32.98883299794397,4166.226597969255,GFLOPS,1024.375,"mps_driver_allocated_memory (snapshot after work, not a peak; includes allocator cache)",,,ok,,,"{""matrix_size"": 4096, ""matmuls_per_sec"": 30.313288137907907, ""flops_per_matmul"": 137438953472.0, ""rel_err_vs_cpu_fp32"": null}","{""torch"":""2.14.0"",""device_name"":""Apple M1 Pro (16-core GPU)"",""seed"":1234,""git_commit"":null,""code_sha256"":""6901b6359c57afc9"",""hostname"":""Kims-MacBook-Pro-16.local""}"
20260919_full,2026-09-19T15:27:57.348+07:00,matmul,mps,Apple M1 Pro (16-core GPU),matmul,,,,float32,measure,4,32.637999996950384,4211.010278964458,GFLOPS,1024.375,"mps_driver_allocated_memory (snapshot after work, not a peak; includes allocator cache)",,,ok,,,"{""matrix_size"": 4096, ""matmuls_per_sec"": 30.639132302636117, ""flops_per_matmul"": 137438953472.0, ""rel_err_vs_cpu_fp32"": null}","{""torch"":""2.14.0"",""device_name"":""Apple M1 Pro (16-core GPU)"",""seed"":1234,""git_commit"":null,""code_sha256"":""6901b6359c57afc9"",""hostname"":""Kims-MacBook-Pro-16.local""}"
20260919_full,2026-09-19T15:27:57.348+07:00,matmul,mps,Apple M1 Pro (16-core GPU),matmul,,,,float32,measure,5,33.24074999909499,4134.652601873962,GFLOPS,1024.375,"mps_driver_allocated_memory (snapshot after work, not a peak; includes allocator cache)",,,ok,,,"{""matrix_size"": 4096, ""matmuls_per_sec"": 30.08355708060817, ""flops_per_matmul"": 137438953472.0, ""rel_err_vs_cpu_fp32"": null}","{""torch"":""2.14.0"",""device_name"":""Apple M1 Pro (16-core GPU)"",""seed"":1234,""git_commit"":null,""code_sha256"":""6901b6359c57afc9"",""hostname"":""Kims-MacBook-Pro-16.local""}"
20260919_full,2026-09-19T15:27:57.348+07:00,matmul,mps,Apple M1 Pro (16-core GPU),matmul,,,,float32,measure,6,32.84937499847729,4183.913802876642,GFLOPS,1024.375,"mps_driver_allocated_memory (snapshot after work, not a peak; includes allocator cache)",,,ok,,,"{""matrix_size"": 4096, ""matmuls_per_sec"": 30.441979491127437, ""flops_per_matmul"": 137438953472.0, ""rel_err_vs_cpu_fp32"": null}","{""torch"":""2.14.0"",""device_name"":""Apple M1 Pro (16-core GPU)"",""seed"":1234,""git_commit"":null,""code_sha256"":""6901b6359c57afc9"",""hostname"":""Kims-MacBook-Pro-16.local""}"
20260919_full,2026-09-19T15:27:57.348+07:00,matmul,mps,Apple M1 Pro (16-core GPU),matmul,,,,float32,measure,7,34.475874999770895,3986.525460859611,GFLOPS,1024.375,"mps_driver_allocated_memory (snapshot after work, not a peak; includes allocator cache)",,,ok,,,"{""matrix_size"": 4096, ""matmuls_per_sec"": 29.005790281077577, ""flops_per_matmul"": 137438953472.0, ""rel_err_vs_cpu_fp32"": null}","{""torch"":""2.14.0"",""device_name"":""Apple M1 Pro (16-core GPU)"",""seed"":1234,""git_commit"":null,""code_sha256"":""6901b6359c57afc9"",""hostname"":""Kims-MacBook-Pro-16.local""}"
20260919_full,2026-09-19T15:27:57.348+07:00,matmul,mps,Apple M1 Pro (16-core GPU),matmul,,,,float32,measure,8,34.46049999911338,3988.304101087799,GFLOPS,1024.375,"mps_driver_allocated_memory (snapshot after work, not a peak; includes allocator cache)",,,ok,,,"{""matrix_size"": 4096, ""matmuls_per_sec"": 29.018731591988757, ""flops_per_matmul"": 137438953472.0, ""rel_err_vs_cpu_fp32"": null}","{""torch"":""2.14.0"",""device_name"":""Apple M1 Pro (16-core GPU)"",""seed"":1234,""git_commit"":null,""code_sha256"":""6901b6359c57afc9"",""hostname"":""Kims-MacBook-Pro-16.local""}"
20260919_full,2026-09-19T15:27:57.348+07:00,matmul,mps,Apple M1 Pro (16-core GPU),matmul,,,,float32,measure,9,33.065999999962514,4156.503764354799,GFLOPS,1024.375,"mps_driver_allocated_memory (snapshot after work, not a peak; includes allocator cache)",,,ok,,,"{""matrix_size"": 4096, ""matmuls_per_sec"": 30.242545212639378, ""flops_per_matmul"": 137438953472.0, ""rel_err_vs_cpu_fp32"": null}","{""torch"":""2.14.0"",""device_name"":""Apple M1 Pro (16-core GPU)"",""seed"":1234,""git_commit"":null,""code_sha256"":""6901b6359c57afc9"",""hostname"":""Kims-MacBook-Pro-16.local""}"
20260919_full,2026-09-19T15:27:57.348+07:00,matmul,mps,Apple M1 Pro (16-core GPU),matmul,,,,float32,measure,10,34.31704200193053,4004.9766953768412,GFLOPS,1024.375,"mps_driver_allocated_memory (snapshot after work, not a peak; includes allocator cache)",,,ok,,,"{""matrix_size"": 4096, ""matmuls_per_sec"": 29.140040681354304, ""flops_per_matmul"": 137438953472.0, ""rel_err_vs_cpu_fp32"": null}","{""torch"":""2.14.0"",""device_name"":""Apple M1 Pro (16-core GPU)"",""seed"":1234,""git_commit"":null,""code_sha256"":""6901b6359c57afc9"",""hostname"":""Kims-MacBook-Pro-16.local""}"
20260919_full,2026-09-19T15:27:57.348+07:00,matmul,mps,Apple M1 Pro (16-core GPU),matmul,,,,float32,measure,11,36.04887500114273,3812.5726105916824,GFLOPS,1024.375,"mps_driver_allocated_memory (snapshot after work, not a peak; includes allocator cache)",,,ok,,,"{""matrix_size"": 4096, ""matmuls_per_sec"": 27.740116715661735, ""flops_per_matmul"": 137438953472.0, ""rel_err_vs_cpu_fp32"": null}","{""torch"":""2.14.0"",""device_name"":""Apple M1 Pro (16-core GPU)"",""seed"":1234,""git_commit"":null,""code_sha256"":""6901b6359c57afc9"",""hostname"":""Kims-MacBook-Pro-16.local""}"
20260919_full,2026-09-19T15:27:57.348+07:00,matmul,mps,Apple M1 Pro (16-core GPU),matmul,,,,float32,measure,12,37.68941700036521,3646.619247802857,GFLOPS,1024.375,"mps_driver_allocated_memory (snapshot after work, not a peak; includes allocator cache)",,,ok,,,"{""matrix_size"": 4096, ""matmuls_per_sec"": 26.532647082079034, ""flops_per_matmul"": 137438953472.0, ""rel_err_vs_cpu_fp32"": null}","{""torch"":""2.14.0"",""device_name"":""Apple M1 Pro (16-core GPU)"",""seed"":1234,""git_commit"":null,""code_sha256"":""6901b6359c57afc9"",""hostname"":""Kims-MacBook-Pro-16.local""}"
20260919_full,2026-09-19T15:27:57.348+07:00,matmul,mps,Apple M1 Pro (16-core GPU),matmul,,,,float32,measure,13,36.748624999745516,3739.9753997041184,GFLOPS,1024.375,"mps_driver_allocated_memory (snapshot after work, not a peak; includes allocator cache)",,,ok,,,"{""matrix_size"": 4096, ""matmuls_per_sec"": 27.211902486335884, ""flops_per_matmul"": 137438953472.0, ""rel_err_vs_cpu_fp32"": null}","{""torch"":""2.14.0"",""device_name"":""Apple M1 Pro (16-core GPU)"",""seed"":1234,""git_commit"":null,""code_sha256"":""6901b6359c57afc9"",""hostname"":""Kims-MacBook-Pro-16.local""}"
20260919_full,2026-09-19T15:27:57.348+07:00,matmul,mps,Apple M1 Pro (16-core GPU),matmul,,,,float32,measure,14,33.311541003058665,4125.865971177387,GFLOPS,1024.375,"mps_driver_allocated_memory (snapshot after work, not a peak; includes allocator cache)",,,ok,,,"{""matrix_size"": 4096, ""matmuls_per_sec"": 30.019625928088406, ""flops_per_matmul"": 137438953472.0, ""rel_err_vs_cpu_fp32"": null}","{""torch"":""2.14.0"",""device_name"":""Apple M1 Pro (16-core GPU)"",""seed"":1234,""git_commit"":null,""code_sha256"":""6901b6359c57afc9"",""hostname"":""Kims-MacBook-Pro-16.local""}"
20260919_full,2026-09-19T15:27:57.348+07:00,matmul,mps,Apple M1 Pro (16-core GPU),matmul,,,,float32,measure,15,33.43079200203647,4111.148592101192,GFLOPS,1024.375,"mps_driver_allocated_memory (snapshot after work, not a peak; includes allocator cache)",,,ok,,,"{""matrix_size"": 4096, ""matmuls_per_sec"": 29.912542901738135, ""flops_per_matmul"": 137438953472.0, ""rel_err_vs_cpu_fp32"": null}","{""torch"":""2.14.0"",""device_name"":""Apple M1 Pro (16-core GPU)"",""seed"":1234,""git_commit"":null,""code_sha256"":""6901b6359c57afc9"",""hostname"":""Kims-MacBook-Pro-16.local""}"
20260919_full,2026-09-19T15:27:57.349+07:00,matmul,mps,Apple M1 Pro (16-core GPU),matmul,,,,float32,measure,16,33.119917003205046,4149.737255039012,GFLOPS,1024.375,"mps_driver_allocated_memory (snapshot after work, not a peak; includes allocator cache)",,,ok,,,"{""matrix_size"": 4096, ""matmuls_per_sec"": 30.193312377661726, ""flops_per_matmul"": 137438953472.0, ""rel_err_vs_cpu_fp32"": null}","{""torch"":""2.14.0"",""device_name"":""Apple M1 Pro (16-core GPU)"",""seed"":1234,""git_commit"":null,""code_sha256"":""6901b6359c57afc9"",""hostname"":""Kims-MacBook-Pro-16.local""}"
20260919_full,2026-09-19T15:27:57.349+07:00,matmul,mps,Apple M1 Pro (16-core GPU),matmul,,,,float32,measure,17,33.21362499991665,4138.029301900799,GFLOPS,1024.375,"mps_driver_allocated_memory (snapshot after work, not a peak; includes allocator cache)",,,ok,,,"{""matrix_size"": 4096, ""matmuls_per_sec"": 30.108125806879244, ""flops_per_matmul"": 137438953472.0, ""rel_err_vs_cpu_fp32"": null}","{""torch"":""2.14.0"",""device_name"":""Apple M1 Pro (16-core GPU)"",""seed"":1234,""git_commit"":null,""code_sha256"":""6901b6359c57afc9"",""hostname"":""Kims-MacBook-Pro-16.local""}"
20260919_full,2026-09-19T15:27:57.349+07:00,matmul,mps,Apple M1 Pro (16-core GPU),matmul,,,,float32,measure,18,33.459999998740386,4107.559876783441,GFLOPS,1024.375,"mps_driver_allocated_memory (snapshot after work, not a peak; includes allocator cache)",,,ok,,,"{""matrix_size"": 4096, ""matmuls_per_sec"": 29.88643156119681, ""flops_per_matmul"": 137438953472.0, ""rel_err_vs_cpu_fp32"": null}","{""torch"":""2.14.0"",""device_name"":""Apple M1 Pro (16-core GPU)"",""seed"":1234,""git_commit"":null,""code_sha256"":""6901b6359c57afc9"",""hostname"":""Kims-MacBook-Pro-16.local""}"
20260919_full,2026-09-19T15:27:57.349+07:00,matmul,mps,Apple M1 Pro (16-core GPU),matmul,,,,float32,measure,19,37.46545800095191,3668.417812175364,GFLOPS,1024.375,"mps_driver_allocated_memory (snapshot after work, not a peak; includes allocator cache)",,,ok,,,"{""matrix_size"": 4096, ""matmuls_per_sec"": 26.691252512503443, ""flops_per_matmul"": 137438953472.0, ""rel_err_vs_cpu_fp32"": null}","{""torch"":""2.14.0"",""device_name"":""Apple M1 Pro (16-core GPU)"",""seed"":1234,""git_commit"":null,""code_sha256"":""6901b6359c57afc9"",""hostname"":""Kims-MacBook-Pro-16.local""}"
20260919_full,2026-09-19T15:27:57.349+07:00,matmul,mps,Apple M1 Pro (16-core GPU),matmul,,,,float32,measure,20,37.34358300062013,3680.390107979668,GFLOPS,1024.375,"mps_driver_allocated_memory (snapshot after work, not a peak; includes allocator cache)",,,ok,,,"{""matrix_size"": 4096, ""matmuls_per_sec"": 26.778362429320026, ""flops_per_matmul"": 137438953472.0, ""rel_err_vs_cpu_fp32"": null}","{""torch"":""2.14.0"",""device_name"":""Apple M1 Pro (16-core GPU)"",""seed"":1234,""git_commit"":null,""code_sha256"":""6901b6359c57afc9"",""hostname"":""Kims-MacBook-Pro-16.local""}"
20260919_full,2026-09-19T15:27:57.349+07:00,matmul,mps,Apple M1 Pro (16-core GPU),matmul,,,,float32,measure,21,37.07387499889592,3707.1645053583698,GFLOPS,1024.375,"mps_driver_allocated_memory (snapshot after work, not a peak; includes allocator cache)",,,ok,,,"{""matrix_size"": 4096, ""matmuls_per_sec"": 26.973171809792763, ""flops_per_matmul"": 137438953472.0, ""rel_err_vs_cpu_fp32"": null}","{""torch"":""2.14.0"",""device_name"":""Apple M1 Pro (16-core GPU)"",""seed"":1234,""git_commit"":null,""code_sha256"":""6901b6359c57afc9"",""hostname"":""Kims-MacBook-Pro-16.local""}"
20260919_full,2026-09-19T15:27:57.349+07:00,matmul,mps,Apple M1 Pro (16-core GPU),matmul,,,,float32,measure,22,34.913708001113264,3936.5327070850685,GFLOPS,1024.375,"mps_driver_allocated_memory (snapshot after work, not a peak; includes allocator cache)",,,ok,,,"{""matrix_size"": 4096, ""matmuls_per_sec"": 28.642045123597697, ""flops_per_matmul"": 137438953472.0, ""rel_err_vs_cpu_fp32"": null}","{""torch"":""2.14.0"",""device_name"":""Apple M1 Pro (16-core GPU)"",""seed"":1234,""git_commit"":null,""code_sha256"":""6901b6359c57afc9"",""hostname"":""Kims-MacBook-Pro-16.local""}"
20260919_full,2026-09-19T15:27:57.349+07:00,matmul,mps,Apple M1 Pro (16-core GPU),matmul,,,,float32,measure,23,34.02254100001301,4039.6439957834855,GFLOPS,1024.375,"mps_driver_allocated_memory (snapshot after work, not a peak; includes allocator cache)",,,ok,,,"{""matrix_size"": 4096, ""matmuls_per_sec"": 29.39227848971121, ""flops_per_matmul"": 137438953472.0, ""rel_err_vs_cpu_fp32"": null}","{""torch"":""2.14.0"",""device_name"":""Apple M1 Pro (16-core GPU)"",""seed"":1234,""git_commit"":null,""code_sha256"":""6901b6359c57afc9"",""hostname"":""Kims-MacBook-Pro-16.local""}"
20260919_full,2026-09-19T15:27:57.349+07:00,matmul,mps,Apple M1 Pro (16-core GPU),matmul,,,,float32,measure,24,33.53512499961653,4098.358168444925,GFLOPS,1024.375,"mps_driver_allocated_memory (snapshot after work, not a peak; includes allocator cache)",,,ok,,,"{""matrix_size"": 4096, ""matmuls_per_sec"": 29.81948032134769, ""flops_per_matmul"": 137438953472.0, ""rel_err_vs_cpu_fp32"": null}","{""torch"":""2.14.0"",""device_name"":""Apple M1 Pro (16-core GPU)"",""seed"":1234,""git_commit"":null,""code_sha256"":""6901b6359c57afc9"",""hostname"":""Kims-MacBook-Pro-16.local""}"
20260919_full,2026-09-19T15:27:57.349+07:00,matmul,mps,Apple M1 Pro (16-core GPU),matmul,,,,float32,measure,25,32.8986669992446,4177.645053982151,GFLOPS,1024.375,"mps_driver_allocated_memory (snapshot after work, not a peak; includes allocator cache)",,,ok,,,"{""matrix_size"": 4096, ""matmuls_per_sec"": 30.39636833987716, ""flops_per_matmul"": 137438953472.0, ""rel_err_vs_cpu_fp32"": null}","{""torch"":""2.14.0"",""device_name"":""Apple M1 Pro (16-core GPU)"",""seed"":1234,""git_commit"":null,""code_sha256"":""6901b6359c57afc9"",""hostname"":""Kims-MacBook-Pro-16.local""}"
20260919_full,2026-09-19T15:27:57.349+07:00,matmul,mps,Apple M1 Pro (16-core GPU),matmul,,,,float32,measure,26,34.82524999708403,3946.5317114308723,GFLOPS,1024.375,"mps_driver_allocated_memory (snapshot after work, not a peak; includes allocator cache)",,,ok,,,"{""matrix_size"": 4096, ""matmuls_per_sec"": 28.7147974554018, ""flops_per_matmul"": 137438953472.0, ""rel_err_vs_cpu_fp32"": null}","{""torch"":""2.14.0"",""device_name"":""Apple M1 Pro (16-core GPU)"",""seed"":1234,""git_commit"":null,""code_sha256"":""6901b6359c57afc9"",""hostname"":""Kims-MacBook-Pro-16.local""}"
20260919_full,2026-09-19T15:27:57.349+07:00,matmul,mps,Apple M1 Pro (16-core GPU),matmul,,,,float32,measure,27,35.755417000473244,3843.863811466131,GFLOPS,1024.375,"mps_driver_allocated_memory (snapshot after work, not a peak; includes allocator cache)",,,ok,,,"{""matrix_size"": 4096, ""matmuls_per_sec"": 27.967790166921123, ""flops_per_matmul"": 137438953472.0, ""rel_err_vs_cpu_fp32"": null}","{""torch"":""2.14.0"",""device_name"":""Apple M1 Pro (16-core GPU)"",""seed"":1234,""git_commit"":null,""code_sha256"":""6901b6359c57afc9"",""hostname"":""Kims-MacBook-Pro-16.local""}"
20260919_full,2026-09-19T15:27:57.349+07:00,matmul,mps,Apple M1 Pro (16-core GPU),matmul,,,,float32,measure,28,36.87374999935855,3727.284408946496,GFLOPS,1024.375,"mps_driver_allocated_memory (snapshot after work, not a peak; includes allocator cache)",,,ok,,,"{""matrix_size"": 4096, ""matmuls_per_sec"": 27.11956337550143, ""flops_per_matmul"": 137438953472.0, ""rel_err_vs_cpu_fp32"": null}","{""torch"":""2.14.0"",""device_name"":""Apple M1 Pro (16-core GPU)"",""seed"":1234,""git_commit"":null,""code_sha256"":""6901b6359c57afc9"",""hostname"":""Kims-MacBook-Pro-16.local""}"
20260919_full,2026-09-19T15:27:57.349+07:00,matmul,mps,Apple M1 Pro (16-core GPU),matmul,,,,float32,measure,29,33.60283399888431,4090.1000634816482,GFLOPS,1024.375,"mps_driver_allocated_memory (snapshot after work, not a peak; includes allocator cache)",,,ok,,,"{""matrix_size"": 4096, ""matmuls_per_sec"": 29.759394699661414, ""flops_per_matmul"": 137438953472.0, ""rel_err_vs_cpu_fp32"": null}","{""torch"":""2.14.0"",""device_name"":""Apple M1 Pro (16-core GPU)"",""seed"":1234,""git_commit"":null,""code_sha256"":""6901b6359c57afc9"",""hostname"":""Kims-MacBook-Pro-16.local""}"
20260919_full,2026-09-19T15:28:02.270+07:00,matmul,mps,Apple M1 Pro (16-core GPU),matmul,,,,float32,warmup,0,290.9445830009645,3779.1101536760875,GFLOPS,1024.375,"mps_driver_allocated_memory (snapshot after work, not a peak; includes allocator cache)",,,ok,,,"{""matrix_size"": 8192, ""matmuls_per_sec"": 3.437080662184678, ""flops_per_matmul"": 1099511627776.0, ""rel_err_vs_cpu_fp32"": null}","{""torch"":""2.14.0"",""device_name"":""Apple M1 Pro (16-core GPU)"",""seed"":1234,""git_commit"":null,""code_sha256"":""6901b6359c57afc9"",""hostname"":""Kims-MacBook-Pro-16.local""}"
20260919_full,2026-09-19T15:28:02.270+07:00,matmul,mps,Apple M1 Pro (16-core GPU),matmul,,,,float32,warmup,1,273.96233299805317,4013.367880699911,GFLOPS,1024.375,"mps_driver_allocated_memory (snapshot after work, not a peak; includes allocator cache)",,,ok,,,"{""matrix_size"": 8192, ""matmuls_per_sec"": 3.6501368237622147, ""flops_per_matmul"": 1099511627776.0, ""rel_err_vs_cpu_fp32"": null}","{""torch"":""2.14.0"",""device_name"":""Apple M1 Pro (16-core GPU)"",""seed"":1234,""git_commit"":null,""code_sha256"":""6901b6359c57afc9"",""hostname"":""Kims-MacBook-Pro-16.local""}"
20260919_full,2026-09-19T15:28:02.270+07:00,matmul,mps,Apple M1 Pro (16-core GPU),matmul,,,,float32,measure,0,286.13045800011605,3842.69341845304,GFLOPS,1024.375,"mps_driver_allocated_memory (snapshot after work, not a peak; includes allocator cache)",,,ok,,,"{""matrix_size"": 8192, ""matmuls_per_sec"": 3.494909304620742, ""flops_per_matmul"": 1099511627776.0, ""rel_err_vs_cpu_fp32"": null}","{""torch"":""2.14.0"",""device_name"":""Apple M1 Pro (16-core GPU)"",""seed"":1234,""git_commit"":null,""code_sha256"":""6901b6359c57afc9"",""hostname"":""Kims-MacBook-Pro-16.local""}"
20260919_full,2026-09-19T15:28:02.270+07:00,matmul,mps,Apple M1 Pro (16-core GPU),matmul,,,,float32,measure,1,278.81845900265034,3943.467845382319,GFLOPS,1024.375,"mps_driver_allocated_memory (snapshot after work, not a peak; includes allocator cache)",,,ok,,,"{""matrix_size"": 8192, ""matmuls_per_sec"": 3.586563111987124, ""flops_per_matmul"": 1099511627776.0, ""rel_err_vs_cpu_fp32"": null}","{""torch"":""2.14.0"",""device_name"":""Apple M1 Pro (16-core GPU)"",""seed"":1234,""git_commit"":null,""code_sha256"":""6901b6359c57afc9"",""hostname"":""Kims-MacBook-Pro-16.local""}"
20260919_full,2026-09-19T15:28:02.270+07:00,matmul,mps,Apple M1 Pro (16-core GPU),matmul,,,,float32,measure,2,273.6445000009553,4018.0293328466732,GFLOPS,1024.375,"mps_driver_allocated_memory (snapshot after work, not a peak; includes allocator cache)",,,ok,,,"{""matrix_size"": 8192, ""matmuls_per_sec"": 3.654376389792263, ""flops_per_matmul"": 1099511627776.0, ""rel_err_vs_cpu_fp32"": null}","{""torch"":""2.14.0"",""device_name"":""Apple M1 Pro (16-core GPU)"",""seed"":1234,""git_commit"":null,""code_sha256"":""6901b6359c57afc9"",""hostname"":""Kims-MacBook-Pro-16.local""}"
20260919_full,2026-09-19T15:28:02.270+07:00,matmul,mps,Apple M1 Pro (16-core GPU),matmul,,,,float32,measure,3,296.6870409982221,3705.9644535758102,GFLOPS,1024.375,"mps_driver_allocated_memory (snapshot after work, not a peak; includes allocator cache)",,,ok,,,"{""matrix_size"": 8192, ""matmuls_per_sec"": 3.3705550354860043, ""flops_per_matmul"": 1099511627776.0, ""rel_err_vs_cpu_fp32"": null}","{""torch"":""2.14.0"",""device_name"":""Apple M1 Pro (16-core GPU)"",""seed"":1234,""git_commit"":null,""code_sha256"":""6901b6359c57afc9"",""hostname"":""Kims-MacBook-Pro-16.local""}"
20260919_full,2026-09-19T15:28:02.270+07:00,matmul,mps,Apple M1 Pro (16-core GPU),matmul,,,,float32,measure,4,285.28287499648286,3854.110162727277,GFLOPS,1024.375,"mps_driver_allocated_memory (snapshot after work, not a peak; includes allocator cache)",,,ok,,,"{""matrix_size"": 8192, ""matmuls_per_sec"": 3.5052927730496566, ""flops_per_matmul"": 1099511627776.0, ""rel_err_vs_cpu_fp32"": null}","{""torch"":""2.14.0"",""device_name"":""Apple M1 Pro (16-core GPU)"",""seed"":1234,""git_commit"":null,""code_sha256"":""6901b6359c57afc9"",""hostname"":""Kims-MacBook-Pro-16.local""}"
20260919_full,2026-09-19T15:28:02.270+07:00,matmul,mps,Apple M1 Pro (16-core GPU),matmul,,,,float32,measure,5,297.9327920002106,3690.4686469531784,GFLOPS,1024.375,"mps_driver_allocated_memory (snapshot after work, not a peak; includes allocator cache)",,,ok,,,"{""matrix_size"": 8192, ""matmuls_per_sec"": 3.356461681463023, ""flops_per_matmul"": 1099511627776.0, ""rel_err_vs_cpu_fp32"": null}","{""torch"":""2.14.0"",""device_name"":""Apple M1 Pro (16-core GPU)"",""seed"":1234,""git_commit"":null,""code_sha256"":""6901b6359c57afc9"",""hostname"":""Kims-MacBook-Pro-16.local""}"
20260919_full,2026-09-19T15:28:02.270+07:00,matmul,mps,Apple M1 Pro (16-core GPU),matmul,,,,float32,measure,6,277.8301250000368,3957.496069858711,GFLOPS,1024.375,"mps_driver_allocated_memory (snapshot after work, not a peak; includes allocator cache)",,,ok,,,"{""matrix_size"": 8192, ""matmuls_per_sec"": 3.599321707823684, ""flops_per_matmul"": 1099511627776.0, ""rel_err_vs_cpu_fp32"": null}","{""torch"":""2.14.0"",""device_name"":""Apple M1 Pro (16-core GPU)"",""seed"":1234,""git_commit"":null,""code_sha256"":""6901b6359c57afc9"",""hostname"":""Kims-MacBook-Pro-16.local""}"
20260919_full,2026-09-19T15:28:02.270+07:00,matmul,mps,Apple M1 Pro (16-core GPU),matmul,,,,float32,measure,7,284.03112500018324,3871.095563119326,GFLOPS,1024.375,"mps_driver_allocated_memory (snapshot after work, not a peak; includes allocator cache)",,,ok,,,"{""matrix_size"": 8192, ""matmuls_per_sec"": 3.5207409047137173, ""flops_per_matmul"": 1099511627776.0, ""rel_err_vs_cpu_fp32"": null}","{""torch"":""2.14.0"",""device_name"":""Apple M1 Pro (16-core GPU)"",""seed"":1234,""git_commit"":null,""code_sha256"":""6901b6359c57afc9"",""hostname"":""Kims-MacBook-Pro-16.local""}"
20260919_full,2026-09-19T15:28:02.270+07:00,matmul,mps,Apple M1 Pro (16-core GPU),matmul,,,,float32,measure,8,270.6079590025183,4063.1163688935244,GFLOPS,1024.375,"mps_driver_allocated_memory (snapshot after work, not a peak; includes allocator cache)",,,ok,,,"{""matrix_size"": 8192, ""matmuls_per_sec"": 3.695382810195519, ""flops_per_matmul"": 1099511627776.0, ""rel_err_vs_cpu_fp32"": null}","{""torch"":""2.14.0"",""device_name"":""Apple M1 Pro (16-core GPU)"",""seed"":1234,""git_commit"":null,""code_sha256"":""6901b6359c57afc9"",""hostname"":""Kims-MacBook-Pro-16.local""}"
20260919_full,2026-09-19T15:28:02.270+07:00,matmul,mps,Apple M1 Pro (16-core GPU),matmul,,,,float32,measure,9,272.57866699801525,4033.740570695527,GFLOPS,1024.375,"mps_driver_allocated_memory (snapshot after work, not a peak; includes allocator cache)",,,ok,,,"{""matrix_size"": 8192, ""matmuls_per_sec"": 3.6686656773740896, ""flops_per_matmul"": 1099511627776.0, ""rel_err_vs_cpu_fp32"": null}","{""torch"":""2.14.0"",""device_name"":""Apple M1 Pro (16-core GPU)"",""seed"":1234,""git_commit"":null,""code_sha256"":""6901b6359c57afc9"",""hostname"":""Kims-MacBook-Pro-16.local""}"
