run_id,timestamp,experiment,backend,device,model,dataset,batch_size,sequence_length,precision,phase,iteration,latency_ms,throughput,throughput_unit,memory_mb,memory_kind,loss,accuracy,status,error_type,error,extra,metadata
20260919_full,2026-09-19T15:49:22.409+07:00,matmul,cpu,Apple M1 Pro,matmul,,,,float32,warmup,0,1.7139999981736764,1252.9076139371148,GFLOPS,334.4375,process_rss (snapshot after work; includes Python/torch baseline),,,ok,,,"{""matrix_size"": 1024, ""matmuls_per_sec"": 583.4305723836248, ""flops_per_matmul"": 2147483648.0, ""rel_err_vs_cpu_fp32"": null, ""reduced_for_time_budget"": false}","{""torch"":""2.14.0"",""device_name"":""Apple M1 Pro"",""seed"":1234,""git_commit"":""fd532446b10740da6a025ff593b3b290f44a5141"",""code_sha256"":""0176831a9269ba58"",""hostname"":""Kims-MacBook-Pro-16.local""}"
20260919_full,2026-09-19T15:49:22.409+07:00,matmul,cpu,Apple M1 Pro,matmul,,,,float32,warmup,1,1.408208001521416,1524.9761723267277,GFLOPS,334.4375,process_rss (snapshot after work; includes Python/torch baseline),,,ok,,,"{""matrix_size"": 1024, ""matmuls_per_sec"": 710.1223675192929, ""flops_per_matmul"": 2147483648.0, ""rel_err_vs_cpu_fp32"": null, ""reduced_for_time_budget"": false}","{""torch"":""2.14.0"",""device_name"":""Apple M1 Pro"",""seed"":1234,""git_commit"":""fd532446b10740da6a025ff593b3b290f44a5141"",""code_sha256"":""0176831a9269ba58"",""hostname"":""Kims-MacBook-Pro-16.local""}"
20260919_full,2026-09-19T15:49:22.409+07:00,matmul,cpu,Apple M1 Pro,matmul,,,,float32,warmup,2,1.2242500015418045,1754.1218258488764,GFLOPS,334.4375,process_rss (snapshot after work; includes Python/torch baseline),,,ok,,,"{""matrix_size"": 1024, ""matmuls_per_sec"": 816.8266275193898, ""flops_per_matmul"": 2147483648.0, ""rel_err_vs_cpu_fp32"": null, ""reduced_for_time_budget"": false}","{""torch"":""2.14.0"",""device_name"":""Apple M1 Pro"",""seed"":1234,""git_commit"":""fd532446b10740da6a025ff593b3b290f44a5141"",""code_sha256"":""0176831a9269ba58"",""hostname"":""Kims-MacBook-Pro-16.local""}"
20260919_full,2026-09-19T15:49:22.409+07:00,matmul,cpu,Apple M1 Pro,matmul,,,,float32,warmup,3,1.060999999026535,2024.0185202359198,GFLOPS,334.4375,process_rss (snapshot after work; includes Python/torch baseline),,,ok,,,"{""matrix_size"": 1024, ""matmuls_per_sec"": 942.507069667764, ""flops_per_matmul"": 2147483648.0, ""rel_err_vs_cpu_fp32"": null, ""reduced_for_time_budget"": false}","{""torch"":""2.14.0"",""device_name"":""Apple M1 Pro"",""seed"":1234,""git_commit"":""fd532446b10740da6a025ff593b3b290f44a5141"",""code_sha256"":""0176831a9269ba58"",""hostname"":""Kims-MacBook-Pro-16.local""}"
20260919_full,2026-09-19T15:49:22.409+07:00,matmul,cpu,Apple M1 Pro,matmul,,,,float32,warmup,4,0.9935419984685723,2161.4422453304364,GFLOPS,334.4375,process_rss (snapshot after work; includes Python/torch baseline),,,ok,,,"{""matrix_size"": 1024, ""matmuls_per_sec"": 1006.4999784019014, ""flops_per_matmul"": 2147483648.0, ""rel_err_vs_cpu_fp32"": null, ""reduced_for_time_budget"": false}","{""torch"":""2.14.0"",""device_name"":""Apple M1 Pro"",""seed"":1234,""git_commit"":""fd532446b10740da6a025ff593b3b290f44a5141"",""code_sha256"":""0176831a9269ba58"",""hostname"":""Kims-MacBook-Pro-16.local""}"
20260919_full,2026-09-19T15:49:22.409+07:00,matmul,cpu,Apple M1 Pro,matmul,,,,float32,warmup,5,1.0593340011837427,2027.2016621767214,GFLOPS,334.4375,process_rss (snapshot after work; includes Python/torch baseline),,,ok,,,"{""matrix_size"": 1024, ""matmuls_per_sec"": 943.9893356416009, ""flops_per_matmul"": 2147483648.0, ""rel_err_vs_cpu_fp32"": null, ""reduced_for_time_budget"": false}","{""torch"":""2.14.0"",""device_name"":""Apple M1 Pro"",""seed"":1234,""git_commit"":""fd532446b10740da6a025ff593b3b290f44a5141"",""code_sha256"":""0176831a9269ba58"",""hostname"":""Kims-MacBook-Pro-16.local""}"
20260919_full,2026-09-19T15:49:22.409+07:00,matmul,cpu,Apple M1 Pro,matmul,,,,float32,warmup,6,0.9887910018733237,2171.8276601743582,GFLOPS,334.4375,process_rss (snapshot after work; includes Python/torch baseline),,,ok,,,"{""matrix_size"": 1024, ""matmuls_per_sec"": 1011.3360640473469, ""flops_per_matmul"": 2147483648.0, ""rel_err_vs_cpu_fp32"": null, ""reduced_for_time_budget"": false}","{""torch"":""2.14.0"",""device_name"":""Apple M1 Pro"",""seed"":1234,""git_commit"":""fd532446b10740da6a025ff593b3b290f44a5141"",""code_sha256"":""0176831a9269ba58"",""hostname"":""Kims-MacBook-Pro-16.local""}"
20260919_full,2026-09-19T15:49:22.409+07:00,matmul,cpu,Apple M1 Pro,matmul,,,,float32,warmup,7,0.9192090001306497,2336.230006119144,GFLOPS,334.4375,process_rss (snapshot after work; includes Python/torch baseline),,,ok,,,"{""matrix_size"": 1024, ""matmuls_per_sec"": 1087.8918720964082, ""flops_per_matmul"": 2147483648.0, ""rel_err_vs_cpu_fp32"": null, ""reduced_for_time_budget"": false}","{""torch"":""2.14.0"",""device_name"":""Apple M1 Pro"",""seed"":1234,""git_commit"":""fd532446b10740da6a025ff593b3b290f44a5141"",""code_sha256"":""0176831a9269ba58"",""hostname"":""Kims-MacBook-Pro-16.local""}"
20260919_full,2026-09-19T15:49:22.409+07:00,matmul,cpu,Apple M1 Pro,matmul,,,,float32,warmup,8,1.0246660021948628,2095.788914046168,GFLOPS,334.4375,process_rss (snapshot after work; includes Python/torch baseline),,,ok,,,"{""matrix_size"": 1024, ""matmuls_per_sec"": 975.9277636400275, ""flops_per_matmul"": 2147483648.0, ""rel_err_vs_cpu_fp32"": null, ""reduced_for_time_budget"": false}","{""torch"":""2.14.0"",""device_name"":""Apple M1 Pro"",""seed"":1234,""git_commit"":""fd532446b10740da6a025ff593b3b290f44a5141"",""code_sha256"":""0176831a9269ba58"",""hostname"":""Kims-MacBook-Pro-16.local""}"
20260919_full,2026-09-19T15:49:22.409+07:00,matmul,cpu,Apple M1 Pro,matmul,,,,float32,warmup,9,1.0808750012074597,1986.8011061417997,GFLOPS,334.4375,process_rss (snapshot after work; includes Python/torch baseline),,,ok,,,"{""matrix_size"": 1024, ""matmuls_per_sec"": 925.1763607104307, ""flops_per_matmul"": 2147483648.0, ""rel_err_vs_cpu_fp32"": null, ""reduced_for_time_budget"": false}","{""torch"":""2.14.0"",""device_name"":""Apple M1 Pro"",""seed"":1234,""git_commit"":""fd532446b10740da6a025ff593b3b290f44a5141"",""code_sha256"":""0176831a9269ba58"",""hostname"":""Kims-MacBook-Pro-16.local""}"
20260919_full,2026-09-19T15:49:22.409+07:00,matmul,cpu,Apple M1 Pro,matmul,,,,float32,warmup,10,0.9109160018851981,2357.499092732642,GFLOPS,334.4375,process_rss (snapshot after work; includes Python/torch baseline),,,ok,,,"{""matrix_size"": 1024, ""matmuls_per_sec"": 1097.7960623487095, ""flops_per_matmul"": 2147483648.0, ""rel_err_vs_cpu_fp32"": null, ""reduced_for_time_budget"": false}","{""torch"":""2.14.0"",""device_name"":""Apple M1 Pro"",""seed"":1234,""git_commit"":""fd532446b10740da6a025ff593b3b290f44a5141"",""code_sha256"":""0176831a9269ba58"",""hostname"":""Kims-MacBook-Pro-16.local""}"
20260919_full,2026-09-19T15:49:22.409+07:00,matmul,cpu,Apple M1 Pro,matmul,,,,float32,warmup,11,0.8776670001680031,2446.8091515220785,GFLOPS,334.4375,process_rss (snapshot after work; includes Python/torch baseline),,,ok,,,"{""matrix_size"": 1024, ""matmuls_per_sec"": 1139.3842992941284, ""flops_per_matmul"": 2147483648.0, ""rel_err_vs_cpu_fp32"": null, ""reduced_for_time_budget"": false}","{""torch"":""2.14.0"",""device_name"":""Apple M1 Pro"",""seed"":1234,""git_commit"":""fd532446b10740da6a025ff593b3b290f44a5141"",""code_sha256"":""0176831a9269ba58"",""hostname"":""Kims-MacBook-Pro-16.local""}"
20260919_full,2026-09-19T15:49:22.409+07:00,matmul,cpu,Apple M1 Pro,matmul,,,,float32,warmup,12,0.8945000008679926,2400.7642771561254,GFLOPS,334.4375,process_rss (snapshot after work; includes Python/torch baseline),,,ok,,,"{""matrix_size"": 1024, ""matmuls_per_sec"": 1117.9429838229555, ""flops_per_matmul"": 2147483648.0, ""rel_err_vs_cpu_fp32"": null, ""reduced_for_time_budget"": false}","{""torch"":""2.14.0"",""device_name"":""Apple M1 Pro"",""seed"":1234,""git_commit"":""fd532446b10740da6a025ff593b3b290f44a5141"",""code_sha256"":""0176831a9269ba58"",""hostname"":""Kims-MacBook-Pro-16.local""}"
20260919_full,2026-09-19T15:49:22.409+07:00,matmul,cpu,Apple M1 Pro,matmul,,,,float32,warmup,13,1.0910000019066501,1968.3626436727966,GFLOPS,334.4375,process_rss (snapshot after work; includes Python/torch baseline),,,ok,,,"{""matrix_size"": 1024, ""matmuls_per_sec"": 916.5902825411393, ""flops_per_matmul"": 2147483648.0, ""rel_err_vs_cpu_fp32"": null, ""reduced_for_time_budget"": false}","{""torch"":""2.14.0"",""device_name"":""Apple M1 Pro"",""seed"":1234,""git_commit"":""fd532446b10740da6a025ff593b3b290f44a5141"",""code_sha256"":""0176831a9269ba58"",""hostname"":""Kims-MacBook-Pro-16.local""}"
20260919_full,2026-09-19T15:49:22.409+07:00,matmul,cpu,Apple M1 Pro,matmul,,,,float32,warmup,14,1.03674999991199,2071.361126773379,GFLOPS,334.4375,process_rss (snapshot after work; includes Python/torch baseline),,,ok,,,"{""matrix_size"": 1024, ""matmuls_per_sec"": 964.5526887725009, ""flops_per_matmul"": 2147483648.0, ""rel_err_vs_cpu_fp32"": null, ""reduced_for_time_budget"": false}","{""torch"":""2.14.0"",""device_name"":""Apple M1 Pro"",""seed"":1234,""git_commit"":""fd532446b10740da6a025ff593b3b290f44a5141"",""code_sha256"":""0176831a9269ba58"",""hostname"":""Kims-MacBook-Pro-16.local""}"
20260919_full,2026-09-19T15:49:22.409+07:00,matmul,cpu,Apple M1 Pro,matmul,,,,float32,warmup,15,0.9077089998754673,2365.828308736195,GFLOPS,334.4375,process_rss (snapshot after work; includes Python/torch baseline),,,ok,,,"{""matrix_size"": 1024, ""matmuls_per_sec"": 1101.6746557951883, ""flops_per_matmul"": 2147483648.0, ""rel_err_vs_cpu_fp32"": null, ""reduced_for_time_budget"": false}","{""torch"":""2.14.0"",""device_name"":""Apple M1 Pro"",""seed"":1234,""git_commit"":""fd532446b10740da6a025ff593b3b290f44a5141"",""code_sha256"":""0176831a9269ba58"",""hostname"":""Kims-MacBook-Pro-16.local""}"
20260919_full,2026-09-19T15:49:22.409+07:00,matmul,cpu,Apple M1 Pro,matmul,,,,float32,warmup,16,0.9007090011436958,2384.214707828148,GFLOPS,334.4375,process_rss (snapshot after work; includes Python/torch baseline),,,ok,,,"{""matrix_size"": 1024, ""matmuls_per_sec"": 1110.236490065301, ""flops_per_matmul"": 2147483648.0, ""rel_err_vs_cpu_fp32"": null, ""reduced_for_time_budget"": false}","{""torch"":""2.14.0"",""device_name"":""Apple M1 Pro"",""seed"":1234,""git_commit"":""fd532446b10740da6a025ff593b3b290f44a5141"",""code_sha256"":""0176831a9269ba58"",""hostname"":""Kims-MacBook-Pro-16.local""}"
20260919_full,2026-09-19T15:49:22.409+07:00,matmul,cpu,Apple M1 Pro,matmul,,,,float32,warmup,17,1.1519589970703237,1864.201463299915,GFLOPS,334.4375,process_rss (snapshot after work; includes Python/torch baseline),,,ok,,,"{""matrix_size"": 1024, ""matmuls_per_sec"": 868.0864532012097, ""flops_per_matmul"": 2147483648.0, ""rel_err_vs_cpu_fp32"": null, ""reduced_for_time_budget"": false}","{""torch"":""2.14.0"",""device_name"":""Apple M1 Pro"",""seed"":1234,""git_commit"":""fd532446b10740da6a025ff593b3b290f44a5141"",""code_sha256"":""0176831a9269ba58"",""hostname"":""Kims-MacBook-Pro-16.local""}"
20260919_full,2026-09-19T15:49:22.409+07:00,matmul,cpu,Apple M1 Pro,matmul,,,,float32,warmup,18,1.081250000424916,1986.1120436125498,GFLOPS,334.4375,process_rss (snapshot after work; includes Python/torch baseline),,,ok,,,"{""matrix_size"": 1024, ""matmuls_per_sec"": 924.8554909660247, ""flops_per_matmul"": 2147483648.0, ""rel_err_vs_cpu_fp32"": null, ""reduced_for_time_budget"": false}","{""torch"":""2.14.0"",""device_name"":""Apple M1 Pro"",""seed"":1234,""git_commit"":""fd532446b10740da6a025ff593b3b290f44a5141"",""code_sha256"":""0176831a9269ba58"",""hostname"":""Kims-MacBook-Pro-16.local""}"
20260919_full,2026-09-19T15:49:22.409+07:00,matmul,cpu,Apple M1 Pro,matmul,,,,float32,warmup,19,0.922625000384869,2327.5801621505884,GFLOPS,334.4375,process_rss (snapshot after work; includes Python/torch baseline),,,ok,,,"{""matrix_size"": 1024, ""matmuls_per_sec"": 1083.8639746189995, ""flops_per_matmul"": 2147483648.0, ""rel_err_vs_cpu_fp32"": null, ""reduced_for_time_budget"": false}","{""torch"":""2.14.0"",""device_name"":""Apple M1 Pro"",""seed"":1234,""git_commit"":""fd532446b10740da6a025ff593b3b290f44a5141"",""code_sha256"":""0176831a9269ba58"",""hostname"":""Kims-MacBook-Pro-16.local""}"
20260919_full,2026-09-19T15:49:22.409+07:00,matmul,cpu,Apple M1 Pro,matmul,,,,float32,measure,0,1.045332999638049,2054.3536353904215,GFLOPS,334.4375,process_rss (snapshot after work; includes Python/torch baseline),,,ok,,,"{""matrix_size"": 1024, ""matmuls_per_sec"": 956.6329584412377, ""flops_per_matmul"": 2147483648.0, ""rel_err_vs_cpu_fp32"": null, ""reduced_for_time_budget"": false}","{""torch"":""2.14.0"",""device_name"":""Apple M1 Pro"",""seed"":1234,""git_commit"":""fd532446b10740da6a025ff593b3b290f44a5141"",""code_sha256"":""0176831a9269ba58"",""hostname"":""Kims-MacBook-Pro-16.local""}"
20260919_full,2026-09-19T15:49:22.409+07:00,matmul,cpu,Apple M1 Pro,matmul,,,,float32,measure,1,1.0186250001424924,2108.218085850627,GFLOPS,334.4375,process_rss (snapshot after work; includes Python/torch baseline),,,ok,,,"{""matrix_size"": 1024, ""matmuls_per_sec"": 981.715547782661, ""flops_per_matmul"": 2147483648.0, ""rel_err_vs_cpu_fp32"": null, ""reduced_for_time_budget"": false}","{""torch"":""2.14.0"",""device_name"":""Apple M1 Pro"",""seed"":1234,""git_commit"":""fd532446b10740da6a025ff593b3b290f44a5141"",""code_sha256"":""0176831a9269ba58"",""hostname"":""Kims-MacBook-Pro-16.local""}"
20260919_full,2026-09-19T15:49:22.409+07:00,matmul,cpu,Apple M1 Pro,matmul,,,,float32,measure,2,1.0258330003125593,2093.4047231329923,GFLOPS,334.4375,process_rss (snapshot after work; includes Python/torch baseline),,,ok,,,"{""matrix_size"": 1024, ""matmuls_per_sec"": 974.8175382302106, ""flops_per_matmul"": 2147483648.0, ""rel_err_vs_cpu_fp32"": null, ""reduced_for_time_budget"": false}","{""torch"":""2.14.0"",""device_name"":""Apple M1 Pro"",""seed"":1234,""git_commit"":""fd532446b10740da6a025ff593b3b290f44a5141"",""code_sha256"":""0176831a9269ba58"",""hostname"":""Kims-MacBook-Pro-16.local""}"
20260919_full,2026-09-19T15:49:22.409+07:00,matmul,cpu,Apple M1 Pro,matmul,,,,float32,measure,3,0.985999999102205,2177.9753042143766,GFLOPS,334.4375,process_rss (snapshot after work; includes Python/torch baseline),,,ok,,,"{""matrix_size"": 1024, ""matmuls_per_sec"": 1014.1987838849316, ""flops_per_matmul"": 2147483648.0, ""rel_err_vs_cpu_fp32"": null, ""reduced_for_time_budget"": false}","{""torch"":""2.14.0"",""device_name"":""Apple M1 Pro"",""seed"":1234,""git_commit"":""fd532446b10740da6a025ff593b3b290f44a5141"",""code_sha256"":""0176831a9269ba58"",""hostname"":""Kims-MacBook-Pro-16.local""}"
20260919_full,2026-09-19T15:49:22.409+07:00,matmul,cpu,Apple M1 Pro,matmul,,,,float32,measure,4,1.0124170003109612,2121.1453850936978,GFLOPS,334.4375,process_rss (snapshot after work; includes Python/torch baseline),,,ok,,,"{""matrix_size"": 1024, ""matmuls_per_sec"": 987.7352905896016, ""flops_per_matmul"": 2147483648.0, ""rel_err_vs_cpu_fp32"": null, ""reduced_for_time_budget"": false}","{""torch"":""2.14.0"",""device_name"":""Apple M1 Pro"",""seed"":1234,""git_commit"":""fd532446b10740da6a025ff593b3b290f44a5141"",""code_sha256"":""0176831a9269ba58"",""hostname"":""Kims-MacBook-Pro-16.local""}"
20260919_full,2026-09-19T15:49:22.409+07:00,matmul,cpu,Apple M1 Pro,matmul,,,,float32,measure,5,0.8941249980125576,2401.7711760362163,GFLOPS,334.4375,process_rss (snapshot after work; includes Python/torch baseline),,,ok,,,"{""matrix_size"": 1024, ""matmuls_per_sec"": 1118.4118576516473, ""flops_per_matmul"": 2147483648.0, ""rel_err_vs_cpu_fp32"": null, ""reduced_for_time_budget"": false}","{""torch"":""2.14.0"",""device_name"":""Apple M1 Pro"",""seed"":1234,""git_commit"":""fd532446b10740da6a025ff593b3b290f44a5141"",""code_sha256"":""0176831a9269ba58"",""hostname"":""Kims-MacBook-Pro-16.local""}"
20260919_full,2026-09-19T15:49:22.409+07:00,matmul,cpu,Apple M1 Pro,matmul,,,,float32,measure,6,0.8926669979700819,2405.694007825272,GFLOPS,334.4375,process_rss (snapshot after work; includes Python/torch baseline),,,ok,,,"{""matrix_size"": 1024, ""matmuls_per_sec"": 1120.2385685524307, ""flops_per_matmul"": 2147483648.0, ""rel_err_vs_cpu_fp32"": null, ""reduced_for_time_budget"": false}","{""torch"":""2.14.0"",""device_name"":""Apple M1 Pro"",""seed"":1234,""git_commit"":""fd532446b10740da6a025ff593b3b290f44a5141"",""code_sha256"":""0176831a9269ba58"",""hostname"":""Kims-MacBook-Pro-16.local""}"
20260919_full,2026-09-19T15:49:22.409+07:00,matmul,cpu,Apple M1 Pro,matmul,,,,float32,measure,7,0.8828339996398427,2432.4886092697816,GFLOPS,334.4375,process_rss (snapshot after work; includes Python/torch baseline),,,ok,,,"{""matrix_size"": 1024, ""matmuls_per_sec"": 1132.715777153979, ""flops_per_matmul"": 2147483648.0, ""rel_err_vs_cpu_fp32"": null, ""reduced_for_time_budget"": false}","{""torch"":""2.14.0"",""device_name"":""Apple M1 Pro"",""seed"":1234,""git_commit"":""fd532446b10740da6a025ff593b3b290f44a5141"",""code_sha256"":""0176831a9269ba58"",""hostname"":""Kims-MacBook-Pro-16.local""}"
20260919_full,2026-09-19T15:49:22.410+07:00,matmul,cpu,Apple M1 Pro,matmul,,,,float32,measure,8,0.9831250026763882,2184.3444548290868,GFLOPS,334.4375,process_rss (snapshot after work; includes Python/torch baseline),,,ok,,,"{""matrix_size"": 1024, ""matmuls_per_sec"": 1017.1646507592345, ""flops_per_matmul"": 2147483648.0, ""rel_err_vs_cpu_fp32"": null, ""reduced_for_time_budget"": false}","{""torch"":""2.14.0"",""device_name"":""Apple M1 Pro"",""seed"":1234,""git_commit"":""fd532446b10740da6a025ff593b3b290f44a5141"",""code_sha256"":""0176831a9269ba58"",""hostname"":""Kims-MacBook-Pro-16.local""}"
20260919_full,2026-09-19T15:49:22.410+07:00,matmul,cpu,Apple M1 Pro,matmul,,,,float32,measure,9,1.0469589979038574,2051.1630849914186,GFLOPS,334.4375,process_rss (snapshot after work; includes Python/torch baseline),,,ok,,,"{""matrix_size"": 1024, ""matmuls_per_sec"": 955.1472426352177, ""flops_per_matmul"": 2147483648.0, ""rel_err_vs_cpu_fp32"": null, ""reduced_for_time_budget"": false}","{""torch"":""2.14.0"",""device_name"":""Apple M1 Pro"",""seed"":1234,""git_commit"":""fd532446b10740da6a025ff593b3b290f44a5141"",""code_sha256"":""0176831a9269ba58"",""hostname"":""Kims-MacBook-Pro-16.local""}"
20260919_full,2026-09-19T15:49:22.410+07:00,matmul,cpu,Apple M1 Pro,matmul,,,,float32,measure,10,1.0697920006350614,2007.3842828560953,GFLOPS,334.4375,process_rss (snapshot after work; includes Python/torch baseline),,,ok,,,"{""matrix_size"": 1024, ""matmuls_per_sec"": 934.7611492760923, ""flops_per_matmul"": 2147483648.0, ""rel_err_vs_cpu_fp32"": null, ""reduced_for_time_budget"": false}","{""torch"":""2.14.0"",""device_name"":""Apple M1 Pro"",""seed"":1234,""git_commit"":""fd532446b10740da6a025ff593b3b290f44a5141"",""code_sha256"":""0176831a9269ba58"",""hostname"":""Kims-MacBook-Pro-16.local""}"
20260919_full,2026-09-19T15:49:22.410+07:00,matmul,cpu,Apple M1 Pro,matmul,,,,float32,measure,11,0.9652500011725351,2224.795281420719,GFLOPS,334.4375,process_rss (snapshot after work; includes Python/torch baseline),,,ok,,,"{""matrix_size"": 1024, ""matmuls_per_sec"": 1036.0010347425562, ""flops_per_matmul"": 2147483648.0, ""rel_err_vs_cpu_fp32"": null, ""reduced_for_time_budget"": false}","{""torch"":""2.14.0"",""device_name"":""Apple M1 Pro"",""seed"":1234,""git_commit"":""fd532446b10740da6a025ff593b3b290f44a5141"",""code_sha256"":""0176831a9269ba58"",""hostname"":""Kims-MacBook-Pro-16.local""}"
20260919_full,2026-09-19T15:49:22.410+07:00,matmul,cpu,Apple M1 Pro,matmul,,,,float32,measure,12,0.9342919984192122,2298.5144383484644,GFLOPS,334.4375,process_rss (snapshot after work; includes Python/torch baseline),,,ok,,,"{""matrix_size"": 1024, ""matmuls_per_sec"": 1070.3291922567712, ""flops_per_matmul"": 2147483648.0, ""rel_err_vs_cpu_fp32"": null, ""reduced_for_time_budget"": false}","{""torch"":""2.14.0"",""device_name"":""Apple M1 Pro"",""seed"":1234,""git_commit"":""fd532446b10740da6a025ff593b3b290f44a5141"",""code_sha256"":""0176831a9269ba58"",""hostname"":""Kims-MacBook-Pro-16.local""}"
20260919_full,2026-09-19T15:49:22.410+07:00,matmul,cpu,Apple M1 Pro,matmul,,,,float32,measure,13,0.8854170009726658,2425.3923808114187,GFLOPS,334.4375,process_rss (snapshot after work; includes Python/torch baseline),,,ok,,,"{""matrix_size"": 1024, ""matmuls_per_sec"": 1129.4113382750277, ""flops_per_matmul"": 2147483648.0, ""rel_err_vs_cpu_fp32"": null, ""reduced_for_time_budget"": false}","{""torch"":""2.14.0"",""device_name"":""Apple M1 Pro"",""seed"":1234,""git_commit"":""fd532446b10740da6a025ff593b3b290f44a5141"",""code_sha256"":""0176831a9269ba58"",""hostname"":""Kims-MacBook-Pro-16.local""}"
20260919_full,2026-09-19T15:49:22.410+07:00,matmul,cpu,Apple M1 Pro,matmul,,,,float32,measure,14,1.3326660009624902,1611.4192501714795,GFLOPS,334.4375,process_rss (snapshot after work; includes Python/torch baseline),,,ok,,,"{""matrix_size"": 1024, ""matmuls_per_sec"": 750.3755624273231, ""flops_per_matmul"": 2147483648.0, ""rel_err_vs_cpu_fp32"": null, ""reduced_for_time_budget"": false}","{""torch"":""2.14.0"",""device_name"":""Apple M1 Pro"",""seed"":1234,""git_commit"":""fd532446b10740da6a025ff593b3b290f44a5141"",""code_sha256"":""0176831a9269ba58"",""hostname"":""Kims-MacBook-Pro-16.local""}"
20260919_full,2026-09-19T15:49:22.410+07:00,matmul,cpu,Apple M1 Pro,matmul,,,,float32,measure,15,1.0327910022169817,2079.301275272758,GFLOPS,334.4375,process_rss (snapshot after work; includes Python/torch baseline),,,ok,,,"{""matrix_size"": 1024, ""matmuls_per_sec"": 968.2501085441364, ""flops_per_matmul"": 2147483648.0, ""rel_err_vs_cpu_fp32"": null, ""reduced_for_time_budget"": false}","{""torch"":""2.14.0"",""device_name"":""Apple M1 Pro"",""seed"":1234,""git_commit"":""fd532446b10740da6a025ff593b3b290f44a5141"",""code_sha256"":""0176831a9269ba58"",""hostname"":""Kims-MacBook-Pro-16.local""}"
20260919_full,2026-09-19T15:49:22.410+07:00,matmul,cpu,Apple M1 Pro,matmul,,,,float32,measure,16,0.9032919988385402,2377.396955537358,GFLOPS,334.4375,process_rss (snapshot after work; includes Python/torch baseline),,,ok,,,"{""matrix_size"": 1024, ""matmuls_per_sec"": 1107.0617267570262, ""flops_per_matmul"": 2147483648.0, ""rel_err_vs_cpu_fp32"": null, ""reduced_for_time_budget"": false}","{""torch"":""2.14.0"",""device_name"":""Apple M1 Pro"",""seed"":1234,""git_commit"":""fd532446b10740da6a025ff593b3b290f44a5141"",""code_sha256"":""0176831a9269ba58"",""hostname"":""Kims-MacBook-Pro-16.local""}"
20260919_full,2026-09-19T15:49:22.410+07:00,matmul,cpu,Apple M1 Pro,matmul,,,,float32,measure,17,0.8786670005065389,2444.0244674740334,GFLOPS,334.4375,process_rss (snapshot after work; includes Python/torch baseline),,,ok,,,"{""matrix_size"": 1024, ""matmuls_per_sec"": 1138.0875797355702, ""flops_per_matmul"": 2147483648.0, ""rel_err_vs_cpu_fp32"": null, ""reduced_for_time_budget"": false}","{""torch"":""2.14.0"",""device_name"":""Apple M1 Pro"",""seed"":1234,""git_commit"":""fd532446b10740da6a025ff593b3b290f44a5141"",""code_sha256"":""0176831a9269ba58"",""hostname"":""Kims-MacBook-Pro-16.local""}"
20260919_full,2026-09-19T15:49:22.410+07:00,matmul,cpu,Apple M1 Pro,matmul,,,,float32,measure,18,0.9727500000735745,2207.641889321587,GFLOPS,334.4375,process_rss (snapshot after work; includes Python/torch baseline),,,ok,,,"{""matrix_size"": 1024, ""matmuls_per_sec"": 1028.0133640959798, ""flops_per_matmul"": 2147483648.0, ""rel_err_vs_cpu_fp32"": null, ""reduced_for_time_budget"": false}","{""torch"":""2.14.0"",""device_name"":""Apple M1 Pro"",""seed"":1234,""git_commit"":""fd532446b10740da6a025ff593b3b290f44a5141"",""code_sha256"":""0176831a9269ba58"",""hostname"":""Kims-MacBook-Pro-16.local""}"
20260919_full,2026-09-19T15:49:22.410+07:00,matmul,cpu,Apple M1 Pro,matmul,,,,float32,measure,19,0.9885420004138723,2172.37471660376,GFLOPS,334.4375,process_rss (snapshot after work; includes Python/torch baseline),,,ok,,,"{""matrix_size"": 1024, ""matmuls_per_sec"": 1011.5908070484923, ""flops_per_matmul"": 2147483648.0, ""rel_err_vs_cpu_fp32"": null, ""reduced_for_time_budget"": false}","{""torch"":""2.14.0"",""device_name"":""Apple M1 Pro"",""seed"":1234,""git_commit"":""fd532446b10740da6a025ff593b3b290f44a5141"",""code_sha256"":""0176831a9269ba58"",""hostname"":""Kims-MacBook-Pro-16.local""}"
20260919_full,2026-09-19T15:49:22.410+07:00,matmul,cpu,Apple M1 Pro,matmul,,,,float32,measure,20,0.8918749990698416,2407.8303016001837,GFLOPS,334.4375,process_rss (snapshot after work; includes Python/torch baseline),,,ok,,,"{""matrix_size"": 1024, ""matmuls_per_sec"": 1121.2333578617236, ""flops_per_matmul"": 2147483648.0, ""rel_err_vs_cpu_fp32"": null, ""reduced_for_time_budget"": false}","{""torch"":""2.14.0"",""device_name"":""Apple M1 Pro"",""seed"":1234,""git_commit"":""fd532446b10740da6a025ff593b3b290f44a5141"",""code_sha256"":""0176831a9269ba58"",""hostname"":""Kims-MacBook-Pro-16.local""}"
20260919_full,2026-09-19T15:49:22.410+07:00,matmul,cpu,Apple M1 Pro,matmul,,,,float32,measure,21,0.8953340002335608,2398.5279766431277,GFLOPS,334.4375,process_rss (snapshot after work; includes Python/torch baseline),,,ok,,,"{""matrix_size"": 1024, ""matmuls_per_sec"": 1116.9016252472659, ""flops_per_matmul"": 2147483648.0, ""rel_err_vs_cpu_fp32"": null, ""reduced_for_time_budget"": false}","{""torch"":""2.14.0"",""device_name"":""Apple M1 Pro"",""seed"":1234,""git_commit"":""fd532446b10740da6a025ff593b3b290f44a5141"",""code_sha256"":""0176831a9269ba58"",""hostname"":""Kims-MacBook-Pro-16.local""}"
20260919_full,2026-09-19T15:49:22.410+07:00,matmul,cpu,Apple M1 Pro,matmul,,,,float32,measure,22,0.9505000016361009,2259.319983486086,GFLOPS,334.4375,process_rss (snapshot after work; includes Python/torch baseline),,,ok,,,"{""matrix_size"": 1024, ""matmuls_per_sec"": 1052.077851950231, ""flops_per_matmul"": 2147483648.0, ""rel_err_vs_cpu_fp32"": null, ""reduced_for_time_budget"": false}","{""torch"":""2.14.0"",""device_name"":""Apple M1 Pro"",""seed"":1234,""git_commit"":""fd532446b10740da6a025ff593b3b290f44a5141"",""code_sha256"":""0176831a9269ba58"",""hostname"":""Kims-MacBook-Pro-16.local""}"
20260919_full,2026-09-19T15:49:22.410+07:00,matmul,cpu,Apple M1 Pro,matmul,,,,float32,measure,23,1.122917001339374,1912.4152946643078,GFLOPS,334.4375,process_rss (snapshot after work; includes Python/torch baseline),,,ok,,,"{""matrix_size"": 1024, ""matmuls_per_sec"": 890.5377679803911, ""flops_per_matmul"": 2147483648.0, ""rel_err_vs_cpu_fp32"": null, ""reduced_for_time_budget"": false}","{""torch"":""2.14.0"",""device_name"":""Apple M1 Pro"",""seed"":1234,""git_commit"":""fd532446b10740da6a025ff593b3b290f44a5141"",""code_sha256"":""0176831a9269ba58"",""hostname"":""Kims-MacBook-Pro-16.local""}"
20260919_full,2026-09-19T15:49:22.410+07:00,matmul,cpu,Apple M1 Pro,matmul,,,,float32,measure,24,0.9655419999035075,2224.122459939196,GFLOPS,334.4375,process_rss (snapshot after work; includes Python/torch baseline),,,ok,,,"{""matrix_size"": 1024, ""matmuls_per_sec"": 1035.6877278253417, ""flops_per_matmul"": 2147483648.0, ""rel_err_vs_cpu_fp32"": null, ""reduced_for_time_budget"": false}","{""torch"":""2.14.0"",""device_name"":""Apple M1 Pro"",""seed"":1234,""git_commit"":""fd532446b10740da6a025ff593b3b290f44a5141"",""code_sha256"":""0176831a9269ba58"",""hostname"":""Kims-MacBook-Pro-16.local""}"
20260919_full,2026-09-19T15:49:22.410+07:00,matmul,cpu,Apple M1 Pro,matmul,,,,float32,measure,25,0.8898750020307489,2413.241908244767,GFLOPS,334.4375,process_rss (snapshot after work; includes Python/torch baseline),,,ok,,,"{""matrix_size"": 1024, ""matmuls_per_sec"": 1123.7533335782432, ""flops_per_matmul"": 2147483648.0, ""rel_err_vs_cpu_fp32"": null, ""reduced_for_time_budget"": false}","{""torch"":""2.14.0"",""device_name"":""Apple M1 Pro"",""seed"":1234,""git_commit"":""fd532446b10740da6a025ff593b3b290f44a5141"",""code_sha256"":""0176831a9269ba58"",""hostname"":""Kims-MacBook-Pro-16.local""}"
20260919_full,2026-09-19T15:49:22.410+07:00,matmul,cpu,Apple M1 Pro,matmul,,,,float32,measure,26,0.8942500026023481,2401.4354394751235,GFLOPS,334.4375,process_rss (snapshot after work; includes Python/torch baseline),,,ok,,,"{""matrix_size"": 1024, ""matmuls_per_sec"": 1118.2555181324126, ""flops_per_matmul"": 2147483648.0, ""rel_err_vs_cpu_fp32"": null, ""reduced_for_time_budget"": false}","{""torch"":""2.14.0"",""device_name"":""Apple M1 Pro"",""seed"":1234,""git_commit"":""fd532446b10740da6a025ff593b3b290f44a5141"",""code_sha256"":""0176831a9269ba58"",""hostname"":""Kims-MacBook-Pro-16.local""}"
20260919_full,2026-09-19T15:49:22.410+07:00,matmul,cpu,Apple M1 Pro,matmul,,,,float32,measure,27,1.145540998550132,1874.6458229936677,GFLOPS,334.4375,process_rss (snapshot after work; includes Python/torch baseline),,,ok,,,"{""matrix_size"": 1024, ""matmuls_per_sec"": 872.9499871813076, ""flops_per_matmul"": 2147483648.0, ""rel_err_vs_cpu_fp32"": null, ""reduced_for_time_budget"": false}","{""torch"":""2.14.0"",""device_name"":""Apple M1 Pro"",""seed"":1234,""git_commit"":""fd532446b10740da6a025ff593b3b290f44a5141"",""code_sha256"":""0176831a9269ba58"",""hostname"":""Kims-MacBook-Pro-16.local""}"
20260919_full,2026-09-19T15:49:22.410+07:00,matmul,cpu,Apple M1 Pro,matmul,,,,float32,measure,28,0.9546250003040768,2249.5573102694375,GFLOPS,334.4375,process_rss (snapshot after work; includes Python/torch baseline),,,ok,,,"{""matrix_size"": 1024, ""matmuls_per_sec"": 1047.5317529726017, ""flops_per_matmul"": 2147483648.0, ""rel_err_vs_cpu_fp32"": null, ""reduced_for_time_budget"": false}","{""torch"":""2.14.0"",""device_name"":""Apple M1 Pro"",""seed"":1234,""git_commit"":""fd532446b10740da6a025ff593b3b290f44a5141"",""code_sha256"":""0176831a9269ba58"",""hostname"":""Kims-MacBook-Pro-16.local""}"
20260919_full,2026-09-19T15:49:22.410+07:00,matmul,cpu,Apple M1 Pro,matmul,,,,float32,measure,29,0.8913749989005737,2409.180929068817,GFLOPS,334.4375,process_rss (snapshot after work; includes Python/torch baseline),,,ok,,,"{""matrix_size"": 1024, ""matmuls_per_sec"": 1121.8622927874405, ""flops_per_matmul"": 2147483648.0, ""rel_err_vs_cpu_fp32"": null, ""reduced_for_time_budget"": false}","{""torch"":""2.14.0"",""device_name"":""Apple M1 Pro"",""seed"":1234,""git_commit"":""fd532446b10740da6a025ff593b3b290f44a5141"",""code_sha256"":""0176831a9269ba58"",""hostname"":""Kims-MacBook-Pro-16.local""}"
20260919_full,2026-09-19T15:49:22.410+07:00,matmul,cpu,Apple M1 Pro,matmul,,,,float32,measure,30,0.8766249993641395,2449.7175526110696,GFLOPS,334.4375,process_rss (snapshot after work; includes Python/torch baseline),,,ok,,,"{""matrix_size"": 1024, ""matmuls_per_sec"": 1140.738629089235, ""flops_per_matmul"": 2147483648.0, ""rel_err_vs_cpu_fp32"": null, ""reduced_for_time_budget"": false}","{""torch"":""2.14.0"",""device_name"":""Apple M1 Pro"",""seed"":1234,""git_commit"":""fd532446b10740da6a025ff593b3b290f44a5141"",""code_sha256"":""0176831a9269ba58"",""hostname"":""Kims-MacBook-Pro-16.local""}"
20260919_full,2026-09-19T15:49:22.410+07:00,matmul,cpu,Apple M1 Pro,matmul,,,,float32,measure,31,1.0045000017271377,2137.8632596392395,GFLOPS,334.4375,process_rss (snapshot after work; includes Python/torch baseline),,,ok,,,"{""matrix_size"": 1024, ""matmuls_per_sec"": 995.5201575715278, ""flops_per_matmul"": 2147483648.0, ""rel_err_vs_cpu_fp32"": null, ""reduced_for_time_budget"": false}","{""torch"":""2.14.0"",""device_name"":""Apple M1 Pro"",""seed"":1234,""git_commit"":""fd532446b10740da6a025ff593b3b290f44a5141"",""code_sha256"":""0176831a9269ba58"",""hostname"":""Kims-MacBook-Pro-16.local""}"
20260919_full,2026-09-19T15:49:22.410+07:00,matmul,cpu,Apple M1 Pro,matmul,,,,float32,measure,32,0.968000000284519,2218.474842323142,GFLOPS,334.4375,process_rss (snapshot after work; includes Python/torch baseline),,,ok,,,"{""matrix_size"": 1024, ""matmuls_per_sec"": 1033.0578509360282, ""flops_per_matmul"": 2147483648.0, ""rel_err_vs_cpu_fp32"": null, ""reduced_for_time_budget"": false}","{""torch"":""2.14.0"",""device_name"":""Apple M1 Pro"",""seed"":1234,""git_commit"":""fd532446b10740da6a025ff593b3b290f44a5141"",""code_sha256"":""0176831a9269ba58"",""hostname"":""Kims-MacBook-Pro-16.local""}"
20260919_full,2026-09-19T15:49:22.410+07:00,matmul,cpu,Apple M1 Pro,matmul,,,,float32,measure,33,0.8859999979904387,2423.796447935403,GFLOPS,334.4375,process_rss (snapshot after work; includes Python/torch baseline),,,ok,,,"{""matrix_size"": 1024, ""matmuls_per_sec"": 1128.6681741175257, ""flops_per_matmul"": 2147483648.0, ""rel_err_vs_cpu_fp32"": null, ""reduced_for_time_budget"": false}","{""torch"":""2.14.0"",""device_name"":""Apple M1 Pro"",""seed"":1234,""git_commit"":""fd532446b10740da6a025ff593b3b290f44a5141"",""code_sha256"":""0176831a9269ba58"",""hostname"":""Kims-MacBook-Pro-16.local""}"
20260919_full,2026-09-19T15:49:22.410+07:00,matmul,cpu,Apple M1 Pro,matmul,,,,float32,measure,34,0.8670829993207008,2476.6759925894107,GFLOPS,334.4375,process_rss (snapshot after work; includes Python/torch baseline),,,ok,,,"{""matrix_size"": 1024, ""matmuls_per_sec"": 1153.2921309533579, ""flops_per_matmul"": 2147483648.0, ""rel_err_vs_cpu_fp32"": null, ""reduced_for_time_budget"": false}","{""torch"":""2.14.0"",""device_name"":""Apple M1 Pro"",""seed"":1234,""git_commit"":""fd532446b10740da6a025ff593b3b290f44a5141"",""code_sha256"":""0176831a9269ba58"",""hostname"":""Kims-MacBook-Pro-16.local""}"
20260919_full,2026-09-19T15:49:22.410+07:00,matmul,cpu,Apple M1 Pro,matmul,,,,float32,measure,35,0.8825420009088702,2433.293424889073,GFLOPS,334.4375,process_rss (snapshot after work; includes Python/torch baseline),,,ok,,,"{""matrix_size"": 1024, ""matmuls_per_sec"": 1133.0905486313034, ""flops_per_matmul"": 2147483648.0, ""rel_err_vs_cpu_fp32"": null, ""reduced_for_time_budget"": false}","{""torch"":""2.14.0"",""device_name"":""Apple M1 Pro"",""seed"":1234,""git_commit"":""fd532446b10740da6a025ff593b3b290f44a5141"",""code_sha256"":""0176831a9269ba58"",""hostname"":""Kims-MacBook-Pro-16.local""}"
20260919_full,2026-09-19T15:49:22.410+07:00,matmul,cpu,Apple M1 Pro,matmul,,,,float32,measure,36,1.0440000005473848,2056.9766732509984,GFLOPS,334.4375,process_rss (snapshot after work; includes Python/torch baseline),,,ok,,,"{""matrix_size"": 1024, ""matmuls_per_sec"": 957.8544056280508, ""flops_per_matmul"": 2147483648.0, ""rel_err_vs_cpu_fp32"": null, ""reduced_for_time_budget"": false}","{""torch"":""2.14.0"",""device_name"":""Apple M1 Pro"",""seed"":1234,""git_commit"":""fd532446b10740da6a025ff593b3b290f44a5141"",""code_sha256"":""0176831a9269ba58"",""hostname"":""Kims-MacBook-Pro-16.local""}"
20260919_full,2026-09-19T15:49:22.410+07:00,matmul,cpu,Apple M1 Pro,matmul,,,,float32,measure,37,0.9242920023098122,2323.3822673283153,GFLOPS,334.4375,process_rss (snapshot after work; includes Python/torch baseline),,,ok,,,"{""matrix_size"": 1024, ""matmuls_per_sec"": 1081.9091775120773, ""flops_per_matmul"": 2147483648.0, ""rel_err_vs_cpu_fp32"": null, ""reduced_for_time_budget"": false}","{""torch"":""2.14.0"",""device_name"":""Apple M1 Pro"",""seed"":1234,""git_commit"":""fd532446b10740da6a025ff593b3b290f44a5141"",""code_sha256"":""0176831a9269ba58"",""hostname"":""Kims-MacBook-Pro-16.local""}"
20260919_full,2026-09-19T15:49:22.410+07:00,matmul,cpu,Apple M1 Pro,matmul,,,,float32,measure,38,0.8798749986453913,2440.669016969628,GFLOPS,334.4375,process_rss (snapshot after work; includes Python/torch baseline),,,ok,,,"{""matrix_size"": 1024, ""matmuls_per_sec"": 1136.5250763341915, ""flops_per_matmul"": 2147483648.0, ""rel_err_vs_cpu_fp32"": null, ""reduced_for_time_budget"": false}","{""torch"":""2.14.0"",""device_name"":""Apple M1 Pro"",""seed"":1234,""git_commit"":""fd532446b10740da6a025ff593b3b290f44a5141"",""code_sha256"":""0176831a9269ba58"",""hostname"":""Kims-MacBook-Pro-16.local""}"
20260919_full,2026-09-19T15:49:22.410+07:00,matmul,cpu,Apple M1 Pro,matmul,,,,float32,measure,39,0.9031250010593794,2377.836562470277,GFLOPS,334.4375,process_rss (snapshot after work; includes Python/torch baseline),,,ok,,,"{""matrix_size"": 1024, ""matmuls_per_sec"": 1107.2664346873187, ""flops_per_matmul"": 2147483648.0, ""rel_err_vs_cpu_fp32"": null, ""reduced_for_time_budget"": false}","{""torch"":""2.14.0"",""device_name"":""Apple M1 Pro"",""seed"":1234,""git_commit"":""fd532446b10740da6a025ff593b3b290f44a5141"",""code_sha256"":""0176831a9269ba58"",""hostname"":""Kims-MacBook-Pro-16.local""}"
20260919_full,2026-09-19T15:49:22.410+07:00,matmul,cpu,Apple M1 Pro,matmul,,,,float32,measure,40,0.9969589991669636,2154.034067393332,GFLOPS,334.4375,process_rss (snapshot after work; includes Python/torch baseline),,,ok,,,"{""matrix_size"": 1024, ""matmuls_per_sec"": 1003.0502767271045, ""flops_per_matmul"": 2147483648.0, ""rel_err_vs_cpu_fp32"": null, ""reduced_for_time_budget"": false}","{""torch"":""2.14.0"",""device_name"":""Apple M1 Pro"",""seed"":1234,""git_commit"":""fd532446b10740da6a025ff593b3b290f44a5141"",""code_sha256"":""0176831a9269ba58"",""hostname"":""Kims-MacBook-Pro-16.local""}"
20260919_full,2026-09-19T15:49:22.410+07:00,matmul,cpu,Apple M1 Pro,matmul,,,,float32,measure,41,1.0378750012023374,2069.115881500397,GFLOPS,334.4375,process_rss (snapshot after work; includes Python/torch baseline),,,ok,,,"{""matrix_size"": 1024, ""matmuls_per_sec"": 963.5071649683625, ""flops_per_matmul"": 2147483648.0, ""rel_err_vs_cpu_fp32"": null, ""reduced_for_time_budget"": false}","{""torch"":""2.14.0"",""device_name"":""Apple M1 Pro"",""seed"":1234,""git_commit"":""fd532446b10740da6a025ff593b3b290f44a5141"",""code_sha256"":""0176831a9269ba58"",""hostname"":""Kims-MacBook-Pro-16.local""}"
20260919_full,2026-09-19T15:49:22.410+07:00,matmul,cpu,Apple M1 Pro,matmul,,,,float32,measure,42,0.8804169992799871,2439.1664969624976,GFLOPS,334.4375,process_rss (snapshot after work; includes Python/torch baseline),,,ok,,,"{""matrix_size"": 1024, ""matmuls_per_sec"": 1135.8254109334655, ""flops_per_matmul"": 2147483648.0, ""rel_err_vs_cpu_fp32"": null, ""reduced_for_time_budget"": false}","{""torch"":""2.14.0"",""device_name"":""Apple M1 Pro"",""seed"":1234,""git_commit"":""fd532446b10740da6a025ff593b3b290f44a5141"",""code_sha256"":""0176831a9269ba58"",""hostname"":""Kims-MacBook-Pro-16.local""}"
20260919_full,2026-09-19T15:49:22.410+07:00,matmul,cpu,Apple M1 Pro,matmul,,,,float32,measure,43,0.9246249974239618,2322.5455227610823,GFLOPS,334.4375,process_rss (snapshot after work; includes Python/torch baseline),,,ok,,,"{""matrix_size"": 1024, ""matmuls_per_sec"": 1081.519537959752, ""flops_per_matmul"": 2147483648.0, ""rel_err_vs_cpu_fp32"": null, ""reduced_for_time_budget"": false}","{""torch"":""2.14.0"",""device_name"":""Apple M1 Pro"",""seed"":1234,""git_commit"":""fd532446b10740da6a025ff593b3b290f44a5141"",""code_sha256"":""0176831a9269ba58"",""hostname"":""Kims-MacBook-Pro-16.local""}"
20260919_full,2026-09-19T15:49:22.411+07:00,matmul,cpu,Apple M1 Pro,matmul,,,,float32,measure,44,0.9485000009590294,2264.0839702990797,GFLOPS,334.4375,process_rss (snapshot after work; includes Python/torch baseline),,,ok,,,"{""matrix_size"": 1024, ""matmuls_per_sec"": 1054.2962561822867, ""flops_per_matmul"": 2147483648.0, ""rel_err_vs_cpu_fp32"": null, ""reduced_for_time_budget"": false}","{""torch"":""2.14.0"",""device_name"":""Apple M1 Pro"",""seed"":1234,""git_commit"":""fd532446b10740da6a025ff593b3b290f44a5141"",""code_sha256"":""0176831a9269ba58"",""hostname"":""Kims-MacBook-Pro-16.local""}"
20260919_full,2026-09-19T15:49:22.411+07:00,matmul,cpu,Apple M1 Pro,matmul,,,,float32,measure,45,1.0172080001211725,2111.1548943226812,GFLOPS,334.4375,process_rss (snapshot after work; includes Python/torch baseline),,,ok,,,"{""matrix_size"": 1024, ""matmuls_per_sec"": 983.083105796334, ""flops_per_matmul"": 2147483648.0, ""rel_err_vs_cpu_fp32"": null, ""reduced_for_time_budget"": false}","{""torch"":""2.14.0"",""device_name"":""Apple M1 Pro"",""seed"":1234,""git_commit"":""fd532446b10740da6a025ff593b3b290f44a5141"",""code_sha256"":""0176831a9269ba58"",""hostname"":""Kims-MacBook-Pro-16.local""}"
20260919_full,2026-09-19T15:49:22.411+07:00,matmul,cpu,Apple M1 Pro,matmul,,,,float32,measure,46,0.9096670000872109,2360.736014161356,GFLOPS,334.4375,process_rss (snapshot after work; includes Python/torch baseline),,,ok,,,"{""matrix_size"": 1024, ""matmuls_per_sec"": 1099.3033713481184, ""flops_per_matmul"": 2147483648.0, ""rel_err_vs_cpu_fp32"": null, ""reduced_for_time_budget"": false}","{""torch"":""2.14.0"",""device_name"":""Apple M1 Pro"",""seed"":1234,""git_commit"":""fd532446b10740da6a025ff593b3b290f44a5141"",""code_sha256"":""0176831a9269ba58"",""hostname"":""Kims-MacBook-Pro-16.local""}"
20260919_full,2026-09-19T15:49:22.411+07:00,matmul,cpu,Apple M1 Pro,matmul,,,,float32,measure,47,0.9172919999400619,2341.1123700417334,GFLOPS,334.4375,process_rss (snapshot after work; includes Python/torch baseline),,,ok,,,"{""matrix_size"": 1024, ""matmuls_per_sec"": 1090.165399965706, ""flops_per_matmul"": 2147483648.0, ""rel_err_vs_cpu_fp32"": null, ""reduced_for_time_budget"": false}","{""torch"":""2.14.0"",""device_name"":""Apple M1 Pro"",""seed"":1234,""git_commit"":""fd532446b10740da6a025ff593b3b290f44a5141"",""code_sha256"":""0176831a9269ba58"",""hostname"":""Kims-MacBook-Pro-16.local""}"
20260919_full,2026-09-19T15:49:22.411+07:00,matmul,cpu,Apple M1 Pro,matmul,,,,float32,measure,48,0.8953750002547167,2398.418145904323,GFLOPS,334.4375,process_rss (snapshot after work; includes Python/torch baseline),,,ok,,,"{""matrix_size"": 1024, ""matmuls_per_sec"": 1116.8504813240481, ""flops_per_matmul"": 2147483648.0, ""rel_err_vs_cpu_fp32"": null, ""reduced_for_time_budget"": false}","{""torch"":""2.14.0"",""device_name"":""Apple M1 Pro"",""seed"":1234,""git_commit"":""fd532446b10740da6a025ff593b3b290f44a5141"",""code_sha256"":""0176831a9269ba58"",""hostname"":""Kims-MacBook-Pro-16.local""}"
20260919_full,2026-09-19T15:49:22.411+07:00,matmul,cpu,Apple M1 Pro,matmul,,,,float32,measure,49,1.0262919968226925,2092.4684735420483,GFLOPS,334.4375,process_rss (snapshot after work; includes Python/torch baseline),,,ok,,,"{""matrix_size"": 1024, ""matmuls_per_sec"": 974.3815630404504, ""flops_per_matmul"": 2147483648.0, ""rel_err_vs_cpu_fp32"": null, ""reduced_for_time_budget"": false}","{""torch"":""2.14.0"",""device_name"":""Apple M1 Pro"",""seed"":1234,""git_commit"":""fd532446b10740da6a025ff593b3b290f44a5141"",""code_sha256"":""0176831a9269ba58"",""hostname"":""Kims-MacBook-Pro-16.local""}"
20260919_full,2026-09-19T15:49:22.411+07:00,matmul,cpu,Apple M1 Pro,matmul,,,,float32,measure,50,0.9267080022254959,2317.3250288578524,GFLOPS,334.4375,process_rss (snapshot after work; includes Python/torch baseline),,,ok,,,"{""matrix_size"": 1024, ""matmuls_per_sec"": 1079.0885560483916, ""flops_per_matmul"": 2147483648.0, ""rel_err_vs_cpu_fp32"": null, ""reduced_for_time_budget"": false}","{""torch"":""2.14.0"",""device_name"":""Apple M1 Pro"",""seed"":1234,""git_commit"":""fd532446b10740da6a025ff593b3b290f44a5141"",""code_sha256"":""0176831a9269ba58"",""hostname"":""Kims-MacBook-Pro-16.local""}"
20260919_full,2026-09-19T15:49:22.411+07:00,matmul,cpu,Apple M1 Pro,matmul,,,,float32,measure,51,0.9037089985213242,2376.2999499991447,GFLOPS,334.4375,process_rss (snapshot after work; includes Python/torch baseline),,,ok,,,"{""matrix_size"": 1024, ""matmuls_per_sec"": 1106.550893745918, ""flops_per_matmul"": 2147483648.0, ""rel_err_vs_cpu_fp32"": null, ""reduced_for_time_budget"": false}","{""torch"":""2.14.0"",""device_name"":""Apple M1 Pro"",""seed"":1234,""git_commit"":""fd532446b10740da6a025ff593b3b290f44a5141"",""code_sha256"":""0176831a9269ba58"",""hostname"":""Kims-MacBook-Pro-16.local""}"
20260919_full,2026-09-19T15:49:22.411+07:00,matmul,cpu,Apple M1 Pro,matmul,,,,float32,measure,52,0.8725000006961636,2461.2993080647943,GFLOPS,334.4375,process_rss (snapshot after work; includes Python/torch baseline),,,ok,,,"{""matrix_size"": 1024, ""matmuls_per_sec"": 1146.1318042431, ""flops_per_matmul"": 2147483648.0, ""rel_err_vs_cpu_fp32"": null, ""reduced_for_time_budget"": false}","{""torch"":""2.14.0"",""device_name"":""Apple M1 Pro"",""seed"":1234,""git_commit"":""fd532446b10740da6a025ff593b3b290f44a5141"",""code_sha256"":""0176831a9269ba58"",""hostname"":""Kims-MacBook-Pro-16.local""}"
20260919_full,2026-09-19T15:49:22.411+07:00,matmul,cpu,Apple M1 Pro,matmul,,,,float32,measure,53,0.949583001784049,2261.50177916556,GFLOPS,334.4375,process_rss (snapshot after work; includes Python/torch baseline),,,ok,,,"{""matrix_size"": 1024, ""matmuls_per_sec"": 1053.0938297349774, ""flops_per_matmul"": 2147483648.0, ""rel_err_vs_cpu_fp32"": null, ""reduced_for_time_budget"": false}","{""torch"":""2.14.0"",""device_name"":""Apple M1 Pro"",""seed"":1234,""git_commit"":""fd532446b10740da6a025ff593b3b290f44a5141"",""code_sha256"":""0176831a9269ba58"",""hostname"":""Kims-MacBook-Pro-16.local""}"
20260919_full,2026-09-19T15:49:22.411+07:00,matmul,cpu,Apple M1 Pro,matmul,,,,float32,measure,54,1.0024160001194105,2142.3078320220206,GFLOPS,334.4375,process_rss (snapshot after work; includes Python/torch baseline),,,ok,,,"{""matrix_size"": 1024, ""matmuls_per_sec"": 997.5898228688262, ""flops_per_matmul"": 2147483648.0, ""rel_err_vs_cpu_fp32"": null, ""reduced_for_time_budget"": false}","{""torch"":""2.14.0"",""device_name"":""Apple M1 Pro"",""seed"":1234,""git_commit"":""fd532446b10740da6a025ff593b3b290f44a5141"",""code_sha256"":""0176831a9269ba58"",""hostname"":""Kims-MacBook-Pro-16.local""}"
20260919_full,2026-09-19T15:49:22.411+07:00,matmul,cpu,Apple M1 Pro,matmul,,,,float32,measure,55,0.8895840001059696,2414.031331211202,GFLOPS,334.4375,process_rss (snapshot after work; includes Python/torch baseline),,,ok,,,"{""matrix_size"": 1024, ""matmuls_per_sec"": 1124.1209372930239, ""flops_per_matmul"": 2147483648.0, ""rel_err_vs_cpu_fp32"": null, ""reduced_for_time_budget"": false}","{""torch"":""2.14.0"",""device_name"":""Apple M1 Pro"",""seed"":1234,""git_commit"":""fd532446b10740da6a025ff593b3b290f44a5141"",""code_sha256"":""0176831a9269ba58"",""hostname"":""Kims-MacBook-Pro-16.local""}"
20260919_full,2026-09-19T15:49:22.411+07:00,matmul,cpu,Apple M1 Pro,matmul,,,,float32,measure,56,0.8854170009726658,2425.3923808114187,GFLOPS,334.4375,process_rss (snapshot after work; includes Python/torch baseline),,,ok,,,"{""matrix_size"": 1024, ""matmuls_per_sec"": 1129.4113382750277, ""flops_per_matmul"": 2147483648.0, ""rel_err_vs_cpu_fp32"": null, ""reduced_for_time_budget"": false}","{""torch"":""2.14.0"",""device_name"":""Apple M1 Pro"",""seed"":1234,""git_commit"":""fd532446b10740da6a025ff593b3b290f44a5141"",""code_sha256"":""0176831a9269ba58"",""hostname"":""Kims-MacBook-Pro-16.local""}"
20260919_full,2026-09-19T15:49:22.411+07:00,matmul,cpu,Apple M1 Pro,matmul,,,,float32,measure,57,0.8949170005507767,2399.6456058811386,GFLOPS,334.4375,process_rss (snapshot after work; includes Python/torch baseline),,,ok,,,"{""matrix_size"": 1024, ""matmuls_per_sec"": 1117.422061916971, ""flops_per_matmul"": 2147483648.0, ""rel_err_vs_cpu_fp32"": null, ""reduced_for_time_budget"": false}","{""torch"":""2.14.0"",""device_name"":""Apple M1 Pro"",""seed"":1234,""git_commit"":""fd532446b10740da6a025ff593b3b290f44a5141"",""code_sha256"":""0176831a9269ba58"",""hostname"":""Kims-MacBook-Pro-16.local""}"
20260919_full,2026-09-19T15:49:22.411+07:00,matmul,cpu,Apple M1 Pro,matmul,,,,float32,measure,58,1.023749999149004,2097.664126774216,GFLOPS,334.4375,process_rss (snapshot after work; includes Python/torch baseline),,,ok,,,"{""matrix_size"": 1024, ""matmuls_per_sec"": 976.8009776129462, ""flops_per_matmul"": 2147483648.0, ""rel_err_vs_cpu_fp32"": null, ""reduced_for_time_budget"": false}","{""torch"":""2.14.0"",""device_name"":""Apple M1 Pro"",""seed"":1234,""git_commit"":""fd532446b10740da6a025ff593b3b290f44a5141"",""code_sha256"":""0176831a9269ba58"",""hostname"":""Kims-MacBook-Pro-16.local""}"
20260919_full,2026-09-19T15:49:22.411+07:00,matmul,cpu,Apple M1 Pro,matmul,,,,float32,measure,59,0.90562499826774,2371.27249370066,GFLOPS,334.4375,process_rss (snapshot after work; includes Python/torch baseline),,,ok,,,"{""matrix_size"": 1024, ""matmuls_per_sec"": 1104.2098019740824, ""flops_per_matmul"": 2147483648.0, ""rel_err_vs_cpu_fp32"": null, ""reduced_for_time_budget"": false}","{""torch"":""2.14.0"",""device_name"":""Apple M1 Pro"",""seed"":1234,""git_commit"":""fd532446b10740da6a025ff593b3b290f44a5141"",""code_sha256"":""0176831a9269ba58"",""hostname"":""Kims-MacBook-Pro-16.local""}"
20260919_full,2026-09-19T15:49:22.411+07:00,matmul,cpu,Apple M1 Pro,matmul,,,,float32,measure,60,0.9284999978262931,2312.852614999961,GFLOPS,334.4375,process_rss (snapshot after work; includes Python/torch baseline),,,ok,,,"{""matrix_size"": 1024, ""matmuls_per_sec"": 1077.0059260539529, ""flops_per_matmul"": 2147483648.0, ""rel_err_vs_cpu_fp32"": null, ""reduced_for_time_budget"": false}","{""torch"":""2.14.0"",""device_name"":""Apple M1 Pro"",""seed"":1234,""git_commit"":""fd532446b10740da6a025ff593b3b290f44a5141"",""code_sha256"":""0176831a9269ba58"",""hostname"":""Kims-MacBook-Pro-16.local""}"
20260919_full,2026-09-19T15:49:22.411+07:00,matmul,cpu,Apple M1 Pro,matmul,,,,float32,measure,61,0.9062909994099755,2369.529929567965,GFLOPS,334.4375,process_rss (snapshot after work; includes Python/torch baseline),,,ok,,,"{""matrix_size"": 1024, ""matmuls_per_sec"": 1103.3983573168355, ""flops_per_matmul"": 2147483648.0, ""rel_err_vs_cpu_fp32"": null, ""reduced_for_time_budget"": false}","{""torch"":""2.14.0"",""device_name"":""Apple M1 Pro"",""seed"":1234,""git_commit"":""fd532446b10740da6a025ff593b3b290f44a5141"",""code_sha256"":""0176831a9269ba58"",""hostname"":""Kims-MacBook-Pro-16.local""}"
20260919_full,2026-09-19T15:49:22.411+07:00,matmul,cpu,Apple M1 Pro,matmul,,,,float32,measure,62,0.9475410006416496,2266.375435517599,GFLOPS,334.4375,process_rss (snapshot after work; includes Python/torch baseline),,,ok,,,"{""matrix_size"": 1024, ""matmuls_per_sec"": 1055.3633028257632, ""flops_per_matmul"": 2147483648.0, ""rel_err_vs_cpu_fp32"": null, ""reduced_for_time_budget"": false}","{""torch"":""2.14.0"",""device_name"":""Apple M1 Pro"",""seed"":1234,""git_commit"":""fd532446b10740da6a025ff593b3b290f44a5141"",""code_sha256"":""0176831a9269ba58"",""hostname"":""Kims-MacBook-Pro-16.local""}"
20260919_full,2026-09-19T15:49:22.411+07:00,matmul,cpu,Apple M1 Pro,matmul,,,,float32,measure,63,0.9785000002011657,2194.669031740938,GFLOPS,334.4375,process_rss (snapshot after work; includes Python/torch baseline),,,ok,,,"{""matrix_size"": 1024, ""matmuls_per_sec"": 1021.9724065349149, ""flops_per_matmul"": 2147483648.0, ""rel_err_vs_cpu_fp32"": null, ""reduced_for_time_budget"": false}","{""torch"":""2.14.0"",""device_name"":""Apple M1 Pro"",""seed"":1234,""git_commit"":""fd532446b10740da6a025ff593b3b290f44a5141"",""code_sha256"":""0176831a9269ba58"",""hostname"":""Kims-MacBook-Pro-16.local""}"
20260919_full,2026-09-19T15:49:22.411+07:00,matmul,cpu,Apple M1 Pro,matmul,,,,float32,measure,64,0.9025409999594558,2379.3751730907184,GFLOPS,334.4375,process_rss (snapshot after work; includes Python/torch baseline),,,ok,,,"{""matrix_size"": 1024, ""matmuls_per_sec"": 1107.9829060894988, ""flops_per_matmul"": 2147483648.0, ""rel_err_vs_cpu_fp32"": null, ""reduced_for_time_budget"": false}","{""torch"":""2.14.0"",""device_name"":""Apple M1 Pro"",""seed"":1234,""git_commit"":""fd532446b10740da6a025ff593b3b290f44a5141"",""code_sha256"":""0176831a9269ba58"",""hostname"":""Kims-MacBook-Pro-16.local""}"
20260919_full,2026-09-19T15:49:22.411+07:00,matmul,cpu,Apple M1 Pro,matmul,,,,float32,measure,65,0.9000829995784443,2385.872912837792,GFLOPS,334.4375,process_rss (snapshot after work; includes Python/torch baseline),,,ok,,,"{""matrix_size"": 1024, ""matmuls_per_sec"": 1111.0086519447118, ""flops_per_matmul"": 2147483648.0, ""rel_err_vs_cpu_fp32"": null, ""reduced_for_time_budget"": false}","{""torch"":""2.14.0"",""device_name"":""Apple M1 Pro"",""seed"":1234,""git_commit"":""fd532446b10740da6a025ff593b3b290f44a5141"",""code_sha256"":""0176831a9269ba58"",""hostname"":""Kims-MacBook-Pro-16.local""}"
20260919_full,2026-09-19T15:49:22.411+07:00,matmul,cpu,Apple M1 Pro,matmul,,,,float32,measure,66,0.9008749984786846,2383.7753868477585,GFLOPS,334.4375,process_rss (snapshot after work; includes Python/torch baseline),,,ok,,,"{""matrix_size"": 1024, ""matmuls_per_sec"": 1110.0319152920313, ""flops_per_matmul"": 2147483648.0, ""rel_err_vs_cpu_fp32"": null, ""reduced_for_time_budget"": false}","{""torch"":""2.14.0"",""device_name"":""Apple M1 Pro"",""seed"":1234,""git_commit"":""fd532446b10740da6a025ff593b3b290f44a5141"",""code_sha256"":""0176831a9269ba58"",""hostname"":""Kims-MacBook-Pro-16.local""}"
20260919_full,2026-09-19T15:49:22.411+07:00,matmul,cpu,Apple M1 Pro,matmul,,,,float32,measure,67,1.0351659984735306,2074.5307044152414,GFLOPS,334.4375,process_rss (snapshot after work; includes Python/torch baseline),,,ok,,,"{""matrix_size"": 1024, ""matmuls_per_sec"": 966.0286383774323, ""flops_per_matmul"": 2147483648.0, ""rel_err_vs_cpu_fp32"": null, ""reduced_for_time_budget"": false}","{""torch"":""2.14.0"",""device_name"":""Apple M1 Pro"",""seed"":1234,""git_commit"":""fd532446b10740da6a025ff593b3b290f44a5141"",""code_sha256"":""0176831a9269ba58"",""hostname"":""Kims-MacBook-Pro-16.local""}"
20260919_full,2026-09-19T15:49:22.411+07:00,matmul,cpu,Apple M1 Pro,matmul,,,,float32,measure,68,0.8953329997893889,2398.530656755818,GFLOPS,334.4375,process_rss (snapshot after work; includes Python/torch baseline),,,ok,,,"{""matrix_size"": 1024, ""matmuls_per_sec"": 1116.9028732719917, ""flops_per_matmul"": 2147483648.0, ""rel_err_vs_cpu_fp32"": null, ""reduced_for_time_budget"": false}","{""torch"":""2.14.0"",""device_name"":""Apple M1 Pro"",""seed"":1234,""git_commit"":""fd532446b10740da6a025ff593b3b290f44a5141"",""code_sha256"":""0176831a9269ba58"",""hostname"":""Kims-MacBook-Pro-16.local""}"
20260919_full,2026-09-19T15:49:22.411+07:00,matmul,cpu,Apple M1 Pro,matmul,,,,float32,measure,69,0.983832997007994,2182.772538155224,GFLOPS,334.4375,process_rss (snapshot after work; includes Python/torch baseline),,,ok,,,"{""matrix_size"": 1024, ""matmuls_per_sec"": 1016.4326700173431, ""flops_per_matmul"": 2147483648.0, ""rel_err_vs_cpu_fp32"": null, ""reduced_for_time_budget"": false}","{""torch"":""2.14.0"",""device_name"":""Apple M1 Pro"",""seed"":1234,""git_commit"":""fd532446b10740da6a025ff593b3b290f44a5141"",""code_sha256"":""0176831a9269ba58"",""hostname"":""Kims-MacBook-Pro-16.local""}"
20260919_full,2026-09-19T15:49:22.411+07:00,matmul,cpu,Apple M1 Pro,matmul,,,,float32,measure,70,1.1506669980008155,1866.294637572006,GFLOPS,334.4375,process_rss (snapshot after work; includes Python/torch baseline),,,ok,,,"{""matrix_size"": 1024, ""matmuls_per_sec"": 869.0611634273109, ""flops_per_matmul"": 2147483648.0, ""rel_err_vs_cpu_fp32"": null, ""reduced_for_time_budget"": false}","{""torch"":""2.14.0"",""device_name"":""Apple M1 Pro"",""seed"":1234,""git_commit"":""fd532446b10740da6a025ff593b3b290f44a5141"",""code_sha256"":""0176831a9269ba58"",""hostname"":""Kims-MacBook-Pro-16.local""}"
20260919_full,2026-09-19T15:49:22.411+07:00,matmul,cpu,Apple M1 Pro,matmul,,,,float32,measure,71,1.1876249991473742,1808.2169451988063,GFLOPS,334.4375,process_rss (snapshot after work; includes Python/torch baseline),,,ok,,,"{""matrix_size"": 1024, ""matmuls_per_sec"": 842.016630432944, ""flops_per_matmul"": 2147483648.0, ""rel_err_vs_cpu_fp32"": null, ""reduced_for_time_budget"": false}","{""torch"":""2.14.0"",""device_name"":""Apple M1 Pro"",""seed"":1234,""git_commit"":""fd532446b10740da6a025ff593b3b290f44a5141"",""code_sha256"":""0176831a9269ba58"",""hostname"":""Kims-MacBook-Pro-16.local""}"
20260919_full,2026-09-19T15:49:22.411+07:00,matmul,cpu,Apple M1 Pro,matmul,,,,float32,measure,72,1.0739589997683652,1999.595560410757,GFLOPS,334.4375,process_rss (snapshot after work; includes Python/torch baseline),,,ok,,,"{""matrix_size"": 1024, ""matmuls_per_sec"": 931.1342427557133, ""flops_per_matmul"": 2147483648.0, ""rel_err_vs_cpu_fp32"": null, ""reduced_for_time_budget"": false}","{""torch"":""2.14.0"",""device_name"":""Apple M1 Pro"",""seed"":1234,""git_commit"":""fd532446b10740da6a025ff593b3b290f44a5141"",""code_sha256"":""0176831a9269ba58"",""hostname"":""Kims-MacBook-Pro-16.local""}"
20260919_full,2026-09-19T15:49:22.411+07:00,matmul,cpu,Apple M1 Pro,matmul,,,,float32,measure,73,0.9337500014225952,2299.8486155054848,GFLOPS,334.4375,process_rss (snapshot after work; includes Python/torch baseline),,,ok,,,"{""matrix_size"": 1024, ""matmuls_per_sec"": 1070.950466909206, ""flops_per_matmul"": 2147483648.0, ""rel_err_vs_cpu_fp32"": null, ""reduced_for_time_budget"": false}","{""torch"":""2.14.0"",""device_name"":""Apple M1 Pro"",""seed"":1234,""git_commit"":""fd532446b10740da6a025ff593b3b290f44a5141"",""code_sha256"":""0176831a9269ba58"",""hostname"":""Kims-MacBook-Pro-16.local""}"
20260919_full,2026-09-19T15:49:22.411+07:00,matmul,cpu,Apple M1 Pro,matmul,,,,float32,measure,74,0.9574579999025445,2242.9011488948686,GFLOPS,334.4375,process_rss (snapshot after work; includes Python/torch baseline),,,ok,,,"{""matrix_size"": 1024, ""matmuls_per_sec"": 1044.432236298392, ""flops_per_matmul"": 2147483648.0, ""rel_err_vs_cpu_fp32"": null, ""reduced_for_time_budget"": false}","{""torch"":""2.14.0"",""device_name"":""Apple M1 Pro"",""seed"":1234,""git_commit"":""fd532446b10740da6a025ff593b3b290f44a5141"",""code_sha256"":""0176831a9269ba58"",""hostname"":""Kims-MacBook-Pro-16.local""}"
20260919_full,2026-09-19T15:49:22.411+07:00,matmul,cpu,Apple M1 Pro,matmul,,,,float32,measure,75,1.086707998183556,1976.1367833765298,GFLOPS,334.4375,process_rss (snapshot after work; includes Python/torch baseline),,,ok,,,"{""matrix_size"": 1024, ""matmuls_per_sec"": 920.2103984432899, ""flops_per_matmul"": 2147483648.0, ""rel_err_vs_cpu_fp32"": null, ""reduced_for_time_budget"": false}","{""torch"":""2.14.0"",""device_name"":""Apple M1 Pro"",""seed"":1234,""git_commit"":""fd532446b10740da6a025ff593b3b290f44a5141"",""code_sha256"":""0176831a9269ba58"",""hostname"":""Kims-MacBook-Pro-16.local""}"
20260919_full,2026-09-19T15:49:22.411+07:00,matmul,cpu,Apple M1 Pro,matmul,,,,float32,measure,76,1.0410830000182614,2062.740096574751,GFLOPS,334.4375,process_rss (snapshot after work; includes Python/torch baseline),,,ok,,,"{""matrix_size"": 1024, ""matmuls_per_sec"": 960.5382087522889, ""flops_per_matmul"": 2147483648.0, ""rel_err_vs_cpu_fp32"": null, ""reduced_for_time_budget"": false}","{""torch"":""2.14.0"",""device_name"":""Apple M1 Pro"",""seed"":1234,""git_commit"":""fd532446b10740da6a025ff593b3b290f44a5141"",""code_sha256"":""0176831a9269ba58"",""hostname"":""Kims-MacBook-Pro-16.local""}"
20260919_full,2026-09-19T15:49:22.411+07:00,matmul,cpu,Apple M1 Pro,matmul,,,,float32,measure,77,0.989125001069624,2171.094296148359,GFLOPS,334.4375,process_rss (snapshot after work; includes Python/torch baseline),,,ok,,,"{""matrix_size"": 1024, ""matmuls_per_sec"": 1010.9945648109349, ""flops_per_matmul"": 2147483648.0, ""rel_err_vs_cpu_fp32"": null, ""reduced_for_time_budget"": false}","{""torch"":""2.14.0"",""device_name"":""Apple M1 Pro"",""seed"":1234,""git_commit"":""fd532446b10740da6a025ff593b3b290f44a5141"",""code_sha256"":""0176831a9269ba58"",""hostname"":""Kims-MacBook-Pro-16.local""}"
20260919_full,2026-09-19T15:49:22.411+07:00,matmul,cpu,Apple M1 Pro,matmul,,,,float32,measure,78,0.9906250015774276,2167.8068336458714,GFLOPS,334.4375,process_rss (snapshot after work; includes Python/torch baseline),,,ok,,,"{""matrix_size"": 1024, ""matmuls_per_sec"": 1009.4637207900507, ""flops_per_matmul"": 2147483648.0, ""rel_err_vs_cpu_fp32"": null, ""reduced_for_time_budget"": false}","{""torch"":""2.14.0"",""device_name"":""Apple M1 Pro"",""seed"":1234,""git_commit"":""fd532446b10740da6a025ff593b3b290f44a5141"",""code_sha256"":""0176831a9269ba58"",""hostname"":""Kims-MacBook-Pro-16.local""}"
20260919_full,2026-09-19T15:49:22.411+07:00,matmul,cpu,Apple M1 Pro,matmul,,,,float32,measure,79,1.1002499995811377,1951.81426840949,GFLOPS,334.4375,process_rss (snapshot after work; includes Python/torch baseline),,,ok,,,"{""matrix_size"": 1024, ""matmuls_per_sec"": 908.8843448131764, ""flops_per_matmul"": 2147483648.0, ""rel_err_vs_cpu_fp32"": null, ""reduced_for_time_budget"": false}","{""torch"":""2.14.0"",""device_name"":""Apple M1 Pro"",""seed"":1234,""git_commit"":""fd532446b10740da6a025ff593b3b290f44a5141"",""code_sha256"":""0176831a9269ba58"",""hostname"":""Kims-MacBook-Pro-16.local""}"
20260919_full,2026-09-19T15:49:22.411+07:00,matmul,cpu,Apple M1 Pro,matmul,,,,float32,measure,80,1.0166249994654208,2112.3655715029895,GFLOPS,334.4375,process_rss (snapshot after work; includes Python/torch baseline),,,ok,,,"{""matrix_size"": 1024, ""matmuls_per_sec"": 983.6468712906304, ""flops_per_matmul"": 2147483648.0, ""rel_err_vs_cpu_fp32"": null, ""reduced_for_time_budget"": false}","{""torch"":""2.14.0"",""device_name"":""Apple M1 Pro"",""seed"":1234,""git_commit"":""fd532446b10740da6a025ff593b3b290f44a5141"",""code_sha256"":""0176831a9269ba58"",""hostname"":""Kims-MacBook-Pro-16.local""}"
20260919_full,2026-09-19T15:49:22.411+07:00,matmul,cpu,Apple M1 Pro,matmul,,,,float32,measure,81,0.9929580010066275,2162.7134741076193,GFLOPS,334.4375,process_rss (snapshot after work; includes Python/torch baseline),,,ok,,,"{""matrix_size"": 1024, ""matmuls_per_sec"": 1007.091940430747, ""flops_per_matmul"": 2147483648.0, ""rel_err_vs_cpu_fp32"": null, ""reduced_for_time_budget"": false}","{""torch"":""2.14.0"",""device_name"":""Apple M1 Pro"",""seed"":1234,""git_commit"":""fd532446b10740da6a025ff593b3b290f44a5141"",""code_sha256"":""0176831a9269ba58"",""hostname"":""Kims-MacBook-Pro-16.local""}"
20260919_full,2026-09-19T15:49:22.412+07:00,matmul,cpu,Apple M1 Pro,matmul,,,,float32,measure,82,1.0990839982696343,1953.8849181508742,GFLOPS,334.4375,process_rss (snapshot after work; includes Python/torch baseline),,,ok,,,"{""matrix_size"": 1024, ""matmuls_per_sec"": 909.8485662373129, ""flops_per_matmul"": 2147483648.0, ""rel_err_vs_cpu_fp32"": null, ""reduced_for_time_budget"": false}","{""torch"":""2.14.0"",""device_name"":""Apple M1 Pro"",""seed"":1234,""git_commit"":""fd532446b10740da6a025ff593b3b290f44a5141"",""code_sha256"":""0176831a9269ba58"",""hostname"":""Kims-MacBook-Pro-16.local""}"
20260919_full,2026-09-19T15:49:22.412+07:00,matmul,cpu,Apple M1 Pro,matmul,,,,float32,measure,83,1.0904160008067265,1969.416852294188,GFLOPS,334.4375,process_rss (snapshot after work; includes Python/torch baseline),,,ok,,,"{""matrix_size"": 1024, ""matmuls_per_sec"": 917.0811866848674, ""flops_per_matmul"": 2147483648.0, ""rel_err_vs_cpu_fp32"": null, ""reduced_for_time_budget"": false}","{""torch"":""2.14.0"",""device_name"":""Apple M1 Pro"",""seed"":1234,""git_commit"":""fd532446b10740da6a025ff593b3b290f44a5141"",""code_sha256"":""0176831a9269ba58"",""hostname"":""Kims-MacBook-Pro-16.local""}"
20260919_full,2026-09-19T15:49:22.412+07:00,matmul,cpu,Apple M1 Pro,matmul,,,,float32,measure,84,1.0792499997478444,1989.7925860567407,GFLOPS,334.4375,process_rss (snapshot after work; includes Python/torch baseline),,,ok,,,"{""matrix_size"": 1024, ""matmuls_per_sec"": 926.5693770985774, ""flops_per_matmul"": 2147483648.0, ""rel_err_vs_cpu_fp32"": null, ""reduced_for_time_budget"": false}","{""torch"":""2.14.0"",""device_name"":""Apple M1 Pro"",""seed"":1234,""git_commit"":""fd532446b10740da6a025ff593b3b290f44a5141"",""code_sha256"":""0176831a9269ba58"",""hostname"":""Kims-MacBook-Pro-16.local""}"
20260919_full,2026-09-19T15:49:22.412+07:00,matmul,cpu,Apple M1 Pro,matmul,,,,float32,measure,85,1.0707080000429414,2005.6669492652281,GFLOPS,334.4375,process_rss (snapshot after work; includes Python/torch baseline),,,ok,,,"{""matrix_size"": 1024, ""matmuls_per_sec"": 933.9614535054322, ""flops_per_matmul"": 2147483648.0, ""rel_err_vs_cpu_fp32"": null, ""reduced_for_time_budget"": false}","{""torch"":""2.14.0"",""device_name"":""Apple M1 Pro"",""seed"":1234,""git_commit"":""fd532446b10740da6a025ff593b3b290f44a5141"",""code_sha256"":""0176831a9269ba58"",""hostname"":""Kims-MacBook-Pro-16.local""}"
20260919_full,2026-09-19T15:49:22.412+07:00,matmul,cpu,Apple M1 Pro,matmul,,,,float32,measure,86,1.0472909998497926,2050.512845339072,GFLOPS,334.4375,process_rss (snapshot after work; includes Python/torch baseline),,,ok,,,"{""matrix_size"": 1024, ""matmuls_per_sec"": 954.8444512016476, ""flops_per_matmul"": 2147483648.0, ""rel_err_vs_cpu_fp32"": null, ""reduced_for_time_budget"": false}","{""torch"":""2.14.0"",""device_name"":""Apple M1 Pro"",""seed"":1234,""git_commit"":""fd532446b10740da6a025ff593b3b290f44a5141"",""code_sha256"":""0176831a9269ba58"",""hostname"":""Kims-MacBook-Pro-16.local""}"
20260919_full,2026-09-19T15:49:22.412+07:00,matmul,cpu,Apple M1 Pro,matmul,,,,float32,measure,87,1.1725830008799676,1831.4129118266392,GFLOPS,334.4375,process_rss (snapshot after work; includes Python/torch baseline),,,ok,,,"{""matrix_size"": 1024, ""matmuls_per_sec"": 852.818094113208, ""flops_per_matmul"": 2147483648.0, ""rel_err_vs_cpu_fp32"": null, ""reduced_for_time_budget"": false}","{""torch"":""2.14.0"",""device_name"":""Apple M1 Pro"",""seed"":1234,""git_commit"":""fd532446b10740da6a025ff593b3b290f44a5141"",""code_sha256"":""0176831a9269ba58"",""hostname"":""Kims-MacBook-Pro-16.local""}"
20260919_full,2026-09-19T15:49:22.412+07:00,matmul,cpu,Apple M1 Pro,matmul,,,,float32,measure,88,1.0409999995317776,2062.9045619268954,GFLOPS,334.4375,process_rss (snapshot after work; includes Python/torch baseline),,,ok,,,"{""matrix_size"": 1024, ""matmuls_per_sec"": 960.6147938998861, ""flops_per_matmul"": 2147483648.0, ""rel_err_vs_cpu_fp32"": null, ""reduced_for_time_budget"": false}","{""torch"":""2.14.0"",""device_name"":""Apple M1 Pro"",""seed"":1234,""git_commit"":""fd532446b10740da6a025ff593b3b290f44a5141"",""code_sha256"":""0176831a9269ba58"",""hostname"":""Kims-MacBook-Pro-16.local""}"
20260919_full,2026-09-19T15:49:22.412+07:00,matmul,cpu,Apple M1 Pro,matmul,,,,float32,measure,89,1.0880410009121988,1973.7157388366604,GFLOPS,334.4375,process_rss (snapshot after work; includes Python/torch baseline),,,ok,,,"{""matrix_size"": 1024, ""matmuls_per_sec"": 919.083011726225, ""flops_per_matmul"": 2147483648.0, ""rel_err_vs_cpu_fp32"": null, ""reduced_for_time_budget"": false}","{""torch"":""2.14.0"",""device_name"":""Apple M1 Pro"",""seed"":1234,""git_commit"":""fd532446b10740da6a025ff593b3b290f44a5141"",""code_sha256"":""0176831a9269ba58"",""hostname"":""Kims-MacBook-Pro-16.local""}"
20260919_full,2026-09-19T15:49:22.412+07:00,matmul,cpu,Apple M1 Pro,matmul,,,,float32,measure,90,1.0182499972870573,2108.9945040231582,GFLOPS,334.4375,process_rss (snapshot after work; includes Python/torch baseline),,,ok,,,"{""matrix_size"": 1024, ""matmuls_per_sec"": 982.077095668371, ""flops_per_matmul"": 2147483648.0, ""rel_err_vs_cpu_fp32"": null, ""reduced_for_time_budget"": false}","{""torch"":""2.14.0"",""device_name"":""Apple M1 Pro"",""seed"":1234,""git_commit"":""fd532446b10740da6a025ff593b3b290f44a5141"",""code_sha256"":""0176831a9269ba58"",""hostname"":""Kims-MacBook-Pro-16.local""}"
20260919_full,2026-09-19T15:49:22.412+07:00,matmul,cpu,Apple M1 Pro,matmul,,,,float32,measure,91,1.0384170018369332,2068.035908696753,GFLOPS,334.4375,process_rss (snapshot after work; includes Python/torch baseline),,,ok,,,"{""matrix_size"": 1024, ""matmuls_per_sec"": 963.0042634423603, ""flops_per_matmul"": 2147483648.0, ""rel_err_vs_cpu_fp32"": null, ""reduced_for_time_budget"": false}","{""torch"":""2.14.0"",""device_name"":""Apple M1 Pro"",""seed"":1234,""git_commit"":""fd532446b10740da6a025ff593b3b290f44a5141"",""code_sha256"":""0176831a9269ba58"",""hostname"":""Kims-MacBook-Pro-16.local""}"
20260919_full,2026-09-19T15:49:22.412+07:00,matmul,cpu,Apple M1 Pro,matmul,,,,float32,measure,92,1.024208999297116,2096.7240567830922,GFLOPS,334.4375,process_rss (snapshot after work; includes Python/torch baseline),,,ok,,,"{""matrix_size"": 1024, ""matmuls_per_sec"": 976.36322341072, ""flops_per_matmul"": 2147483648.0, ""rel_err_vs_cpu_fp32"": null, ""reduced_for_time_budget"": false}","{""torch"":""2.14.0"",""device_name"":""Apple M1 Pro"",""seed"":1234,""git_commit"":""fd532446b10740da6a025ff593b3b290f44a5141"",""code_sha256"":""0176831a9269ba58"",""hostname"":""Kims-MacBook-Pro-16.local""}"
20260919_full,2026-09-19T15:49:22.412+07:00,matmul,cpu,Apple M1 Pro,matmul,,,,float32,measure,93,0.9752920013852417,2201.887890959685,GFLOPS,334.4375,process_rss (snapshot after work; includes Python/torch baseline),,,ok,,,"{""matrix_size"": 1024, ""matmuls_per_sec"": 1025.33394981161, ""flops_per_matmul"": 2147483648.0, ""rel_err_vs_cpu_fp32"": null, ""reduced_for_time_budget"": false}","{""torch"":""2.14.0"",""device_name"":""Apple M1 Pro"",""seed"":1234,""git_commit"":""fd532446b10740da6a025ff593b3b290f44a5141"",""code_sha256"":""0176831a9269ba58"",""hostname"":""Kims-MacBook-Pro-16.local""}"
20260919_full,2026-09-19T15:49:22.412+07:00,matmul,cpu,Apple M1 Pro,matmul,,,,float32,measure,94,1.3352500027394854,1608.3008002951385,GFLOPS,334.4375,process_rss (snapshot after work; includes Python/torch baseline),,,ok,,,"{""matrix_size"": 1024, ""matmuls_per_sec"": 748.9234210435014, ""flops_per_matmul"": 2147483648.0, ""rel_err_vs_cpu_fp32"": null, ""reduced_for_time_budget"": false}","{""torch"":""2.14.0"",""device_name"":""Apple M1 Pro"",""seed"":1234,""git_commit"":""fd532446b10740da6a025ff593b3b290f44a5141"",""code_sha256"":""0176831a9269ba58"",""hostname"":""Kims-MacBook-Pro-16.local""}"
20260919_full,2026-09-19T15:49:22.412+07:00,matmul,cpu,Apple M1 Pro,matmul,,,,float32,measure,95,1.0319590001017787,2080.9776820476404,GFLOPS,334.4375,process_rss (snapshot after work; includes Python/torch baseline),,,ok,,,"{""matrix_size"": 1024, ""matmuls_per_sec"": 969.0307462809795, ""flops_per_matmul"": 2147483648.0, ""rel_err_vs_cpu_fp32"": null, ""reduced_for_time_budget"": false}","{""torch"":""2.14.0"",""device_name"":""Apple M1 Pro"",""seed"":1234,""git_commit"":""fd532446b10740da6a025ff593b3b290f44a5141"",""code_sha256"":""0176831a9269ba58"",""hostname"":""Kims-MacBook-Pro-16.local""}"
20260919_full,2026-09-19T15:49:22.412+07:00,matmul,cpu,Apple M1 Pro,matmul,,,,float32,measure,96,1.3558749997173436,1583.8360088117868,GFLOPS,334.4375,process_rss (snapshot after work; includes Python/torch baseline),,,ok,,,"{""matrix_size"": 1024, ""matmuls_per_sec"": 737.5311147476485, ""flops_per_matmul"": 2147483648.0, ""rel_err_vs_cpu_fp32"": null, ""reduced_for_time_budget"": false}","{""torch"":""2.14.0"",""device_name"":""Apple M1 Pro"",""seed"":1234,""git_commit"":""fd532446b10740da6a025ff593b3b290f44a5141"",""code_sha256"":""0176831a9269ba58"",""hostname"":""Kims-MacBook-Pro-16.local""}"
20260919_full,2026-09-19T15:49:22.412+07:00,matmul,cpu,Apple M1 Pro,matmul,,,,float32,measure,97,1.1153750019730069,1925.346761583573,GFLOPS,334.4375,process_rss (snapshot after work; includes Python/torch baseline),,,ok,,,"{""matrix_size"": 1024, ""matmuls_per_sec"": 896.5594515127935, ""flops_per_matmul"": 2147483648.0, ""rel_err_vs_cpu_fp32"": null, ""reduced_for_time_budget"": false}","{""torch"":""2.14.0"",""device_name"":""Apple M1 Pro"",""seed"":1234,""git_commit"":""fd532446b10740da6a025ff593b3b290f44a5141"",""code_sha256"":""0176831a9269ba58"",""hostname"":""Kims-MacBook-Pro-16.local""}"
20260919_full,2026-09-19T15:49:22.412+07:00,matmul,cpu,Apple M1 Pro,matmul,,,,float32,measure,98,1.1608329987211619,1849.950553064728,GFLOPS,334.4375,process_rss (snapshot after work; includes Python/torch baseline),,,ok,,,"{""matrix_size"": 1024, ""matmuls_per_sec"": 861.4503559957855, ""flops_per_matmul"": 2147483648.0, ""rel_err_vs_cpu_fp32"": null, ""reduced_for_time_budget"": false}","{""torch"":""2.14.0"",""device_name"":""Apple M1 Pro"",""seed"":1234,""git_commit"":""fd532446b10740da6a025ff593b3b290f44a5141"",""code_sha256"":""0176831a9269ba58"",""hostname"":""Kims-MacBook-Pro-16.local""}"
20260919_full,2026-09-19T15:49:22.412+07:00,matmul,cpu,Apple M1 Pro,matmul,,,,float32,measure,99,1.1534170007507782,1861.8449759299258,GFLOPS,334.4375,process_rss (snapshot after work; includes Python/torch baseline),,,ok,,,"{""matrix_size"": 1024, ""matmuls_per_sec"": 866.989128258976, ""flops_per_matmul"": 2147483648.0, ""rel_err_vs_cpu_fp32"": null, ""reduced_for_time_budget"": false}","{""torch"":""2.14.0"",""device_name"":""Apple M1 Pro"",""seed"":1234,""git_commit"":""fd532446b10740da6a025ff593b3b290f44a5141"",""code_sha256"":""0176831a9269ba58"",""hostname"":""Kims-MacBook-Pro-16.local""}"
20260919_full,2026-09-19T15:49:23.208+07:00,matmul,cpu,Apple M1 Pro,matmul,,,,float32,warmup,0,12.494375001551816,1375.0082882790246,GFLOPS,394.578125,process_rss (snapshot after work; includes Python/torch baseline),,,ok,,,"{""matrix_size"": 2048, ""matmuls_per_sec"": 80.03601619735271, ""flops_per_matmul"": 17179869184.0, ""rel_err_vs_cpu_fp32"": null, ""reduced_for_time_budget"": false}","{""torch"":""2.14.0"",""device_name"":""Apple M1 Pro"",""seed"":1234,""git_commit"":""fd532446b10740da6a025ff593b3b290f44a5141"",""code_sha256"":""0176831a9269ba58"",""hostname"":""Kims-MacBook-Pro-16.local""}"
20260919_full,2026-09-19T15:49:23.208+07:00,matmul,cpu,Apple M1 Pro,matmul,,,,float32,warmup,1,10.240999999950873,1677.557776006485,GFLOPS,394.578125,process_rss (snapshot after work; includes Python/torch baseline),,,ok,,,"{""matrix_size"": 2048, ""matmuls_per_sec"": 97.646714188536, ""flops_per_matmul"": 17179869184.0, ""rel_err_vs_cpu_fp32"": null, ""reduced_for_time_budget"": false}","{""torch"":""2.14.0"",""device_name"":""Apple M1 Pro"",""seed"":1234,""git_commit"":""fd532446b10740da6a025ff593b3b290f44a5141"",""code_sha256"":""0176831a9269ba58"",""hostname"":""Kims-MacBook-Pro-16.local""}"
20260919_full,2026-09-19T15:49:23.208+07:00,matmul,cpu,Apple M1 Pro,matmul,,,,float32,warmup,2,10.379707997344667,1655.139931527452,GFLOPS,394.578125,process_rss (snapshot after work; includes Python/torch baseline),,,ok,,,"{""matrix_size"": 2048, ""matmuls_per_sec"": 96.3418238986896, ""flops_per_matmul"": 17179869184.0, ""rel_err_vs_cpu_fp32"": null, ""reduced_for_time_budget"": false}","{""torch"":""2.14.0"",""device_name"":""Apple M1 Pro"",""seed"":1234,""git_commit"":""fd532446b10740da6a025ff593b3b290f44a5141"",""code_sha256"":""0176831a9269ba58"",""hostname"":""Kims-MacBook-Pro-16.local""}"
20260919_full,2026-09-19T15:49:23.208+07:00,matmul,cpu,Apple M1 Pro,matmul,,,,float32,warmup,3,10.363666999182897,1657.7017753807136,GFLOPS,394.578125,process_rss (snapshot after work; includes Python/torch baseline),,,ok,,,"{""matrix_size"": 2048, ""matmuls_per_sec"": 96.49094283701349, ""flops_per_matmul"": 17179869184.0, ""rel_err_vs_cpu_fp32"": null, ""reduced_for_time_budget"": false}","{""torch"":""2.14.0"",""device_name"":""Apple M1 Pro"",""seed"":1234,""git_commit"":""fd532446b10740da6a025ff593b3b290f44a5141"",""code_sha256"":""0176831a9269ba58"",""hostname"":""Kims-MacBook-Pro-16.local""}"
20260919_full,2026-09-19T15:49:23.208+07:00,matmul,cpu,Apple M1 Pro,matmul,,,,float32,warmup,4,10.387875001470093,1653.83865146324,GFLOPS,394.578125,process_rss (snapshot after work; includes Python/torch baseline),,,ok,,,"{""matrix_size"": 2048, ""matmuls_per_sec"": 96.26607942995848, ""flops_per_matmul"": 17179869184.0, ""rel_err_vs_cpu_fp32"": null, ""reduced_for_time_budget"": false}","{""torch"":""2.14.0"",""device_name"":""Apple M1 Pro"",""seed"":1234,""git_commit"":""fd532446b10740da6a025ff593b3b290f44a5141"",""code_sha256"":""0176831a9269ba58"",""hostname"":""Kims-MacBook-Pro-16.local""}"
20260919_full,2026-09-19T15:49:23.208+07:00,matmul,cpu,Apple M1 Pro,matmul,,,,float32,warmup,5,10.816166002769023,1588.3511014533078,GFLOPS,394.578125,process_rss (snapshot after work; includes Python/torch baseline),,,ok,,,"{""matrix_size"": 2048, ""matmuls_per_sec"": 92.45420232492661, ""flops_per_matmul"": 17179869184.0, ""rel_err_vs_cpu_fp32"": null, ""reduced_for_time_budget"": false}","{""torch"":""2.14.0"",""device_name"":""Apple M1 Pro"",""seed"":1234,""git_commit"":""fd532446b10740da6a025ff593b3b290f44a5141"",""code_sha256"":""0176831a9269ba58"",""hostname"":""Kims-MacBook-Pro-16.local""}"
20260919_full,2026-09-19T15:49:23.208+07:00,matmul,cpu,Apple M1 Pro,matmul,,,,float32,warmup,6,10.55729199651978,1627.2988555837385,GFLOPS,394.578125,process_rss (snapshot after work; includes Python/torch baseline),,,ok,,,"{""matrix_size"": 2048, ""matmuls_per_sec"": 94.72125999069182, ""flops_per_matmul"": 17179869184.0, ""rel_err_vs_cpu_fp32"": null, ""reduced_for_time_budget"": false}","{""torch"":""2.14.0"",""device_name"":""Apple M1 Pro"",""seed"":1234,""git_commit"":""fd532446b10740da6a025ff593b3b290f44a5141"",""code_sha256"":""0176831a9269ba58"",""hostname"":""Kims-MacBook-Pro-16.local""}"
20260919_full,2026-09-19T15:49:23.208+07:00,matmul,cpu,Apple M1 Pro,matmul,,,,float32,warmup,7,10.548499998549232,1628.6551819085937,GFLOPS,394.578125,process_rss (snapshot after work; includes Python/torch baseline),,,ok,,,"{""matrix_size"": 2048, ""matmuls_per_sec"": 94.800208573497, ""flops_per_matmul"": 17179869184.0, ""rel_err_vs_cpu_fp32"": null, ""reduced_for_time_budget"": false}","{""torch"":""2.14.0"",""device_name"":""Apple M1 Pro"",""seed"":1234,""git_commit"":""fd532446b10740da6a025ff593b3b290f44a5141"",""code_sha256"":""0176831a9269ba58"",""hostname"":""Kims-MacBook-Pro-16.local""}"
20260919_full,2026-09-19T15:49:23.208+07:00,matmul,cpu,Apple M1 Pro,matmul,,,,float32,warmup,8,10.64037499963888,1614.5924541741304,GFLOPS,394.578125,process_rss (snapshot after work; includes Python/torch baseline),,,ok,,,"{""matrix_size"": 2048, ""matmuls_per_sec"": 93.98165008601094, ""flops_per_matmul"": 17179869184.0, ""rel_err_vs_cpu_fp32"": null, ""reduced_for_time_budget"": false}","{""torch"":""2.14.0"",""device_name"":""Apple M1 Pro"",""seed"":1234,""git_commit"":""fd532446b10740da6a025ff593b3b290f44a5141"",""code_sha256"":""0176831a9269ba58"",""hostname"":""Kims-MacBook-Pro-16.local""}"
20260919_full,2026-09-19T15:49:23.208+07:00,matmul,cpu,Apple M1 Pro,matmul,,,,float32,warmup,9,10.277124998538056,1671.661012826435,GFLOPS,394.578125,process_rss (snapshot after work; includes Python/torch baseline),,,ok,,,"{""matrix_size"": 2048, ""matmuls_per_sec"": 97.30347739686461, ""flops_per_matmul"": 17179869184.0, ""rel_err_vs_cpu_fp32"": null, ""reduced_for_time_budget"": false}","{""torch"":""2.14.0"",""device_name"":""Apple M1 Pro"",""seed"":1234,""git_commit"":""fd532446b10740da6a025ff593b3b290f44a5141"",""code_sha256"":""0176831a9269ba58"",""hostname"":""Kims-MacBook-Pro-16.local""}"
20260919_full,2026-09-19T15:49:23.208+07:00,matmul,cpu,Apple M1 Pro,matmul,,,,float32,measure,0,10.162916998524452,1690.4466686576636,GFLOPS,394.578125,process_rss (snapshot after work; includes Python/torch baseline),,,ok,,,"{""matrix_size"": 2048, ""matmuls_per_sec"": 98.39694648152587, ""flops_per_matmul"": 17179869184.0, ""rel_err_vs_cpu_fp32"": null, ""reduced_for_time_budget"": false}","{""torch"":""2.14.0"",""device_name"":""Apple M1 Pro"",""seed"":1234,""git_commit"":""fd532446b10740da6a025ff593b3b290f44a5141"",""code_sha256"":""0176831a9269ba58"",""hostname"":""Kims-MacBook-Pro-16.local""}"
20260919_full,2026-09-19T15:49:23.208+07:00,matmul,cpu,Apple M1 Pro,matmul,,,,float32,measure,1,10.52187499954016,1632.7764000951177,GFLOPS,394.578125,process_rss (snapshot after work; includes Python/torch baseline),,,ok,,,"{""matrix_size"": 2048, ""matmuls_per_sec"": 95.0400950442486, ""flops_per_matmul"": 17179869184.0, ""rel_err_vs_cpu_fp32"": null, ""reduced_for_time_budget"": false}","{""torch"":""2.14.0"",""device_name"":""Apple M1 Pro"",""seed"":1234,""git_commit"":""fd532446b10740da6a025ff593b3b290f44a5141"",""code_sha256"":""0176831a9269ba58"",""hostname"":""Kims-MacBook-Pro-16.local""}"
20260919_full,2026-09-19T15:49:23.208+07:00,matmul,cpu,Apple M1 Pro,matmul,,,,float32,measure,2,10.297583001374733,1668.3399572216586,GFLOPS,394.578125,process_rss (snapshot after work; includes Python/torch baseline),,,ok,,,"{""matrix_size"": 2048, ""matmuls_per_sec"": 97.11016651834701, ""flops_per_matmul"": 17179869184.0, ""rel_err_vs_cpu_fp32"": null, ""reduced_for_time_budget"": false}","{""torch"":""2.14.0"",""device_name"":""Apple M1 Pro"",""seed"":1234,""git_commit"":""fd532446b10740da6a025ff593b3b290f44a5141"",""code_sha256"":""0176831a9269ba58"",""hostname"":""Kims-MacBook-Pro-16.local""}"
20260919_full,2026-09-19T15:49:23.208+07:00,matmul,cpu,Apple M1 Pro,matmul,,,,float32,measure,3,10.181749999901513,1687.3198796048007,GFLOPS,394.578125,process_rss (snapshot after work; includes Python/torch baseline),,,ok,,,"{""matrix_size"": 2048, ""matmuls_per_sec"": 98.2149434045889, ""flops_per_matmul"": 17179869184.0, ""rel_err_vs_cpu_fp32"": null, ""reduced_for_time_budget"": false}","{""torch"":""2.14.0"",""device_name"":""Apple M1 Pro"",""seed"":1234,""git_commit"":""fd532446b10740da6a025ff593b3b290f44a5141"",""code_sha256"":""0176831a9269ba58"",""hostname"":""Kims-MacBook-Pro-16.local""}"
20260919_full,2026-09-19T15:49:23.209+07:00,matmul,cpu,Apple M1 Pro,matmul,,,,float32,measure,4,10.30854099735734,1666.5665091116355,GFLOPS,394.578125,process_rss (snapshot after work; includes Python/torch baseline),,,ok,,,"{""matrix_size"": 2048, ""matmuls_per_sec"": 97.00693825211117, ""flops_per_matmul"": 17179869184.0, ""rel_err_vs_cpu_fp32"": null, ""reduced_for_time_budget"": false}","{""torch"":""2.14.0"",""device_name"":""Apple M1 Pro"",""seed"":1234,""git_commit"":""fd532446b10740da6a025ff593b3b290f44a5141"",""code_sha256"":""0176831a9269ba58"",""hostname"":""Kims-MacBook-Pro-16.local""}"
20260919_full,2026-09-19T15:49:23.209+07:00,matmul,cpu,Apple M1 Pro,matmul,,,,float32,measure,5,11.104167002486065,1547.1551517690316,GFLOPS,394.578125,process_rss (snapshot after work; includes Python/torch baseline),,,ok,,,"{""matrix_size"": 2048, ""matmuls_per_sec"": 90.05628245469599, ""flops_per_matmul"": 17179869184.0, ""rel_err_vs_cpu_fp32"": null, ""reduced_for_time_budget"": false}","{""torch"":""2.14.0"",""device_name"":""Apple M1 Pro"",""seed"":1234,""git_commit"":""fd532446b10740da6a025ff593b3b290f44a5141"",""code_sha256"":""0176831a9269ba58"",""hostname"":""Kims-MacBook-Pro-16.local""}"
20260919_full,2026-09-19T15:49:23.209+07:00,matmul,cpu,Apple M1 Pro,matmul,,,,float32,measure,6,11.617084001045441,1478.8452233326327,GFLOPS,394.578125,process_rss (snapshot after work; includes Python/torch baseline),,,ok,,,"{""matrix_size"": 2048, ""matmuls_per_sec"": 86.08012130324687, ""flops_per_matmul"": 17179869184.0, ""rel_err_vs_cpu_fp32"": null, ""reduced_for_time_budget"": false}","{""torch"":""2.14.0"",""device_name"":""Apple M1 Pro"",""seed"":1234,""git_commit"":""fd532446b10740da6a025ff593b3b290f44a5141"",""code_sha256"":""0176831a9269ba58"",""hostname"":""Kims-MacBook-Pro-16.local""}"
20260919_full,2026-09-19T15:49:23.209+07:00,matmul,cpu,Apple M1 Pro,matmul,,,,float32,measure,7,10.842833999049617,1584.4445451720305,GFLOPS,394.578125,process_rss (snapshot after work; includes Python/torch baseline),,,ok,,,"{""matrix_size"": 2048, ""matmuls_per_sec"": 92.22681082156664, ""flops_per_matmul"": 17179869184.0, ""rel_err_vs_cpu_fp32"": null, ""reduced_for_time_budget"": false}","{""torch"":""2.14.0"",""device_name"":""Apple M1 Pro"",""seed"":1234,""git_commit"":""fd532446b10740da6a025ff593b3b290f44a5141"",""code_sha256"":""0176831a9269ba58"",""hostname"":""Kims-MacBook-Pro-16.local""}"
20260919_full,2026-09-19T15:49:23.209+07:00,matmul,cpu,Apple M1 Pro,matmul,,,,float32,measure,8,11.03500000317581,1556.8526668831655,GFLOPS,394.578125,process_rss (snapshot after work; includes Python/torch baseline),,,ok,,,"{""matrix_size"": 2048, ""matmuls_per_sec"": 90.62075212616273, ""flops_per_matmul"": 17179869184.0, ""rel_err_vs_cpu_fp32"": null, ""reduced_for_time_budget"": false}","{""torch"":""2.14.0"",""device_name"":""Apple M1 Pro"",""seed"":1234,""git_commit"":""fd532446b10740da6a025ff593b3b290f44a5141"",""code_sha256"":""0176831a9269ba58"",""hostname"":""Kims-MacBook-Pro-16.local""}"
20260919_full,2026-09-19T15:49:23.209+07:00,matmul,cpu,Apple M1 Pro,matmul,,,,float32,measure,9,10.453541999595473,1643.4495776326166,GFLOPS,394.578125,process_rss (snapshot after work; includes Python/torch baseline),,,ok,,,"{""matrix_size"": 2048, ""matmuls_per_sec"": 95.66135574322058, ""flops_per_matmul"": 17179869184.0, ""rel_err_vs_cpu_fp32"": null, ""reduced_for_time_budget"": false}","{""torch"":""2.14.0"",""device_name"":""Apple M1 Pro"",""seed"":1234,""git_commit"":""fd532446b10740da6a025ff593b3b290f44a5141"",""code_sha256"":""0176831a9269ba58"",""hostname"":""Kims-MacBook-Pro-16.local""}"
20260919_full,2026-09-19T15:49:23.209+07:00,matmul,cpu,Apple M1 Pro,matmul,,,,float32,measure,10,10.325916002329905,1663.7622444462645,GFLOPS,394.578125,process_rss (snapshot after work; includes Python/torch baseline),,,ok,,,"{""matrix_size"": 2048, ""matmuls_per_sec"": 96.84370856535763, ""flops_per_matmul"": 17179869184.0, ""rel_err_vs_cpu_fp32"": null, ""reduced_for_time_budget"": false}","{""torch"":""2.14.0"",""device_name"":""Apple M1 Pro"",""seed"":1234,""git_commit"":""fd532446b10740da6a025ff593b3b290f44a5141"",""code_sha256"":""0176831a9269ba58"",""hostname"":""Kims-MacBook-Pro-16.local""}"
20260919_full,2026-09-19T15:49:23.209+07:00,matmul,cpu,Apple M1 Pro,matmul,,,,float32,measure,11,10.069957999803592,1706.0517217981528,GFLOPS,394.578125,process_rss (snapshot after work; includes Python/torch baseline),,,ok,,,"{""matrix_size"": 2048, ""matmuls_per_sec"": 99.30528012326411, ""flops_per_matmul"": 17179869184.0, ""rel_err_vs_cpu_fp32"": null, ""reduced_for_time_budget"": false}","{""torch"":""2.14.0"",""device_name"":""Apple M1 Pro"",""seed"":1234,""git_commit"":""fd532446b10740da6a025ff593b3b290f44a5141"",""code_sha256"":""0176831a9269ba58"",""hostname"":""Kims-MacBook-Pro-16.local""}"
20260919_full,2026-09-19T15:49:23.209+07:00,matmul,cpu,Apple M1 Pro,matmul,,,,float32,measure,12,10.36158299757517,1658.0351851662488,GFLOPS,394.578125,process_rss (snapshot after work; includes Python/torch baseline),,,ok,,,"{""matrix_size"": 2048, ""matmuls_per_sec"": 96.51034984075515, ""flops_per_matmul"": 17179869184.0, ""rel_err_vs_cpu_fp32"": null, ""reduced_for_time_budget"": false}","{""torch"":""2.14.0"",""device_name"":""Apple M1 Pro"",""seed"":1234,""git_commit"":""fd532446b10740da6a025ff593b3b290f44a5141"",""code_sha256"":""0176831a9269ba58"",""hostname"":""Kims-MacBook-Pro-16.local""}"
20260919_full,2026-09-19T15:49:23.209+07:00,matmul,cpu,Apple M1 Pro,matmul,,,,float32,measure,13,10.866709002584685,1580.9633974659403,GFLOPS,394.578125,process_rss (snapshot after work; includes Python/torch baseline),,,ok,,,"{""matrix_size"": 2048, ""matmuls_per_sec"": 92.02418135630084, ""flops_per_matmul"": 17179869184.0, ""rel_err_vs_cpu_fp32"": null, ""reduced_for_time_budget"": false}","{""torch"":""2.14.0"",""device_name"":""Apple M1 Pro"",""seed"":1234,""git_commit"":""fd532446b10740da6a025ff593b3b290f44a5141"",""code_sha256"":""0176831a9269ba58"",""hostname"":""Kims-MacBook-Pro-16.local""}"
20260919_full,2026-09-19T15:49:23.209+07:00,matmul,cpu,Apple M1 Pro,matmul,,,,float32,measure,14,10.295084000972565,1668.7449254787077,GFLOPS,394.578125,process_rss (snapshot after work; includes Python/torch baseline),,,ok,,,"{""matrix_size"": 2048, ""matmuls_per_sec"": 97.13373877333406, ""flops_per_matmul"": 17179869184.0, ""rel_err_vs_cpu_fp32"": null, ""reduced_for_time_budget"": false}","{""torch"":""2.14.0"",""device_name"":""Apple M1 Pro"",""seed"":1234,""git_commit"":""fd532446b10740da6a025ff593b3b290f44a5141"",""code_sha256"":""0176831a9269ba58"",""hostname"":""Kims-MacBook-Pro-16.local""}"
20260919_full,2026-09-19T15:49:23.209+07:00,matmul,cpu,Apple M1 Pro,matmul,,,,float32,measure,15,10.298541998054134,1668.1846019801699,GFLOPS,394.578125,process_rss (snapshot after work; includes Python/torch baseline),,,ok,,,"{""matrix_size"": 2048, ""matmuls_per_sec"": 97.10112365312932, ""flops_per_matmul"": 17179869184.0, ""rel_err_vs_cpu_fp32"": null, ""reduced_for_time_budget"": false}","{""torch"":""2.14.0"",""device_name"":""Apple M1 Pro"",""seed"":1234,""git_commit"":""fd532446b10740da6a025ff593b3b290f44a5141"",""code_sha256"":""0176831a9269ba58"",""hostname"":""Kims-MacBook-Pro-16.local""}"
20260919_full,2026-09-19T15:49:23.209+07:00,matmul,cpu,Apple M1 Pro,matmul,,,,float32,measure,16,11.125832999823615,1544.142284381975,GFLOPS,394.578125,process_rss (snapshot after work; includes Python/torch baseline),,,ok,,,"{""matrix_size"": 2048, ""matmuls_per_sec"": 89.88091049145297, ""flops_per_matmul"": 17179869184.0, ""rel_err_vs_cpu_fp32"": null, ""reduced_for_time_budget"": false}","{""torch"":""2.14.0"",""device_name"":""Apple M1 Pro"",""seed"":1234,""git_commit"":""fd532446b10740da6a025ff593b3b290f44a5141"",""code_sha256"":""0176831a9269ba58"",""hostname"":""Kims-MacBook-Pro-16.local""}"
20260919_full,2026-09-19T15:49:23.209+07:00,matmul,cpu,Apple M1 Pro,matmul,,,,float32,measure,17,11.00695900095161,1560.8188585525493,GFLOPS,394.578125,process_rss (snapshot after work; includes Python/torch baseline),,,ok,,,"{""matrix_size"": 2048, ""matmuls_per_sec"": 90.85161486597204, ""flops_per_matmul"": 17179869184.0, ""rel_err_vs_cpu_fp32"": null, ""reduced_for_time_budget"": false}","{""torch"":""2.14.0"",""device_name"":""Apple M1 Pro"",""seed"":1234,""git_commit"":""fd532446b10740da6a025ff593b3b290f44a5141"",""code_sha256"":""0176831a9269ba58"",""hostname"":""Kims-MacBook-Pro-16.local""}"
20260919_full,2026-09-19T15:49:23.209+07:00,matmul,cpu,Apple M1 Pro,matmul,,,,float32,measure,18,10.33245899816393,1662.708672451819,GFLOPS,394.578125,process_rss (snapshot after work; includes Python/torch baseline),,,ok,,,"{""matrix_size"": 2048, ""matmuls_per_sec"": 96.78238260395703, ""flops_per_matmul"": 17179869184.0, ""rel_err_vs_cpu_fp32"": null, ""reduced_for_time_budget"": false}","{""torch"":""2.14.0"",""device_name"":""Apple M1 Pro"",""seed"":1234,""git_commit"":""fd532446b10740da6a025ff593b3b290f44a5141"",""code_sha256"":""0176831a9269ba58"",""hostname"":""Kims-MacBook-Pro-16.local""}"
20260919_full,2026-09-19T15:49:23.209+07:00,matmul,cpu,Apple M1 Pro,matmul,,,,float32,measure,19,10.164291998080444,1690.2179893340794,GFLOPS,394.578125,process_rss (snapshot after work; includes Python/torch baseline),,,ok,,,"{""matrix_size"": 2048, ""matmuls_per_sec"": 98.38363559300076, ""flops_per_matmul"": 17179869184.0, ""rel_err_vs_cpu_fp32"": null, ""reduced_for_time_budget"": false}","{""torch"":""2.14.0"",""device_name"":""Apple M1 Pro"",""seed"":1234,""git_commit"":""fd532446b10740da6a025ff593b3b290f44a5141"",""code_sha256"":""0176831a9269ba58"",""hostname"":""Kims-MacBook-Pro-16.local""}"
20260919_full,2026-09-19T15:49:23.209+07:00,matmul,cpu,Apple M1 Pro,matmul,,,,float32,measure,20,10.769082997285295,1595.2954572205224,GFLOPS,394.578125,process_rss (snapshot after work; includes Python/torch baseline),,,ok,,,"{""matrix_size"": 2048, ""matmuls_per_sec"": 92.85841703068712, ""flops_per_matmul"": 17179869184.0, ""rel_err_vs_cpu_fp32"": null, ""reduced_for_time_budget"": false}","{""torch"":""2.14.0"",""device_name"":""Apple M1 Pro"",""seed"":1234,""git_commit"":""fd532446b10740da6a025ff593b3b290f44a5141"",""code_sha256"":""0176831a9269ba58"",""hostname"":""Kims-MacBook-Pro-16.local""}"
20260919_full,2026-09-19T15:49:23.209+07:00,matmul,cpu,Apple M1 Pro,matmul,,,,float32,measure,21,10.37062499744934,1656.5895679600212,GFLOPS,394.578125,process_rss (snapshot after work; includes Python/torch baseline),,,ok,,,"{""matrix_size"": 2048, ""matmuls_per_sec"": 96.42620384460439, ""flops_per_matmul"": 17179869184.0, ""rel_err_vs_cpu_fp32"": null, ""reduced_for_time_budget"": false}","{""torch"":""2.14.0"",""device_name"":""Apple M1 Pro"",""seed"":1234,""git_commit"":""fd532446b10740da6a025ff593b3b290f44a5141"",""code_sha256"":""0176831a9269ba58"",""hostname"":""Kims-MacBook-Pro-16.local""}"
20260919_full,2026-09-19T15:49:23.209+07:00,matmul,cpu,Apple M1 Pro,matmul,,,,float32,measure,22,10.263625001243781,1673.859789491343,GFLOPS,394.578125,process_rss (snapshot after work; includes Python/torch baseline),,,ok,,,"{""matrix_size"": 2048, ""matmuls_per_sec"": 97.43146304340003, ""flops_per_matmul"": 17179869184.0, ""rel_err_vs_cpu_fp32"": null, ""reduced_for_time_budget"": false}","{""torch"":""2.14.0"",""device_name"":""Apple M1 Pro"",""seed"":1234,""git_commit"":""fd532446b10740da6a025ff593b3b290f44a5141"",""code_sha256"":""0176831a9269ba58"",""hostname"":""Kims-MacBook-Pro-16.local""}"
20260919_full,2026-09-19T15:49:23.209+07:00,matmul,cpu,Apple M1 Pro,matmul,,,,float32,measure,23,10.202833997027483,1683.8330594230213,GFLOPS,394.578125,process_rss (snapshot after work; includes Python/torch baseline),,,ok,,,"{""matrix_size"": 2048, ""matmuls_per_sec"": 98.01198375778164, ""flops_per_matmul"": 17179869184.0, ""rel_err_vs_cpu_fp32"": null, ""reduced_for_time_budget"": false}","{""torch"":""2.14.0"",""device_name"":""Apple M1 Pro"",""seed"":1234,""git_commit"":""fd532446b10740da6a025ff593b3b290f44a5141"",""code_sha256"":""0176831a9269ba58"",""hostname"":""Kims-MacBook-Pro-16.local""}"
20260919_full,2026-09-19T15:49:23.209+07:00,matmul,cpu,Apple M1 Pro,matmul,,,,float32,measure,24,10.356834001868265,1658.7954563045937,GFLOPS,394.578125,process_rss (snapshot after work; includes Python/torch baseline),,,ok,,,"{""matrix_size"": 2048, ""matmuls_per_sec"": 96.55460344537823, ""flops_per_matmul"": 17179869184.0, ""rel_err_vs_cpu_fp32"": null, ""reduced_for_time_budget"": false}","{""torch"":""2.14.0"",""device_name"":""Apple M1 Pro"",""seed"":1234,""git_commit"":""fd532446b10740da6a025ff593b3b290f44a5141"",""code_sha256"":""0176831a9269ba58"",""hostname"":""Kims-MacBook-Pro-16.local""}"
20260919_full,2026-09-19T15:49:23.209+07:00,matmul,cpu,Apple M1 Pro,matmul,,,,float32,measure,25,10.50799999939045,1634.932354872152,GFLOPS,394.578125,process_rss (snapshot after work; includes Python/torch baseline),,,ok,,,"{""matrix_size"": 2048, ""matmuls_per_sec"": 95.16558812885499, ""flops_per_matmul"": 17179869184.0, ""rel_err_vs_cpu_fp32"": null, ""reduced_for_time_budget"": false}","{""torch"":""2.14.0"",""device_name"":""Apple M1 Pro"",""seed"":1234,""git_commit"":""fd532446b10740da6a025ff593b3b290f44a5141"",""code_sha256"":""0176831a9269ba58"",""hostname"":""Kims-MacBook-Pro-16.local""}"
20260919_full,2026-09-19T15:49:23.209+07:00,matmul,cpu,Apple M1 Pro,matmul,,,,float32,measure,26,10.272457999235485,1672.4204844915005,GFLOPS,394.578125,process_rss (snapshot after work; includes Python/torch baseline),,,ok,,,"{""matrix_size"": 2048, ""matmuls_per_sec"": 97.34768446601814, ""flops_per_matmul"": 17179869184.0, ""rel_err_vs_cpu_fp32"": null, ""reduced_for_time_budget"": false}","{""torch"":""2.14.0"",""device_name"":""Apple M1 Pro"",""seed"":1234,""git_commit"":""fd532446b10740da6a025ff593b3b290f44a5141"",""code_sha256"":""0176831a9269ba58"",""hostname"":""Kims-MacBook-Pro-16.local""}"
20260919_full,2026-09-19T15:49:23.209+07:00,matmul,cpu,Apple M1 Pro,matmul,,,,float32,measure,27,10.17070799935027,1689.151746869293,GFLOPS,394.578125,process_rss (snapshot after work; includes Python/torch baseline),,,ok,,,"{""matrix_size"": 2048, ""matmuls_per_sec"": 98.32157211315894, ""flops_per_matmul"": 17179869184.0, ""rel_err_vs_cpu_fp32"": null, ""reduced_for_time_budget"": false}","{""torch"":""2.14.0"",""device_name"":""Apple M1 Pro"",""seed"":1234,""git_commit"":""fd532446b10740da6a025ff593b3b290f44a5141"",""code_sha256"":""0176831a9269ba58"",""hostname"":""Kims-MacBook-Pro-16.local""}"
20260919_full,2026-09-19T15:49:23.209+07:00,matmul,cpu,Apple M1 Pro,matmul,,,,float32,measure,28,10.450290999870049,1643.960841302279,GFLOPS,394.578125,process_rss (snapshot after work; includes Python/torch baseline),,,ok,,,"{""matrix_size"": 2048, ""matmuls_per_sec"": 95.69111520554166, ""flops_per_matmul"": 17179869184.0, ""rel_err_vs_cpu_fp32"": null, ""reduced_for_time_budget"": false}","{""torch"":""2.14.0"",""device_name"":""Apple M1 Pro"",""seed"":1234,""git_commit"":""fd532446b10740da6a025ff593b3b290f44a5141"",""code_sha256"":""0176831a9269ba58"",""hostname"":""Kims-MacBook-Pro-16.local""}"
20260919_full,2026-09-19T15:49:23.209+07:00,matmul,cpu,Apple M1 Pro,matmul,,,,float32,measure,29,11.877875000209315,1446.3756508379868,GFLOPS,394.578125,process_rss (snapshot after work; includes Python/torch baseline),,,ok,,,"{""matrix_size"": 2048, ""matmuls_per_sec"": 84.19014343747327, ""flops_per_matmul"": 17179869184.0, ""rel_err_vs_cpu_fp32"": null, ""reduced_for_time_budget"": false}","{""torch"":""2.14.0"",""device_name"":""Apple M1 Pro"",""seed"":1234,""git_commit"":""fd532446b10740da6a025ff593b3b290f44a5141"",""code_sha256"":""0176831a9269ba58"",""hostname"":""Kims-MacBook-Pro-16.local""}"
20260919_full,2026-09-19T15:49:23.209+07:00,matmul,cpu,Apple M1 Pro,matmul,,,,float32,measure,30,11.47970799866016,1496.542349858126,GFLOPS,394.578125,process_rss (snapshot after work; includes Python/torch baseline),,,ok,,,"{""matrix_size"": 2048, ""matmuls_per_sec"": 87.1102296431855, ""flops_per_matmul"": 17179869184.0, ""rel_err_vs_cpu_fp32"": null, ""reduced_for_time_budget"": false}","{""torch"":""2.14.0"",""device_name"":""Apple M1 Pro"",""seed"":1234,""git_commit"":""fd532446b10740da6a025ff593b3b290f44a5141"",""code_sha256"":""0176831a9269ba58"",""hostname"":""Kims-MacBook-Pro-16.local""}"
20260919_full,2026-09-19T15:49:23.209+07:00,matmul,cpu,Apple M1 Pro,matmul,,,,float32,measure,31,10.537750000366941,1630.3166409719124,GFLOPS,394.578125,process_rss (snapshot after work; includes Python/torch baseline),,,ok,,,"{""matrix_size"": 2048, ""matmuls_per_sec"": 94.89691821927626, ""flops_per_matmul"": 17179869184.0, ""rel_err_vs_cpu_fp32"": null, ""reduced_for_time_budget"": false}","{""torch"":""2.14.0"",""device_name"":""Apple M1 Pro"",""seed"":1234,""git_commit"":""fd532446b10740da6a025ff593b3b290f44a5141"",""code_sha256"":""0176831a9269ba58"",""hostname"":""Kims-MacBook-Pro-16.local""}"
20260919_full,2026-09-19T15:49:23.209+07:00,matmul,cpu,Apple M1 Pro,matmul,,,,float32,measure,32,10.313541999494191,1665.7583965666263,GFLOPS,394.578125,process_rss (snapshot after work; includes Python/torch baseline),,,ok,,,"{""matrix_size"": 2048, ""matmuls_per_sec"": 96.95989991111135, ""flops_per_matmul"": 17179869184.0, ""rel_err_vs_cpu_fp32"": null, ""reduced_for_time_budget"": false}","{""torch"":""2.14.0"",""device_name"":""Apple M1 Pro"",""seed"":1234,""git_commit"":""fd532446b10740da6a025ff593b3b290f44a5141"",""code_sha256"":""0176831a9269ba58"",""hostname"":""Kims-MacBook-Pro-16.local""}"
20260919_full,2026-09-19T15:49:23.209+07:00,matmul,cpu,Apple M1 Pro,matmul,,,,float32,measure,33,10.220500000286847,1680.9225755606703,GFLOPS,394.578125,process_rss (snapshot after work; includes Python/torch baseline),,,ok,,,"{""matrix_size"": 2048, ""matmuls_per_sec"": 97.8425713000278, ""flops_per_matmul"": 17179869184.0, ""rel_err_vs_cpu_fp32"": null, ""reduced_for_time_budget"": false}","{""torch"":""2.14.0"",""device_name"":""Apple M1 Pro"",""seed"":1234,""git_commit"":""fd532446b10740da6a025ff593b3b290f44a5141"",""code_sha256"":""0176831a9269ba58"",""hostname"":""Kims-MacBook-Pro-16.local""}"
20260919_full,2026-09-19T15:49:23.209+07:00,matmul,cpu,Apple M1 Pro,matmul,,,,float32,measure,34,10.687750000215601,1607.4355391596393,GFLOPS,394.578125,process_rss (snapshot after work; includes Python/torch baseline),,,ok,,,"{""matrix_size"": 2048, ""matmuls_per_sec"": 93.56506280366095, ""flops_per_matmul"": 17179869184.0, ""rel_err_vs_cpu_fp32"": null, ""reduced_for_time_budget"": false}","{""torch"":""2.14.0"",""device_name"":""Apple M1 Pro"",""seed"":1234,""git_commit"":""fd532446b10740da6a025ff593b3b290f44a5141"",""code_sha256"":""0176831a9269ba58"",""hostname"":""Kims-MacBook-Pro-16.local""}"
20260919_full,2026-09-19T15:49:23.209+07:00,matmul,cpu,Apple M1 Pro,matmul,,,,float32,measure,35,11.828333997982554,1452.433553781133,GFLOPS,394.578125,process_rss (snapshot after work; includes Python/torch baseline),,,ok,,,"{""matrix_size"": 2048, ""matmuls_per_sec"": 84.54275979783462, ""flops_per_matmul"": 17179869184.0, ""rel_err_vs_cpu_fp32"": null, ""reduced_for_time_budget"": false}","{""torch"":""2.14.0"",""device_name"":""Apple M1 Pro"",""seed"":1234,""git_commit"":""fd532446b10740da6a025ff593b3b290f44a5141"",""code_sha256"":""0176831a9269ba58"",""hostname"":""Kims-MacBook-Pro-16.local""}"
20260919_full,2026-09-19T15:49:23.209+07:00,matmul,cpu,Apple M1 Pro,matmul,,,,float32,measure,36,11.762834001274314,1460.5212640201194,GFLOPS,394.578125,process_rss (snapshot after work; includes Python/torch baseline),,,ok,,,"{""matrix_size"": 2048, ""matmuls_per_sec"": 85.01352649299191, ""flops_per_matmul"": 17179869184.0, ""rel_err_vs_cpu_fp32"": null, ""reduced_for_time_budget"": false}","{""torch"":""2.14.0"",""device_name"":""Apple M1 Pro"",""seed"":1234,""git_commit"":""fd532446b10740da6a025ff593b3b290f44a5141"",""code_sha256"":""0176831a9269ba58"",""hostname"":""Kims-MacBook-Pro-16.local""}"
20260919_full,2026-09-19T15:49:23.209+07:00,matmul,cpu,Apple M1 Pro,matmul,,,,float32,measure,37,12.280582999665057,1398.9457328262483,GFLOPS,394.578125,process_rss (snapshot after work; includes Python/torch baseline),,,ok,,,"{""matrix_size"": 2048, ""matmuls_per_sec"": 81.42935885269243, ""flops_per_matmul"": 17179869184.0, ""rel_err_vs_cpu_fp32"": null, ""reduced_for_time_budget"": false}","{""torch"":""2.14.0"",""device_name"":""Apple M1 Pro"",""seed"":1234,""git_commit"":""fd532446b10740da6a025ff593b3b290f44a5141"",""code_sha256"":""0176831a9269ba58"",""hostname"":""Kims-MacBook-Pro-16.local""}"
20260919_full,2026-09-19T15:49:23.209+07:00,matmul,cpu,Apple M1 Pro,matmul,,,,float32,measure,38,12.030833997414447,1427.9865541900201,GFLOPS,394.578125,process_rss (snapshot after work; includes Python/torch baseline),,,ok,,,"{""matrix_size"": 2048, ""matmuls_per_sec"": 83.11975713528344, ""flops_per_matmul"": 17179869184.0, ""rel_err_vs_cpu_fp32"": null, ""reduced_for_time_budget"": false}","{""torch"":""2.14.0"",""device_name"":""Apple M1 Pro"",""seed"":1234,""git_commit"":""fd532446b10740da6a025ff593b3b290f44a5141"",""code_sha256"":""0176831a9269ba58"",""hostname"":""Kims-MacBook-Pro-16.local""}"
20260919_full,2026-09-19T15:49:23.209+07:00,matmul,cpu,Apple M1 Pro,matmul,,,,float32,measure,39,12.163709001470124,1412.3873879195576,GFLOPS,394.578125,process_rss (snapshot after work; includes Python/torch baseline),,,ok,,,"{""matrix_size"": 2048, ""matmuls_per_sec"": 82.21176615447956, ""flops_per_matmul"": 17179869184.0, ""rel_err_vs_cpu_fp32"": null, ""reduced_for_time_budget"": false}","{""torch"":""2.14.0"",""device_name"":""Apple M1 Pro"",""seed"":1234,""git_commit"":""fd532446b10740da6a025ff593b3b290f44a5141"",""code_sha256"":""0176831a9269ba58"",""hostname"":""Kims-MacBook-Pro-16.local""}"
20260919_full,2026-09-19T15:49:23.209+07:00,matmul,cpu,Apple M1 Pro,matmul,,,,float32,measure,40,11.77566700062016,1458.929603146491,GFLOPS,394.578125,process_rss (snapshot after work; includes Python/torch baseline),,,ok,,,"{""matrix_size"": 2048, ""matmuls_per_sec"": 84.92087963657052, ""flops_per_matmul"": 17179869184.0, ""rel_err_vs_cpu_fp32"": null, ""reduced_for_time_budget"": false}","{""torch"":""2.14.0"",""device_name"":""Apple M1 Pro"",""seed"":1234,""git_commit"":""fd532446b10740da6a025ff593b3b290f44a5141"",""code_sha256"":""0176831a9269ba58"",""hostname"":""Kims-MacBook-Pro-16.local""}"
20260919_full,2026-09-19T15:49:23.209+07:00,matmul,cpu,Apple M1 Pro,matmul,,,,float32,measure,41,11.139041002024896,1542.3113337025134,GFLOPS,394.578125,process_rss (snapshot after work; includes Python/torch baseline),,,ok,,,"{""matrix_size"": 2048, ""matmuls_per_sec"": 89.77433513515358, ""flops_per_matmul"": 17179869184.0, ""rel_err_vs_cpu_fp32"": null, ""reduced_for_time_budget"": false}","{""torch"":""2.14.0"",""device_name"":""Apple M1 Pro"",""seed"":1234,""git_commit"":""fd532446b10740da6a025ff593b3b290f44a5141"",""code_sha256"":""0176831a9269ba58"",""hostname"":""Kims-MacBook-Pro-16.local""}"
20260919_full,2026-09-19T15:49:23.209+07:00,matmul,cpu,Apple M1 Pro,matmul,,,,float32,measure,42,11.32054199842969,1517.5836268601872,GFLOPS,394.578125,process_rss (snapshot after work; includes Python/torch baseline),,,ok,,,"{""matrix_size"": 2048, ""matmuls_per_sec"": 88.33499316010783, ""flops_per_matmul"": 17179869184.0, ""rel_err_vs_cpu_fp32"": null, ""reduced_for_time_budget"": false}","{""torch"":""2.14.0"",""device_name"":""Apple M1 Pro"",""seed"":1234,""git_commit"":""fd532446b10740da6a025ff593b3b290f44a5141"",""code_sha256"":""0176831a9269ba58"",""hostname"":""Kims-MacBook-Pro-16.local""}"
20260919_full,2026-09-19T15:49:23.209+07:00,matmul,cpu,Apple M1 Pro,matmul,,,,float32,measure,43,11.58104099886259,1483.4477475459491,GFLOPS,394.578125,process_rss (snapshot after work; includes Python/torch baseline),,,ok,,,"{""matrix_size"": 2048, ""matmuls_per_sec"": 86.34802347200161, ""flops_per_matmul"": 17179869184.0, ""rel_err_vs_cpu_fp32"": null, ""reduced_for_time_budget"": false}","{""torch"":""2.14.0"",""device_name"":""Apple M1 Pro"",""seed"":1234,""git_commit"":""fd532446b10740da6a025ff593b3b290f44a5141"",""code_sha256"":""0176831a9269ba58"",""hostname"":""Kims-MacBook-Pro-16.local""}"
20260919_full,2026-09-19T15:49:23.210+07:00,matmul,cpu,Apple M1 Pro,matmul,,,,float32,measure,44,11.094499997852836,1548.503239201847,GFLOPS,394.578125,process_rss (snapshot after work; includes Python/torch baseline),,,ok,,,"{""matrix_size"": 2048, ""matmuls_per_sec"": 90.13475147086702, ""flops_per_matmul"": 17179869184.0, ""rel_err_vs_cpu_fp32"": null, ""reduced_for_time_budget"": false}","{""torch"":""2.14.0"",""device_name"":""Apple M1 Pro"",""seed"":1234,""git_commit"":""fd532446b10740da6a025ff593b3b290f44a5141"",""code_sha256"":""0176831a9269ba58"",""hostname"":""Kims-MacBook-Pro-16.local""}"
20260919_full,2026-09-19T15:49:23.210+07:00,matmul,cpu,Apple M1 Pro,matmul,,,,float32,measure,45,11.451875001512235,1500.1795934492277,GFLOPS,394.578125,process_rss (snapshot after work; includes Python/torch baseline),,,ok,,,"{""matrix_size"": 2048, ""matmuls_per_sec"": 87.32194508479604, ""flops_per_matmul"": 17179869184.0, ""rel_err_vs_cpu_fp32"": null, ""reduced_for_time_budget"": false}","{""torch"":""2.14.0"",""device_name"":""Apple M1 Pro"",""seed"":1234,""git_commit"":""fd532446b10740da6a025ff593b3b290f44a5141"",""code_sha256"":""0176831a9269ba58"",""hostname"":""Kims-MacBook-Pro-16.local""}"
20260919_full,2026-09-19T15:49:23.210+07:00,matmul,cpu,Apple M1 Pro,matmul,,,,float32,measure,46,10.96374999906402,1566.970168552425,GFLOPS,394.578125,process_rss (snapshot after work; includes Python/torch baseline),,,ok,,,"{""matrix_size"": 2048, ""matmuls_per_sec"": 91.20966823261843, ""flops_per_matmul"": 17179869184.0, ""rel_err_vs_cpu_fp32"": null, ""reduced_for_time_budget"": false}","{""torch"":""2.14.0"",""device_name"":""Apple M1 Pro"",""seed"":1234,""git_commit"":""fd532446b10740da6a025ff593b3b290f44a5141"",""code_sha256"":""0176831a9269ba58"",""hostname"":""Kims-MacBook-Pro-16.local""}"
20260919_full,2026-09-19T15:49:23.210+07:00,matmul,cpu,Apple M1 Pro,matmul,,,,float32,measure,47,10.468041997228283,1641.1731237368808,GFLOPS,394.578125,process_rss (snapshot after work; includes Python/torch baseline),,,ok,,,"{""matrix_size"": 2048, ""matmuls_per_sec"": 95.52884868677245, ""flops_per_matmul"": 17179869184.0, ""rel_err_vs_cpu_fp32"": null, ""reduced_for_time_budget"": false}","{""torch"":""2.14.0"",""device_name"":""Apple M1 Pro"",""seed"":1234,""git_commit"":""fd532446b10740da6a025ff593b3b290f44a5141"",""code_sha256"":""0176831a9269ba58"",""hostname"":""Kims-MacBook-Pro-16.local""}"
20260919_full,2026-09-19T15:49:23.210+07:00,matmul,cpu,Apple M1 Pro,matmul,,,,float32,measure,48,10.618209002132062,1617.9629898554833,GFLOPS,394.578125,process_rss (snapshot after work; includes Python/torch baseline),,,ok,,,"{""matrix_size"": 2048, ""matmuls_per_sec"": 94.17784108404788, ""flops_per_matmul"": 17179869184.0, ""rel_err_vs_cpu_fp32"": null, ""reduced_for_time_budget"": false}","{""torch"":""2.14.0"",""device_name"":""Apple M1 Pro"",""seed"":1234,""git_commit"":""fd532446b10740da6a025ff593b3b290f44a5141"",""code_sha256"":""0176831a9269ba58"",""hostname"":""Kims-MacBook-Pro-16.local""}"
20260919_full,2026-09-19T15:49:23.210+07:00,matmul,cpu,Apple M1 Pro,matmul,,,,float32,measure,49,10.701832998165628,1605.320246255455,GFLOPS,394.578125,process_rss (snapshot after work; includes Python/torch baseline),,,ok,,,"{""matrix_size"": 2048, ""matmuls_per_sec"": 93.44193655156153, ""flops_per_matmul"": 17179869184.0, ""rel_err_vs_cpu_fp32"": null, ""reduced_for_time_budget"": false}","{""torch"":""2.14.0"",""device_name"":""Apple M1 Pro"",""seed"":1234,""git_commit"":""fd532446b10740da6a025ff593b3b290f44a5141"",""code_sha256"":""0176831a9269ba58"",""hostname"":""Kims-MacBook-Pro-16.local""}"
20260919_full,2026-09-19T15:49:26.928+07:00,matmul,cpu,Apple M1 Pro,matmul,,,,float32,warmup,0,90.31508300176938,1521.7718780074356,GFLOPS,586.65625,process_rss (snapshot after work; includes Python/torch baseline),,,ok,,,"{""matrix_size"": 4096, ""matmuls_per_sec"": 11.072347682838412, ""flops_per_matmul"": 137438953472.0, ""rel_err_vs_cpu_fp32"": null, ""reduced_for_time_budget"": false}","{""torch"":""2.14.0"",""device_name"":""Apple M1 Pro"",""seed"":1234,""git_commit"":""fd532446b10740da6a025ff593b3b290f44a5141"",""code_sha256"":""0176831a9269ba58"",""hostname"":""Kims-MacBook-Pro-16.local""}"
20260919_full,2026-09-19T15:49:26.928+07:00,matmul,cpu,Apple M1 Pro,matmul,,,,float32,warmup,1,87.58624999973108,1569.184129614203,GFLOPS,586.65625,process_rss (snapshot after work; includes Python/torch baseline),,,ok,,,"{""matrix_size"": 4096, ""matmuls_per_sec"": 11.417317215922251, ""flops_per_matmul"": 137438953472.0, ""rel_err_vs_cpu_fp32"": null, ""reduced_for_time_budget"": false}","{""torch"":""2.14.0"",""device_name"":""Apple M1 Pro"",""seed"":1234,""git_commit"":""fd532446b10740da6a025ff593b3b290f44a5141"",""code_sha256"":""0176831a9269ba58"",""hostname"":""Kims-MacBook-Pro-16.local""}"
20260919_full,2026-09-19T15:49:26.928+07:00,matmul,cpu,Apple M1 Pro,matmul,,,,float32,warmup,2,87.38937500311295,1572.719263264032,GFLOPS,586.65625,process_rss (snapshot after work; includes Python/torch baseline),,,ok,,,"{""matrix_size"": 4096, ""matmuls_per_sec"": 11.443038698518881, ""flops_per_matmul"": 137438953472.0, ""rel_err_vs_cpu_fp32"": null, ""reduced_for_time_budget"": false}","{""torch"":""2.14.0"",""device_name"":""Apple M1 Pro"",""seed"":1234,""git_commit"":""fd532446b10740da6a025ff593b3b290f44a5141"",""code_sha256"":""0176831a9269ba58"",""hostname"":""Kims-MacBook-Pro-16.local""}"
20260919_full,2026-09-19T15:49:26.928+07:00,matmul,cpu,Apple M1 Pro,matmul,,,,float32,warmup,3,107.20512500120094,1282.01849930645,GFLOPS,586.65625,process_rss (snapshot after work; includes Python/torch baseline),,,ok,,,"{""matrix_size"": 4096, ""matmuls_per_sec"": 9.327912261552774, ""flops_per_matmul"": 137438953472.0, ""rel_err_vs_cpu_fp32"": null, ""reduced_for_time_budget"": false}","{""torch"":""2.14.0"",""device_name"":""Apple M1 Pro"",""seed"":1234,""git_commit"":""fd532446b10740da6a025ff593b3b290f44a5141"",""code_sha256"":""0176831a9269ba58"",""hostname"":""Kims-MacBook-Pro-16.local""}"
20260919_full,2026-09-19T15:49:26.928+07:00,matmul,cpu,Apple M1 Pro,matmul,,,,float32,warmup,4,94.91291700032889,1448.0532030379359,GFLOPS,586.65625,process_rss (snapshot after work; includes Python/torch baseline),,,ok,,,"{""matrix_size"": 4096, ""matmuls_per_sec"": 10.535973728386567, ""flops_per_matmul"": 137438953472.0, ""rel_err_vs_cpu_fp32"": null, ""reduced_for_time_budget"": false}","{""torch"":""2.14.0"",""device_name"":""Apple M1 Pro"",""seed"":1234,""git_commit"":""fd532446b10740da6a025ff593b3b290f44a5141"",""code_sha256"":""0176831a9269ba58"",""hostname"":""Kims-MacBook-Pro-16.local""}"
20260919_full,2026-09-19T15:49:26.928+07:00,matmul,cpu,Apple M1 Pro,matmul,,,,float32,measure,0,91.80216599997948,1497.1210316762104,GFLOPS,586.65625,process_rss (snapshot after work; includes Python/torch baseline),,,ok,,,"{""matrix_size"": 4096, ""matmuls_per_sec"": 10.89298916977867, ""flops_per_matmul"": 137438953472.0, ""rel_err_vs_cpu_fp32"": null, ""reduced_for_time_budget"": false}","{""torch"":""2.14.0"",""device_name"":""Apple M1 Pro"",""seed"":1234,""git_commit"":""fd532446b10740da6a025ff593b3b290f44a5141"",""code_sha256"":""0176831a9269ba58"",""hostname"":""Kims-MacBook-Pro-16.local""}"
20260919_full,2026-09-19T15:49:26.928+07:00,matmul,cpu,Apple M1 Pro,matmul,,,,float32,measure,1,85.80350000192993,1601.7872635604451,GFLOPS,586.65625,process_rss (snapshot after work; includes Python/torch baseline),,,ok,,,"{""matrix_size"": 4096, ""matmuls_per_sec"": 11.654536236604654, ""flops_per_matmul"": 137438953472.0, ""rel_err_vs_cpu_fp32"": null, ""reduced_for_time_budget"": false}","{""torch"":""2.14.0"",""device_name"":""Apple M1 Pro"",""seed"":1234,""git_commit"":""fd532446b10740da6a025ff593b3b290f44a5141"",""code_sha256"":""0176831a9269ba58"",""hostname"":""Kims-MacBook-Pro-16.local""}"
20260919_full,2026-09-19T15:49:26.928+07:00,matmul,cpu,Apple M1 Pro,matmul,,,,float32,measure,2,86.338249999244,1591.8663335567198,GFLOPS,586.65625,process_rss (snapshot after work; includes Python/torch baseline),,,ok,,,"{""matrix_size"": 4096, ""matmuls_per_sec"": 11.582351970404268, ""flops_per_matmul"": 137438953472.0, ""rel_err_vs_cpu_fp32"": null, ""reduced_for_time_budget"": false}","{""torch"":""2.14.0"",""device_name"":""Apple M1 Pro"",""seed"":1234,""git_commit"":""fd532446b10740da6a025ff593b3b290f44a5141"",""code_sha256"":""0176831a9269ba58"",""hostname"":""Kims-MacBook-Pro-16.local""}"
20260919_full,2026-09-19T15:49:26.928+07:00,matmul,cpu,Apple M1 Pro,matmul,,,,float32,measure,3,92.38624999852618,1487.6559387808525,GFLOPS,586.65625,process_rss (snapshot after work; includes Python/torch baseline),,,ok,,,"{""matrix_size"": 4096, ""matmuls_per_sec"": 10.824121555057737, ""flops_per_matmul"": 137438953472.0, ""rel_err_vs_cpu_fp32"": null, ""reduced_for_time_budget"": false}","{""torch"":""2.14.0"",""device_name"":""Apple M1 Pro"",""seed"":1234,""git_commit"":""fd532446b10740da6a025ff593b3b290f44a5141"",""code_sha256"":""0176831a9269ba58"",""hostname"":""Kims-MacBook-Pro-16.local""}"
20260919_full,2026-09-19T15:49:26.928+07:00,matmul,cpu,Apple M1 Pro,matmul,,,,float32,measure,4,89.79679199910606,1530.5552727693014,GFLOPS,586.65625,process_rss (snapshot after work; includes Python/torch baseline),,,ok,,,"{""matrix_size"": 4096, ""matmuls_per_sec"": 11.136255290834388, ""flops_per_matmul"": 137438953472.0, ""rel_err_vs_cpu_fp32"": null, ""reduced_for_time_budget"": false}","{""torch"":""2.14.0"",""device_name"":""Apple M1 Pro"",""seed"":1234,""git_commit"":""fd532446b10740da6a025ff593b3b290f44a5141"",""code_sha256"":""0176831a9269ba58"",""hostname"":""Kims-MacBook-Pro-16.local""}"
20260919_full,2026-09-19T15:49:26.928+07:00,matmul,cpu,Apple M1 Pro,matmul,,,,float32,measure,5,91.51691700026277,1501.7874069294246,GFLOPS,586.65625,process_rss (snapshot after work; includes Python/torch baseline),,,ok,,,"{""matrix_size"": 4096, ""matmuls_per_sec"": 10.92694151833293, ""flops_per_matmul"": 137438953472.0, ""rel_err_vs_cpu_fp32"": null, ""reduced_for_time_budget"": false}","{""torch"":""2.14.0"",""device_name"":""Apple M1 Pro"",""seed"":1234,""git_commit"":""fd532446b10740da6a025ff593b3b290f44a5141"",""code_sha256"":""0176831a9269ba58"",""hostname"":""Kims-MacBook-Pro-16.local""}"
20260919_full,2026-09-19T15:49:26.928+07:00,matmul,cpu,Apple M1 Pro,matmul,,,,float32,measure,6,93.1578330018965,1475.334376543538,GFLOPS,586.65625,process_rss (snapshot after work; includes Python/torch baseline),,,ok,,,"{""matrix_size"": 4096, ""matmuls_per_sec"": 10.734470390478512, ""flops_per_matmul"": 137438953472.0, ""rel_err_vs_cpu_fp32"": null, ""reduced_for_time_budget"": false}","{""torch"":""2.14.0"",""device_name"":""Apple M1 Pro"",""seed"":1234,""git_commit"":""fd532446b10740da6a025ff593b3b290f44a5141"",""code_sha256"":""0176831a9269ba58"",""hostname"":""Kims-MacBook-Pro-16.local""}"
20260919_full,2026-09-19T15:49:26.928+07:00,matmul,cpu,Apple M1 Pro,matmul,,,,float32,measure,7,90.23645900015254,1523.0978142855504,GFLOPS,586.65625,process_rss (snapshot after work; includes Python/torch baseline),,,ok,,,"{""matrix_size"": 4096, ""matmuls_per_sec"": 11.081995138997083, ""flops_per_matmul"": 137438953472.0, ""rel_err_vs_cpu_fp32"": null, ""reduced_for_time_budget"": false}","{""torch"":""2.14.0"",""device_name"":""Apple M1 Pro"",""seed"":1234,""git_commit"":""fd532446b10740da6a025ff593b3b290f44a5141"",""code_sha256"":""0176831a9269ba58"",""hostname"":""Kims-MacBook-Pro-16.local""}"
20260919_full,2026-09-19T15:49:26.928+07:00,matmul,cpu,Apple M1 Pro,matmul,,,,float32,measure,8,98.52295799646527,1394.9941847760085,GFLOPS,586.65625,process_rss (snapshot after work; includes Python/torch baseline),,,ok,,,"{""matrix_size"": 4096, ""matmuls_per_sec"": 10.1499185604626, ""flops_per_matmul"": 137438953472.0, ""rel_err_vs_cpu_fp32"": null, ""reduced_for_time_budget"": false}","{""torch"":""2.14.0"",""device_name"":""Apple M1 Pro"",""seed"":1234,""git_commit"":""fd532446b10740da6a025ff593b3b290f44a5141"",""code_sha256"":""0176831a9269ba58"",""hostname"":""Kims-MacBook-Pro-16.local""}"
20260919_full,2026-09-19T15:49:26.928+07:00,matmul,cpu,Apple M1 Pro,matmul,,,,float32,measure,9,107.39633299817797,1279.7359987545544,GFLOPS,586.65625,process_rss (snapshot after work; includes Python/torch baseline),,,ok,,,"{""matrix_size"": 4096, ""matmuls_per_sec"": 9.311304884282832, ""flops_per_matmul"": 137438953472.0, ""rel_err_vs_cpu_fp32"": null, ""reduced_for_time_budget"": false}","{""torch"":""2.14.0"",""device_name"":""Apple M1 Pro"",""seed"":1234,""git_commit"":""fd532446b10740da6a025ff593b3b290f44a5141"",""code_sha256"":""0176831a9269ba58"",""hostname"":""Kims-MacBook-Pro-16.local""}"
20260919_full,2026-09-19T15:49:26.928+07:00,matmul,cpu,Apple M1 Pro,matmul,,,,float32,measure,10,83.59049999853596,1644.1934606732482,GFLOPS,586.65625,process_rss (snapshot after work; includes Python/torch baseline),,,ok,,,"{""matrix_size"": 4096, ""matmuls_per_sec"": 11.963081929376118, ""flops_per_matmul"": 137438953472.0, ""rel_err_vs_cpu_fp32"": null, ""reduced_for_time_budget"": false}","{""torch"":""2.14.0"",""device_name"":""Apple M1 Pro"",""seed"":1234,""git_commit"":""fd532446b10740da6a025ff593b3b290f44a5141"",""code_sha256"":""0176831a9269ba58"",""hostname"":""Kims-MacBook-Pro-16.local""}"
20260919_full,2026-09-19T15:49:26.928+07:00,matmul,cpu,Apple M1 Pro,matmul,,,,float32,measure,11,85.49649999986286,1607.5389457138065,GFLOPS,586.65625,process_rss (snapshot after work; includes Python/torch baseline),,,ok,,,"{""matrix_size"": 4096, ""matmuls_per_sec"": 11.696385232162767, ""flops_per_matmul"": 137438953472.0, ""rel_err_vs_cpu_fp32"": null, ""reduced_for_time_budget"": false}","{""torch"":""2.14.0"",""device_name"":""Apple M1 Pro"",""seed"":1234,""git_commit"":""fd532446b10740da6a025ff593b3b290f44a5141"",""code_sha256"":""0176831a9269ba58"",""hostname"":""Kims-MacBook-Pro-16.local""}"
20260919_full,2026-09-19T15:49:26.928+07:00,matmul,cpu,Apple M1 Pro,matmul,,,,float32,measure,12,82.30816699870047,1669.8094306263674,GFLOPS,586.65625,process_rss (snapshot after work; includes Python/torch baseline),,,ok,,,"{""matrix_size"": 4096, ""matmuls_per_sec"": 12.14946264100121, ""flops_per_matmul"": 137438953472.0, ""rel_err_vs_cpu_fp32"": null, ""reduced_for_time_budget"": false}","{""torch"":""2.14.0"",""device_name"":""Apple M1 Pro"",""seed"":1234,""git_commit"":""fd532446b10740da6a025ff593b3b290f44a5141"",""code_sha256"":""0176831a9269ba58"",""hostname"":""Kims-MacBook-Pro-16.local""}"
20260919_full,2026-09-19T15:49:26.928+07:00,matmul,cpu,Apple M1 Pro,matmul,,,,float32,measure,13,82.46050000161631,1666.7247163103068,GFLOPS,586.65625,process_rss (snapshot after work; includes Python/torch baseline),,,ok,,,"{""matrix_size"": 4096, ""matmuls_per_sec"": 12.127018390385688, ""flops_per_matmul"": 137438953472.0, ""rel_err_vs_cpu_fp32"": null, ""reduced_for_time_budget"": false}","{""torch"":""2.14.0"",""device_name"":""Apple M1 Pro"",""seed"":1234,""git_commit"":""fd532446b10740da6a025ff593b3b290f44a5141"",""code_sha256"":""0176831a9269ba58"",""hostname"":""Kims-MacBook-Pro-16.local""}"
20260919_full,2026-09-19T15:49:26.928+07:00,matmul,cpu,Apple M1 Pro,matmul,,,,float32,measure,14,82.39195900023333,1668.1112470163596,GFLOPS,586.65625,process_rss (snapshot after work; includes Python/torch baseline),,,ok,,,"{""matrix_size"": 4096, ""matmuls_per_sec"": 12.137106729033691, ""flops_per_matmul"": 137438953472.0, ""rel_err_vs_cpu_fp32"": null, ""reduced_for_time_budget"": false}","{""torch"":""2.14.0"",""device_name"":""Apple M1 Pro"",""seed"":1234,""git_commit"":""fd532446b10740da6a025ff593b3b290f44a5141"",""code_sha256"":""0176831a9269ba58"",""hostname"":""Kims-MacBook-Pro-16.local""}"
20260919_full,2026-09-19T15:49:26.928+07:00,matmul,cpu,Apple M1 Pro,matmul,,,,float32,measure,15,83.09762499993667,1653.9456268708611,GFLOPS,586.65625,process_rss (snapshot after work; includes Python/torch baseline),,,ok,,,"{""matrix_size"": 4096, ""matmuls_per_sec"": 12.034038277276421, ""flops_per_matmul"": 137438953472.0, ""rel_err_vs_cpu_fp32"": null, ""reduced_for_time_budget"": false}","{""torch"":""2.14.0"",""device_name"":""Apple M1 Pro"",""seed"":1234,""git_commit"":""fd532446b10740da6a025ff593b3b290f44a5141"",""code_sha256"":""0176831a9269ba58"",""hostname"":""Kims-MacBook-Pro-16.local""}"
20260919_full,2026-09-19T15:49:26.928+07:00,matmul,cpu,Apple M1 Pro,matmul,,,,float32,measure,16,83.64325000002282,1643.1565424820594,GFLOPS,586.65625,process_rss (snapshot after work; includes Python/torch baseline),,,ok,,,"{""matrix_size"": 4096, ""matmuls_per_sec"": 11.955537356567651, ""flops_per_matmul"": 137438953472.0, ""rel_err_vs_cpu_fp32"": null, ""reduced_for_time_budget"": false}","{""torch"":""2.14.0"",""device_name"":""Apple M1 Pro"",""seed"":1234,""git_commit"":""fd532446b10740da6a025ff593b3b290f44a5141"",""code_sha256"":""0176831a9269ba58"",""hostname"":""Kims-MacBook-Pro-16.local""}"
20260919_full,2026-09-19T15:49:26.928+07:00,matmul,cpu,Apple M1 Pro,matmul,,,,float32,measure,17,96.372625001095,1426.1202646543911,GFLOPS,586.65625,process_rss (snapshot after work; includes Python/torch baseline),,,ok,,,"{""matrix_size"": 4096, ""matmuls_per_sec"": 10.3763905983534, ""flops_per_matmul"": 137438953472.0, ""rel_err_vs_cpu_fp32"": null, ""reduced_for_time_budget"": false}","{""torch"":""2.14.0"",""device_name"":""Apple M1 Pro"",""seed"":1234,""git_commit"":""fd532446b10740da6a025ff593b3b290f44a5141"",""code_sha256"":""0176831a9269ba58"",""hostname"":""Kims-MacBook-Pro-16.local""}"
20260919_full,2026-09-19T15:49:26.929+07:00,matmul,cpu,Apple M1 Pro,matmul,,,,float32,measure,18,92.65887500077952,1483.2788922900666,GFLOPS,586.65625,process_rss (snapshot after work; includes Python/torch baseline),,,ok,,,"{""matrix_size"": 4096, ""matmuls_per_sec"": 10.792274350315468, ""flops_per_matmul"": 137438953472.0, ""rel_err_vs_cpu_fp32"": null, ""reduced_for_time_budget"": false}","{""torch"":""2.14.0"",""device_name"":""Apple M1 Pro"",""seed"":1234,""git_commit"":""fd532446b10740da6a025ff593b3b290f44a5141"",""code_sha256"":""0176831a9269ba58"",""hostname"":""Kims-MacBook-Pro-16.local""}"
20260919_full,2026-09-19T15:49:26.929+07:00,matmul,cpu,Apple M1 Pro,matmul,,,,float32,measure,19,93.06333299900871,1476.8324864688004,GFLOPS,586.65625,process_rss (snapshot after work; includes Python/torch baseline),,,ok,,,"{""matrix_size"": 4096, ""matmuls_per_sec"": 10.74537057479611, ""flops_per_matmul"": 137438953472.0, ""rel_err_vs_cpu_fp32"": null, ""reduced_for_time_budget"": false}","{""torch"":""2.14.0"",""device_name"":""Apple M1 Pro"",""seed"":1234,""git_commit"":""fd532446b10740da6a025ff593b3b290f44a5141"",""code_sha256"":""0176831a9269ba58"",""hostname"":""Kims-MacBook-Pro-16.local""}"
20260919_full,2026-09-19T15:49:26.929+07:00,matmul,cpu,Apple M1 Pro,matmul,,,,float32,measure,20,91.34954199907952,1504.5390536647124,GFLOPS,586.65625,process_rss (snapshot after work; includes Python/torch baseline),,,ok,,,"{""matrix_size"": 4096, ""matmuls_per_sec"": 10.94696238334809, ""flops_per_matmul"": 137438953472.0, ""rel_err_vs_cpu_fp32"": null, ""reduced_for_time_budget"": false}","{""torch"":""2.14.0"",""device_name"":""Apple M1 Pro"",""seed"":1234,""git_commit"":""fd532446b10740da6a025ff593b3b290f44a5141"",""code_sha256"":""0176831a9269ba58"",""hostname"":""Kims-MacBook-Pro-16.local""}"
20260919_full,2026-09-19T15:49:26.929+07:00,matmul,cpu,Apple M1 Pro,matmul,,,,float32,measure,21,94.29966700190562,1457.4701888313416,GFLOPS,586.65625,process_rss (snapshot after work; includes Python/torch baseline),,,ok,,,"{""matrix_size"": 4096, ""matmuls_per_sec"": 10.604491317872755, ""flops_per_matmul"": 137438953472.0, ""rel_err_vs_cpu_fp32"": null, ""reduced_for_time_budget"": false}","{""torch"":""2.14.0"",""device_name"":""Apple M1 Pro"",""seed"":1234,""git_commit"":""fd532446b10740da6a025ff593b3b290f44a5141"",""code_sha256"":""0176831a9269ba58"",""hostname"":""Kims-MacBook-Pro-16.local""}"
20260919_full,2026-09-19T15:49:26.929+07:00,matmul,cpu,Apple M1 Pro,matmul,,,,float32,measure,22,91.75816599963582,1497.8389331860174,GFLOPS,586.65625,process_rss (snapshot after work; includes Python/torch baseline),,,ok,,,"{""matrix_size"": 4096, ""matmuls_per_sec"": 10.898212590735183, ""flops_per_matmul"": 137438953472.0, ""rel_err_vs_cpu_fp32"": null, ""reduced_for_time_budget"": false}","{""torch"":""2.14.0"",""device_name"":""Apple M1 Pro"",""seed"":1234,""git_commit"":""fd532446b10740da6a025ff593b3b290f44a5141"",""code_sha256"":""0176831a9269ba58"",""hostname"":""Kims-MacBook-Pro-16.local""}"
20260919_full,2026-09-19T15:49:26.929+07:00,matmul,cpu,Apple M1 Pro,matmul,,,,float32,measure,23,87.96299999812618,1562.4632342567645,GFLOPS,586.65625,process_rss (snapshot after work; includes Python/torch baseline),,,ok,,,"{""matrix_size"": 4096, ""matmuls_per_sec"": 11.368416266172167, ""flops_per_matmul"": 137438953472.0, ""rel_err_vs_cpu_fp32"": null, ""reduced_for_time_budget"": false}","{""torch"":""2.14.0"",""device_name"":""Apple M1 Pro"",""seed"":1234,""git_commit"":""fd532446b10740da6a025ff593b3b290f44a5141"",""code_sha256"":""0176831a9269ba58"",""hostname"":""Kims-MacBook-Pro-16.local""}"
20260919_full,2026-09-19T15:49:26.929+07:00,matmul,cpu,Apple M1 Pro,matmul,,,,float32,measure,24,201.1598339995544,683.2325854489642,GFLOPS,586.65625,process_rss (snapshot after work; includes Python/torch baseline),,,ok,,,"{""matrix_size"": 4096, ""matmuls_per_sec"": 4.9711713323556195, ""flops_per_matmul"": 137438953472.0, ""rel_err_vs_cpu_fp32"": null, ""reduced_for_time_budget"": false}","{""torch"":""2.14.0"",""device_name"":""Apple M1 Pro"",""seed"":1234,""git_commit"":""fd532446b10740da6a025ff593b3b290f44a5141"",""code_sha256"":""0176831a9269ba58"",""hostname"":""Kims-MacBook-Pro-16.local""}"
20260919_full,2026-09-19T15:49:26.929+07:00,matmul,cpu,Apple M1 Pro,matmul,,,,float32,measure,25,106.48112499984563,1290.7353624616499,GFLOPS,586.65625,process_rss (snapshot after work; includes Python/torch baseline),,,ok,,,"{""matrix_size"": 4096, ""matmuls_per_sec"": 9.391335788398646, ""flops_per_matmul"": 137438953472.0, ""rel_err_vs_cpu_fp32"": null, ""reduced_for_time_budget"": false}","{""torch"":""2.14.0"",""device_name"":""Apple M1 Pro"",""seed"":1234,""git_commit"":""fd532446b10740da6a025ff593b3b290f44a5141"",""code_sha256"":""0176831a9269ba58"",""hostname"":""Kims-MacBook-Pro-16.local""}"
20260919_full,2026-09-19T15:49:26.929+07:00,matmul,cpu,Apple M1 Pro,matmul,,,,float32,measure,26,106.48120800033212,1290.7343563530133,GFLOPS,586.65625,process_rss (snapshot after work; includes Python/torch baseline),,,ok,,,"{""matrix_size"": 4096, ""matmuls_per_sec"": 9.39132846799485, ""flops_per_matmul"": 137438953472.0, ""rel_err_vs_cpu_fp32"": null, ""reduced_for_time_budget"": false}","{""torch"":""2.14.0"",""device_name"":""Apple M1 Pro"",""seed"":1234,""git_commit"":""fd532446b10740da6a025ff593b3b290f44a5141"",""code_sha256"":""0176831a9269ba58"",""hostname"":""Kims-MacBook-Pro-16.local""}"
20260919_full,2026-09-19T15:49:26.929+07:00,matmul,cpu,Apple M1 Pro,matmul,,,,float32,measure,27,87.19370800099568,1576.2485232355361,GFLOPS,586.65625,process_rss (snapshot after work; includes Python/torch baseline),,,ok,,,"{""matrix_size"": 4096, ""matmuls_per_sec"": 11.46871744448098, ""flops_per_matmul"": 137438953472.0, ""rel_err_vs_cpu_fp32"": null, ""reduced_for_time_budget"": false}","{""torch"":""2.14.0"",""device_name"":""Apple M1 Pro"",""seed"":1234,""git_commit"":""fd532446b10740da6a025ff593b3b290f44a5141"",""code_sha256"":""0176831a9269ba58"",""hostname"":""Kims-MacBook-Pro-16.local""}"
20260919_full,2026-09-19T15:49:26.929+07:00,matmul,cpu,Apple M1 Pro,matmul,,,,float32,measure,28,92.57133299979614,1484.6815857378078,GFLOPS,586.65625,process_rss (snapshot after work; includes Python/torch baseline),,,ok,,,"{""matrix_size"": 4096, ""matmuls_per_sec"": 10.802480288386926, ""flops_per_matmul"": 137438953472.0, ""rel_err_vs_cpu_fp32"": null, ""reduced_for_time_budget"": false}","{""torch"":""2.14.0"",""device_name"":""Apple M1 Pro"",""seed"":1234,""git_commit"":""fd532446b10740da6a025ff593b3b290f44a5141"",""code_sha256"":""0176831a9269ba58"",""hostname"":""Kims-MacBook-Pro-16.local""}"
20260919_full,2026-09-19T15:49:26.929+07:00,matmul,cpu,Apple M1 Pro,matmul,,,,float32,measure,29,93.02329199999804,1477.468175088911,GFLOPS,586.65625,process_rss (snapshot after work; includes Python/torch baseline),,,ok,,,"{""matrix_size"": 4096, ""matmuls_per_sec"": 10.749995818251854, ""flops_per_matmul"": 137438953472.0, ""rel_err_vs_cpu_fp32"": null, ""reduced_for_time_budget"": false}","{""torch"":""2.14.0"",""device_name"":""Apple M1 Pro"",""seed"":1234,""git_commit"":""fd532446b10740da6a025ff593b3b290f44a5141"",""code_sha256"":""0176831a9269ba58"",""hostname"":""Kims-MacBook-Pro-16.local""}"
20260919_full,2026-09-19T15:49:36.862+07:00,matmul,cpu,Apple M1 Pro,matmul,,,,float32,warmup,0,734.5982080005342,1496.7523958011077,GFLOPS,1354.703125,process_rss (snapshot after work; includes Python/torch baseline),,,ok,,,"{""matrix_size"": 8192, ""matmuls_per_sec"": 1.3612883738470443, ""flops_per_matmul"": 1099511627776.0, ""rel_err_vs_cpu_fp32"": null, ""reduced_for_time_budget"": false}","{""torch"":""2.14.0"",""device_name"":""Apple M1 Pro"",""seed"":1234,""git_commit"":""fd532446b10740da6a025ff593b3b290f44a5141"",""code_sha256"":""0176831a9269ba58"",""hostname"":""Kims-MacBook-Pro-16.local""}"
20260919_full,2026-09-19T15:49:36.862+07:00,matmul,cpu,Apple M1 Pro,matmul,,,,float32,warmup,1,673.6477919985191,1632.1758058674334,GFLOPS,1354.703125,process_rss (snapshot after work; includes Python/torch baseline),,,ok,,,"{""matrix_size"": 8192, ""matmuls_per_sec"": 1.48445524779839, ""flops_per_matmul"": 1099511627776.0, ""rel_err_vs_cpu_fp32"": null, ""reduced_for_time_budget"": false}","{""torch"":""2.14.0"",""device_name"":""Apple M1 Pro"",""seed"":1234,""git_commit"":""fd532446b10740da6a025ff593b3b290f44a5141"",""code_sha256"":""0176831a9269ba58"",""hostname"":""Kims-MacBook-Pro-16.local""}"
20260919_full,2026-09-19T15:49:36.862+07:00,matmul,cpu,Apple M1 Pro,matmul,,,,float32,measure,0,729.7887500026263,1506.6163020080032,GFLOPS,1354.703125,process_rss (snapshot after work; includes Python/torch baseline),,,ok,,,"{""matrix_size"": 8192, ""matmuls_per_sec"": 1.3702595442810008, ""flops_per_matmul"": 1099511627776.0, ""rel_err_vs_cpu_fp32"": null, ""reduced_for_time_budget"": false}","{""torch"":""2.14.0"",""device_name"":""Apple M1 Pro"",""seed"":1234,""git_commit"":""fd532446b10740da6a025ff593b3b290f44a5141"",""code_sha256"":""0176831a9269ba58"",""hostname"":""Kims-MacBook-Pro-16.local""}"
20260919_full,2026-09-19T15:49:36.862+07:00,matmul,cpu,Apple M1 Pro,matmul,,,,float32,measure,1,681.4647499995772,1613.4534145407847,GFLOPS,1354.703125,process_rss (snapshot after work; includes Python/torch baseline),,,ok,,,"{""matrix_size"": 8192, ""matmuls_per_sec"": 1.4674273320822837, ""flops_per_matmul"": 1099511627776.0, ""rel_err_vs_cpu_fp32"": null, ""reduced_for_time_budget"": false}","{""torch"":""2.14.0"",""device_name"":""Apple M1 Pro"",""seed"":1234,""git_commit"":""fd532446b10740da6a025ff593b3b290f44a5141"",""code_sha256"":""0176831a9269ba58"",""hostname"":""Kims-MacBook-Pro-16.local""}"
20260919_full,2026-09-19T15:49:36.862+07:00,matmul,cpu,Apple M1 Pro,matmul,,,,float32,measure,2,706.2487090006471,1556.833469234692,GFLOPS,1354.703125,process_rss (snapshot after work; includes Python/torch baseline),,,ok,,,"{""matrix_size"": 8192, ""matmuls_per_sec"": 1.4159317918117196, ""flops_per_matmul"": 1099511627776.0, ""rel_err_vs_cpu_fp32"": null, ""reduced_for_time_budget"": false}","{""torch"":""2.14.0"",""device_name"":""Apple M1 Pro"",""seed"":1234,""git_commit"":""fd532446b10740da6a025ff593b3b290f44a5141"",""code_sha256"":""0176831a9269ba58"",""hostname"":""Kims-MacBook-Pro-16.local""}"
20260919_full,2026-09-19T15:49:36.862+07:00,matmul,cpu,Apple M1 Pro,matmul,,,,float32,measure,3,704.6982919964648,1560.2586812875597,GFLOPS,1354.703125,process_rss (snapshot after work; includes Python/torch baseline),,,ok,,,"{""matrix_size"": 8192, ""matmuls_per_sec"": 1.4190470040262515, ""flops_per_matmul"": 1099511627776.0, ""rel_err_vs_cpu_fp32"": null, ""reduced_for_time_budget"": false}","{""torch"":""2.14.0"",""device_name"":""Apple M1 Pro"",""seed"":1234,""git_commit"":""fd532446b10740da6a025ff593b3b290f44a5141"",""code_sha256"":""0176831a9269ba58"",""hostname"":""Kims-MacBook-Pro-16.local""}"
20260919_full,2026-09-19T15:49:36.862+07:00,matmul,cpu,Apple M1 Pro,matmul,,,,float32,measure,4,686.510832998465,1601.5939952086064,GFLOPS,1354.703125,process_rss (snapshot after work; includes Python/torch baseline),,,ok,,,"{""matrix_size"": 8192, ""matmuls_per_sec"": 1.4566412530335642, ""flops_per_matmul"": 1099511627776.0, ""rel_err_vs_cpu_fp32"": null, ""reduced_for_time_budget"": false}","{""torch"":""2.14.0"",""device_name"":""Apple M1 Pro"",""seed"":1234,""git_commit"":""fd532446b10740da6a025ff593b3b290f44a5141"",""code_sha256"":""0176831a9269ba58"",""hostname"":""Kims-MacBook-Pro-16.local""}"
20260919_full,2026-09-19T15:49:36.862+07:00,matmul,cpu,Apple M1 Pro,matmul,,,,float32,measure,5,686.065416000929,1602.6338044920649,GFLOPS,1354.703125,process_rss (snapshot after work; includes Python/torch baseline),,,ok,,,"{""matrix_size"": 8192, ""matmuls_per_sec"": 1.457586954067724, ""flops_per_matmul"": 1099511627776.0, ""rel_err_vs_cpu_fp32"": null, ""reduced_for_time_budget"": false}","{""torch"":""2.14.0"",""device_name"":""Apple M1 Pro"",""seed"":1234,""git_commit"":""fd532446b10740da6a025ff593b3b290f44a5141"",""code_sha256"":""0176831a9269ba58"",""hostname"":""Kims-MacBook-Pro-16.local""}"
20260919_full,2026-09-19T15:49:36.862+07:00,matmul,cpu,Apple M1 Pro,matmul,,,,float32,measure,6,753.5837079994963,1459.0437878425246,GFLOPS,1354.703125,process_rss (snapshot after work; includes Python/torch baseline),,,ok,,,"{""matrix_size"": 8192, ""matmuls_per_sec"": 1.3269925946974805, ""flops_per_matmul"": 1099511627776.0, ""rel_err_vs_cpu_fp32"": null, ""reduced_for_time_budget"": false}","{""torch"":""2.14.0"",""device_name"":""Apple M1 Pro"",""seed"":1234,""git_commit"":""fd532446b10740da6a025ff593b3b290f44a5141"",""code_sha256"":""0176831a9269ba58"",""hostname"":""Kims-MacBook-Pro-16.local""}"
20260919_full,2026-09-19T15:49:36.862+07:00,matmul,cpu,Apple M1 Pro,matmul,,,,float32,measure,7,695.4341669988935,1581.0434401301848,GFLOPS,1354.703125,process_rss (snapshot after work; includes Python/torch baseline),,,ok,,,"{""matrix_size"": 8192, ""matmuls_per_sec"": 1.437950632071247, ""flops_per_matmul"": 1099511627776.0, ""rel_err_vs_cpu_fp32"": null, ""reduced_for_time_budget"": false}","{""torch"":""2.14.0"",""device_name"":""Apple M1 Pro"",""seed"":1234,""git_commit"":""fd532446b10740da6a025ff593b3b290f44a5141"",""code_sha256"":""0176831a9269ba58"",""hostname"":""Kims-MacBook-Pro-16.local""}"
20260919_full,2026-09-19T15:49:36.863+07:00,matmul,cpu,Apple M1 Pro,matmul,,,,float32,measure,8,696.3667499985604,1578.9260871204333,GFLOPS,1354.703125,process_rss (snapshot after work; includes Python/torch baseline),,,ok,,,"{""matrix_size"": 8192, ""matmuls_per_sec"": 1.436024910727095, ""flops_per_matmul"": 1099511627776.0, ""rel_err_vs_cpu_fp32"": null, ""reduced_for_time_budget"": false}","{""torch"":""2.14.0"",""device_name"":""Apple M1 Pro"",""seed"":1234,""git_commit"":""fd532446b10740da6a025ff593b3b290f44a5141"",""code_sha256"":""0176831a9269ba58"",""hostname"":""Kims-MacBook-Pro-16.local""}"
20260919_full,2026-09-19T15:49:36.863+07:00,matmul,cpu,Apple M1 Pro,matmul,,,,float32,measure,9,699.3327919990406,1572.2294740863636,GFLOPS,1354.703125,process_rss (snapshot after work; includes Python/torch baseline),,,ok,,,"{""matrix_size"": 8192, ""matmuls_per_sec"": 1.429934376652785, ""flops_per_matmul"": 1099511627776.0, ""rel_err_vs_cpu_fp32"": null, ""reduced_for_time_budget"": false}","{""torch"":""2.14.0"",""device_name"":""Apple M1 Pro"",""seed"":1234,""git_commit"":""fd532446b10740da6a025ff593b3b290f44a5141"",""code_sha256"":""0176831a9269ba58"",""hostname"":""Kims-MacBook-Pro-16.local""}"
