run_id,timestamp,experiment,backend,device,model,dataset,batch_size,sequence_length,precision,phase,iteration,latency_ms,throughput,throughput_unit,memory_mb,memory_kind,loss,accuracy,status,error_type,error,extra,metadata
20260919_full,2026-09-19T15:50:42.281+07:00,transformer,mps,Apple M1 Pro (16-core GPU),gpt,synthetic_markov,8,128,fp32,warmup,0,296.49125000287313,3453.727555164198,tokens/s,,,8.370002746582031,,ok,,,"{""n_params"": 4240896, ""d_model"": 256, ""n_layers"": 4, ""n_heads"": 4, ""tokens_per_step"": 1024, ""entropy_floor_loss"": 1.3862943611198906, ""step_ms"": 296.49125000287313}","{""torch"":""2.14.0"",""device_name"":""Apple M1 Pro (16-core GPU)"",""seed"":1234,""git_commit"":""fd532446b10740da6a025ff593b3b290f44a5141"",""code_sha256"":""0176831a9269ba58"",""hostname"":""Kims-MacBook-Pro-16.local""}"
20260919_full,2026-09-19T15:50:42.310+07:00,transformer,mps,Apple M1 Pro (16-core GPU),gpt,synthetic_markov,8,128,fp32,warmup,1,29.638416999659967,34549.75345045412,tokens/s,,,8.351993560791016,,ok,,,"{""n_params"": 4240896, ""d_model"": 256, ""n_layers"": 4, ""n_heads"": 4, ""tokens_per_step"": 1024, ""entropy_floor_loss"": 1.3862943611198906, ""step_ms"": 29.638416999659967}","{""torch"":""2.14.0"",""device_name"":""Apple M1 Pro (16-core GPU)"",""seed"":1234,""git_commit"":""fd532446b10740da6a025ff593b3b290f44a5141"",""code_sha256"":""0176831a9269ba58"",""hostname"":""Kims-MacBook-Pro-16.local""}"
20260919_full,2026-09-19T15:50:42.331+07:00,transformer,mps,Apple M1 Pro (16-core GPU),gpt,synthetic_markov,8,128,fp32,warmup,2,20.51874999961001,49905.57417091503,tokens/s,,,8.352470397949219,,ok,,,"{""n_params"": 4240896, ""d_model"": 256, ""n_layers"": 4, ""n_heads"": 4, ""tokens_per_step"": 1024, ""entropy_floor_loss"": 1.3862943611198906, ""step_ms"": 20.51874999961001}","{""torch"":""2.14.0"",""device_name"":""Apple M1 Pro (16-core GPU)"",""seed"":1234,""git_commit"":""fd532446b10740da6a025ff593b3b290f44a5141"",""code_sha256"":""0176831a9269ba58"",""hostname"":""Kims-MacBook-Pro-16.local""}"
20260919_full,2026-09-19T15:50:42.351+07:00,transformer,mps,Apple M1 Pro (16-core GPU),gpt,synthetic_markov,8,128,fp32,measure,0,20.2686669981631,50521.329305612584,tokens/s,,,8.33617877960205,,ok,,,"{""n_params"": 4240896, ""d_model"": 256, ""n_layers"": 4, ""n_heads"": 4, ""tokens_per_step"": 1024, ""entropy_floor_loss"": 1.3862943611198906, ""step_ms"": 20.2686669981631}","{""torch"":""2.14.0"",""device_name"":""Apple M1 Pro (16-core GPU)"",""seed"":1234,""git_commit"":""fd532446b10740da6a025ff593b3b290f44a5141"",""code_sha256"":""0176831a9269ba58"",""hostname"":""Kims-MacBook-Pro-16.local""}"
20260919_full,2026-09-19T15:50:42.372+07:00,transformer,mps,Apple M1 Pro (16-core GPU),gpt,synthetic_markov,8,128,fp32,measure,1,20.440250002138782,50097.234617622235,tokens/s,,,8.318806648254395,,ok,,,"{""n_params"": 4240896, ""d_model"": 256, ""n_layers"": 4, ""n_heads"": 4, ""tokens_per_step"": 1024, ""entropy_floor_loss"": 1.3862943611198906, ""step_ms"": 20.440250002138782}","{""torch"":""2.14.0"",""device_name"":""Apple M1 Pro (16-core GPU)"",""seed"":1234,""git_commit"":""fd532446b10740da6a025ff593b3b290f44a5141"",""code_sha256"":""0176831a9269ba58"",""hostname"":""Kims-MacBook-Pro-16.local""}"
20260919_full,2026-09-19T15:50:42.392+07:00,transformer,mps,Apple M1 Pro (16-core GPU),gpt,synthetic_markov,8,128,fp32,measure,2,20.26070899955812,50541.1730666648,tokens/s,,,8.323053359985352,,ok,,,"{""n_params"": 4240896, ""d_model"": 256, ""n_layers"": 4, ""n_heads"": 4, ""tokens_per_step"": 1024, ""entropy_floor_loss"": 1.3862943611198906, ""step_ms"": 20.26070899955812}","{""torch"":""2.14.0"",""device_name"":""Apple M1 Pro (16-core GPU)"",""seed"":1234,""git_commit"":""fd532446b10740da6a025ff593b3b290f44a5141"",""code_sha256"":""0176831a9269ba58"",""hostname"":""Kims-MacBook-Pro-16.local""}"
20260919_full,2026-09-19T15:50:42.413+07:00,transformer,mps,Apple M1 Pro (16-core GPU),gpt,synthetic_markov,8,128,fp32,measure,3,20.27812500091386,50497.76544694601,tokens/s,,,8.297886848449707,,ok,,,"{""n_params"": 4240896, ""d_model"": 256, ""n_layers"": 4, ""n_heads"": 4, ""tokens_per_step"": 1024, ""entropy_floor_loss"": 1.3862943611198906, ""step_ms"": 20.27812500091386}","{""torch"":""2.14.0"",""device_name"":""Apple M1 Pro (16-core GPU)"",""seed"":1234,""git_commit"":""fd532446b10740da6a025ff593b3b290f44a5141"",""code_sha256"":""0176831a9269ba58"",""hostname"":""Kims-MacBook-Pro-16.local""}"
20260919_full,2026-09-19T15:50:42.434+07:00,transformer,mps,Apple M1 Pro (16-core GPU),gpt,synthetic_markov,8,128,fp32,measure,4,20.6146250020538,49673.47210526413,tokens/s,,,8.315505981445312,,ok,,,"{""n_params"": 4240896, ""d_model"": 256, ""n_layers"": 4, ""n_heads"": 4, ""tokens_per_step"": 1024, ""entropy_floor_loss"": 1.3862943611198906, ""step_ms"": 20.6146250020538}","{""torch"":""2.14.0"",""device_name"":""Apple M1 Pro (16-core GPU)"",""seed"":1234,""git_commit"":""fd532446b10740da6a025ff593b3b290f44a5141"",""code_sha256"":""0176831a9269ba58"",""hostname"":""Kims-MacBook-Pro-16.local""}"
20260919_full,2026-09-19T15:50:42.454+07:00,transformer,mps,Apple M1 Pro (16-core GPU),gpt,synthetic_markov,8,128,fp32,measure,5,20.245915999112185,50578.10177839837,tokens/s,,,8.294882774353027,,ok,,,"{""n_params"": 4240896, ""d_model"": 256, ""n_layers"": 4, ""n_heads"": 4, ""tokens_per_step"": 1024, ""entropy_floor_loss"": 1.3862943611198906, ""step_ms"": 20.245915999112185}","{""torch"":""2.14.0"",""device_name"":""Apple M1 Pro (16-core GPU)"",""seed"":1234,""git_commit"":""fd532446b10740da6a025ff593b3b290f44a5141"",""code_sha256"":""0176831a9269ba58"",""hostname"":""Kims-MacBook-Pro-16.local""}"
20260919_full,2026-09-19T15:50:42.474+07:00,transformer,mps,Apple M1 Pro (16-core GPU),gpt,synthetic_markov,8,128,fp32,measure,6,20.284083002479747,50482.932843196075,tokens/s,,,8.268287658691406,,ok,,,"{""n_params"": 4240896, ""d_model"": 256, ""n_layers"": 4, ""n_heads"": 4, ""tokens_per_step"": 1024, ""entropy_floor_loss"": 1.3862943611198906, ""step_ms"": 20.284083002479747}","{""torch"":""2.14.0"",""device_name"":""Apple M1 Pro (16-core GPU)"",""seed"":1234,""git_commit"":""fd532446b10740da6a025ff593b3b290f44a5141"",""code_sha256"":""0176831a9269ba58"",""hostname"":""Kims-MacBook-Pro-16.local""}"
20260919_full,2026-09-19T15:50:42.495+07:00,transformer,mps,Apple M1 Pro (16-core GPU),gpt,synthetic_markov,8,128,fp32,measure,7,20.25616700120736,50552.5058091674,tokens/s,,,8.277717590332031,,ok,,,"{""n_params"": 4240896, ""d_model"": 256, ""n_layers"": 4, ""n_heads"": 4, ""tokens_per_step"": 1024, ""entropy_floor_loss"": 1.3862943611198906, ""step_ms"": 20.25616700120736}","{""torch"":""2.14.0"",""device_name"":""Apple M1 Pro (16-core GPU)"",""seed"":1234,""git_commit"":""fd532446b10740da6a025ff593b3b290f44a5141"",""code_sha256"":""0176831a9269ba58"",""hostname"":""Kims-MacBook-Pro-16.local""}"
20260919_full,2026-09-19T15:50:42.515+07:00,transformer,mps,Apple M1 Pro (16-core GPU),gpt,synthetic_markov,8,128,fp32,measure,8,20.355207998363767,50306.53580559399,tokens/s,,,8.28697395324707,,ok,,,"{""n_params"": 4240896, ""d_model"": 256, ""n_layers"": 4, ""n_heads"": 4, ""tokens_per_step"": 1024, ""entropy_floor_loss"": 1.3862943611198906, ""step_ms"": 20.355207998363767}","{""torch"":""2.14.0"",""device_name"":""Apple M1 Pro (16-core GPU)"",""seed"":1234,""git_commit"":""fd532446b10740da6a025ff593b3b290f44a5141"",""code_sha256"":""0176831a9269ba58"",""hostname"":""Kims-MacBook-Pro-16.local""}"
20260919_full,2026-09-19T15:50:42.535+07:00,transformer,mps,Apple M1 Pro (16-core GPU),gpt,synthetic_markov,8,128,fp32,measure,9,19.990416996733984,51224.5442487418,tokens/s,,,8.276728630065918,,ok,,,"{""n_params"": 4240896, ""d_model"": 256, ""n_layers"": 4, ""n_heads"": 4, ""tokens_per_step"": 1024, ""entropy_floor_loss"": 1.3862943611198906, ""step_ms"": 19.990416996733984}","{""torch"":""2.14.0"",""device_name"":""Apple M1 Pro (16-core GPU)"",""seed"":1234,""git_commit"":""fd532446b10740da6a025ff593b3b290f44a5141"",""code_sha256"":""0176831a9269ba58"",""hostname"":""Kims-MacBook-Pro-16.local""}"
20260919_full,2026-09-19T15:50:42.556+07:00,transformer,mps,Apple M1 Pro (16-core GPU),gpt,synthetic_markov,8,128,fp32,measure,10,20.239207999111386,50594.86517678751,tokens/s,,,8.249574661254883,,ok,,,"{""n_params"": 4240896, ""d_model"": 256, ""n_layers"": 4, ""n_heads"": 4, ""tokens_per_step"": 1024, ""entropy_floor_loss"": 1.3862943611198906, ""step_ms"": 20.239207999111386}","{""torch"":""2.14.0"",""device_name"":""Apple M1 Pro (16-core GPU)"",""seed"":1234,""git_commit"":""fd532446b10740da6a025ff593b3b290f44a5141"",""code_sha256"":""0176831a9269ba58"",""hostname"":""Kims-MacBook-Pro-16.local""}"
20260919_full,2026-09-19T15:50:42.576+07:00,transformer,mps,Apple M1 Pro (16-core GPU),gpt,synthetic_markov,8,128,fp32,measure,11,20.034999997733394,51110.55653186162,tokens/s,,,8.263585090637207,,ok,,,"{""n_params"": 4240896, ""d_model"": 256, ""n_layers"": 4, ""n_heads"": 4, ""tokens_per_step"": 1024, ""entropy_floor_loss"": 1.3862943611198906, ""step_ms"": 20.034999997733394}","{""torch"":""2.14.0"",""device_name"":""Apple M1 Pro (16-core GPU)"",""seed"":1234,""git_commit"":""fd532446b10740da6a025ff593b3b290f44a5141"",""code_sha256"":""0176831a9269ba58"",""hostname"":""Kims-MacBook-Pro-16.local""}"
20260919_full,2026-09-19T15:50:42.596+07:00,transformer,mps,Apple M1 Pro (16-core GPU),gpt,synthetic_markov,8,128,fp32,measure,12,20.15729100094177,50800.4771053887,tokens/s,,,8.243083953857422,,ok,,,"{""n_params"": 4240896, ""d_model"": 256, ""n_layers"": 4, ""n_heads"": 4, ""tokens_per_step"": 1024, ""entropy_floor_loss"": 1.3862943611198906, ""step_ms"": 20.15729100094177}","{""torch"":""2.14.0"",""device_name"":""Apple M1 Pro (16-core GPU)"",""seed"":1234,""git_commit"":""fd532446b10740da6a025ff593b3b290f44a5141"",""code_sha256"":""0176831a9269ba58"",""hostname"":""Kims-MacBook-Pro-16.local""}"
20260919_full,2026-09-19T15:50:42.616+07:00,transformer,mps,Apple M1 Pro (16-core GPU),gpt,synthetic_markov,8,128,fp32,measure,13,19.98566699694493,51236.7188023563,tokens/s,,,8.242039680480957,,ok,,,"{""n_params"": 4240896, ""d_model"": 256, ""n_layers"": 4, ""n_heads"": 4, ""tokens_per_step"": 1024, ""entropy_floor_loss"": 1.3862943611198906, ""step_ms"": 19.98566699694493}","{""torch"":""2.14.0"",""device_name"":""Apple M1 Pro (16-core GPU)"",""seed"":1234,""git_commit"":""fd532446b10740da6a025ff593b3b290f44a5141"",""code_sha256"":""0176831a9269ba58"",""hostname"":""Kims-MacBook-Pro-16.local""}"
20260919_full,2026-09-19T15:50:42.637+07:00,transformer,mps,Apple M1 Pro (16-core GPU),gpt,synthetic_markov,8,128,fp32,measure,14,20.42954100033967,50123.49518684608,tokens/s,,,8.226358413696289,,ok,,,"{""n_params"": 4240896, ""d_model"": 256, ""n_layers"": 4, ""n_heads"": 4, ""tokens_per_step"": 1024, ""entropy_floor_loss"": 1.3862943611198906, ""step_ms"": 20.42954100033967}","{""torch"":""2.14.0"",""device_name"":""Apple M1 Pro (16-core GPU)"",""seed"":1234,""git_commit"":""fd532446b10740da6a025ff593b3b290f44a5141"",""code_sha256"":""0176831a9269ba58"",""hostname"":""Kims-MacBook-Pro-16.local""}"
20260919_full,2026-09-19T15:50:42.657+07:00,transformer,mps,Apple M1 Pro (16-core GPU),gpt,synthetic_markov,8,128,fp32,measure,15,20.25120899998001,50564.88232386574,tokens/s,,,8.223438262939453,,ok,,,"{""n_params"": 4240896, ""d_model"": 256, ""n_layers"": 4, ""n_heads"": 4, ""tokens_per_step"": 1024, ""entropy_floor_loss"": 1.3862943611198906, ""step_ms"": 20.25120899998001}","{""torch"":""2.14.0"",""device_name"":""Apple M1 Pro (16-core GPU)"",""seed"":1234,""git_commit"":""fd532446b10740da6a025ff593b3b290f44a5141"",""code_sha256"":""0176831a9269ba58"",""hostname"":""Kims-MacBook-Pro-16.local""}"
20260919_full,2026-09-19T15:50:42.677+07:00,transformer,mps,Apple M1 Pro (16-core GPU),gpt,synthetic_markov,8,128,fp32,measure,16,20.16804099912406,50773.39936211328,tokens/s,,,8.238740921020508,,ok,,,"{""n_params"": 4240896, ""d_model"": 256, ""n_layers"": 4, ""n_heads"": 4, ""tokens_per_step"": 1024, ""entropy_floor_loss"": 1.3862943611198906, ""step_ms"": 20.16804099912406}","{""torch"":""2.14.0"",""device_name"":""Apple M1 Pro (16-core GPU)"",""seed"":1234,""git_commit"":""fd532446b10740da6a025ff593b3b290f44a5141"",""code_sha256"":""0176831a9269ba58"",""hostname"":""Kims-MacBook-Pro-16.local""}"
20260919_full,2026-09-19T15:50:42.698+07:00,transformer,mps,Apple M1 Pro (16-core GPU),gpt,synthetic_markov,8,128,fp32,measure,17,20.130291999521432,50868.61134574422,tokens/s,,,8.223419189453125,,ok,,,"{""n_params"": 4240896, ""d_model"": 256, ""n_layers"": 4, ""n_heads"": 4, ""tokens_per_step"": 1024, ""entropy_floor_loss"": 1.3862943611198906, ""step_ms"": 20.130291999521432}","{""torch"":""2.14.0"",""device_name"":""Apple M1 Pro (16-core GPU)"",""seed"":1234,""git_commit"":""fd532446b10740da6a025ff593b3b290f44a5141"",""code_sha256"":""0176831a9269ba58"",""hostname"":""Kims-MacBook-Pro-16.local""}"
20260919_full,2026-09-19T15:50:42.718+07:00,transformer,mps,Apple M1 Pro (16-core GPU),gpt,synthetic_markov,8,128,fp32,measure,18,19.99308299855329,51217.7136499707,tokens/s,,,8.217802047729492,,ok,,,"{""n_params"": 4240896, ""d_model"": 256, ""n_layers"": 4, ""n_heads"": 4, ""tokens_per_step"": 1024, ""entropy_floor_loss"": 1.3862943611198906, ""step_ms"": 19.99308299855329}","{""torch"":""2.14.0"",""device_name"":""Apple M1 Pro (16-core GPU)"",""seed"":1234,""git_commit"":""fd532446b10740da6a025ff593b3b290f44a5141"",""code_sha256"":""0176831a9269ba58"",""hostname"":""Kims-MacBook-Pro-16.local""}"
20260919_full,2026-09-19T15:50:42.738+07:00,transformer,mps,Apple M1 Pro (16-core GPU),gpt,synthetic_markov,8,128,fp32,measure,19,20.092999999178573,50963.0219500255,tokens/s,,,8.193924903869629,,ok,,,"{""n_params"": 4240896, ""d_model"": 256, ""n_layers"": 4, ""n_heads"": 4, ""tokens_per_step"": 1024, ""entropy_floor_loss"": 1.3862943611198906, ""step_ms"": 20.092999999178573}","{""torch"":""2.14.0"",""device_name"":""Apple M1 Pro (16-core GPU)"",""seed"":1234,""git_commit"":""fd532446b10740da6a025ff593b3b290f44a5141"",""code_sha256"":""0176831a9269ba58"",""hostname"":""Kims-MacBook-Pro-16.local""}"
20260919_full,2026-09-19T15:50:42.738+07:00,transformer,mps,Apple M1 Pro (16-core GPU),gpt,synthetic_markov,8,128,fp32,config,,,,,1194.734375,"mps_driver_allocated_memory (snapshot after work, not a peak; includes allocator cache)",,,ok,,,"{""n_params"": 4240896, ""d_model"": 256, ""n_layers"": 4, ""n_heads"": 4, ""tokens_per_step"": 1024, ""entropy_floor_loss"": 1.3862943611198906, ""process_rss_mb"": 503.125, ""mps_current_allocated_mb"": 64.7109375, ""mps_driver_allocated_mb"": 1194.734375}","{""torch"":""2.14.0"",""device_name"":""Apple M1 Pro (16-core GPU)"",""seed"":1234,""git_commit"":""fd532446b10740da6a025ff593b3b290f44a5141"",""code_sha256"":""0176831a9269ba58"",""hostname"":""Kims-MacBook-Pro-16.local""}"
20260919_full,2026-09-19T15:50:43.022+07:00,transformer,mps,Apple M1 Pro (16-core GPU),gpt,synthetic_markov,8,256,fp32,warmup,0,112.26833299951977,18242.009525595793,tokens/s,,,8.381938934326172,,ok,,,"{""n_params"": 4273664, ""d_model"": 256, ""n_layers"": 4, ""n_heads"": 4, ""tokens_per_step"": 2048, ""entropy_floor_loss"": 1.3862943611198906, ""step_ms"": 112.26833299951977}","{""torch"":""2.14.0"",""device_name"":""Apple M1 Pro (16-core GPU)"",""seed"":1234,""git_commit"":""fd532446b10740da6a025ff593b3b290f44a5141"",""code_sha256"":""0176831a9269ba58"",""hostname"":""Kims-MacBook-Pro-16.local""}"
20260919_full,2026-09-19T15:50:43.060+07:00,transformer,mps,Apple M1 Pro (16-core GPU),gpt,synthetic_markov,8,256,fp32,warmup,1,37.59445800096728,54476.11453654436,tokens/s,,,8.353320121765137,,ok,,,"{""n_params"": 4273664, ""d_model"": 256, ""n_layers"": 4, ""n_heads"": 4, ""tokens_per_step"": 2048, ""entropy_floor_loss"": 1.3862943611198906, ""step_ms"": 37.59445800096728}","{""torch"":""2.14.0"",""device_name"":""Apple M1 Pro (16-core GPU)"",""seed"":1234,""git_commit"":""fd532446b10740da6a025ff593b3b290f44a5141"",""code_sha256"":""0176831a9269ba58"",""hostname"":""Kims-MacBook-Pro-16.local""}"
20260919_full,2026-09-19T15:50:43.097+07:00,transformer,mps,Apple M1 Pro (16-core GPU),gpt,synthetic_markov,8,256,fp32,warmup,2,36.654125000495696,55873.656784121944,tokens/s,,,8.348281860351562,,ok,,,"{""n_params"": 4273664, ""d_model"": 256, ""n_layers"": 4, ""n_heads"": 4, ""tokens_per_step"": 2048, ""entropy_floor_loss"": 1.3862943611198906, ""step_ms"": 36.654125000495696}","{""torch"":""2.14.0"",""device_name"":""Apple M1 Pro (16-core GPU)"",""seed"":1234,""git_commit"":""fd532446b10740da6a025ff593b3b290f44a5141"",""code_sha256"":""0176831a9269ba58"",""hostname"":""Kims-MacBook-Pro-16.local""}"
20260919_full,2026-09-19T15:50:43.134+07:00,transformer,mps,Apple M1 Pro (16-core GPU),gpt,synthetic_markov,8,256,fp32,measure,0,36.71704200314707,55777.91369534787,tokens/s,,,8.324803352355957,,ok,,,"{""n_params"": 4273664, ""d_model"": 256, ""n_layers"": 4, ""n_heads"": 4, ""tokens_per_step"": 2048, ""entropy_floor_loss"": 1.3862943611198906, ""step_ms"": 36.71704200314707}","{""torch"":""2.14.0"",""device_name"":""Apple M1 Pro (16-core GPU)"",""seed"":1234,""git_commit"":""fd532446b10740da6a025ff593b3b290f44a5141"",""code_sha256"":""0176831a9269ba58"",""hostname"":""Kims-MacBook-Pro-16.local""}"
20260919_full,2026-09-19T15:50:43.170+07:00,transformer,mps,Apple M1 Pro (16-core GPU),gpt,synthetic_markov,8,256,fp32,measure,1,36.579958999936935,55986.94082744956,tokens/s,,,8.313631057739258,,ok,,,"{""n_params"": 4273664, ""d_model"": 256, ""n_layers"": 4, ""n_heads"": 4, ""tokens_per_step"": 2048, ""entropy_floor_loss"": 1.3862943611198906, ""step_ms"": 36.579958999936935}","{""torch"":""2.14.0"",""device_name"":""Apple M1 Pro (16-core GPU)"",""seed"":1234,""git_commit"":""fd532446b10740da6a025ff593b3b290f44a5141"",""code_sha256"":""0176831a9269ba58"",""hostname"":""Kims-MacBook-Pro-16.local""}"
20260919_full,2026-09-19T15:50:43.207+07:00,transformer,mps,Apple M1 Pro (16-core GPU),gpt,synthetic_markov,8,256,fp32,measure,2,36.64204100277857,55892.083081417324,tokens/s,,,8.286486625671387,,ok,,,"{""n_params"": 4273664, ""d_model"": 256, ""n_layers"": 4, ""n_heads"": 4, ""tokens_per_step"": 2048, ""entropy_floor_loss"": 1.3862943611198906, ""step_ms"": 36.64204100277857}","{""torch"":""2.14.0"",""device_name"":""Apple M1 Pro (16-core GPU)"",""seed"":1234,""git_commit"":""fd532446b10740da6a025ff593b3b290f44a5141"",""code_sha256"":""0176831a9269ba58"",""hostname"":""Kims-MacBook-Pro-16.local""}"
20260919_full,2026-09-19T15:50:43.243+07:00,transformer,mps,Apple M1 Pro (16-core GPU),gpt,synthetic_markov,8,256,fp32,measure,3,36.14808400016045,56655.83824555983,tokens/s,,,8.288722038269043,,ok,,,"{""n_params"": 4273664, ""d_model"": 256, ""n_layers"": 4, ""n_heads"": 4, ""tokens_per_step"": 2048, ""entropy_floor_loss"": 1.3862943611198906, ""step_ms"": 36.14808400016045}","{""torch"":""2.14.0"",""device_name"":""Apple M1 Pro (16-core GPU)"",""seed"":1234,""git_commit"":""fd532446b10740da6a025ff593b3b290f44a5141"",""code_sha256"":""0176831a9269ba58"",""hostname"":""Kims-MacBook-Pro-16.local""}"
20260919_full,2026-09-19T15:50:43.280+07:00,transformer,mps,Apple M1 Pro (16-core GPU),gpt,synthetic_markov,8,256,fp32,measure,4,36.66191700176569,55861.78158390805,tokens/s,,,8.265533447265625,,ok,,,"{""n_params"": 4273664, ""d_model"": 256, ""n_layers"": 4, ""n_heads"": 4, ""tokens_per_step"": 2048, ""entropy_floor_loss"": 1.3862943611198906, ""step_ms"": 36.66191700176569}","{""torch"":""2.14.0"",""device_name"":""Apple M1 Pro (16-core GPU)"",""seed"":1234,""git_commit"":""fd532446b10740da6a025ff593b3b290f44a5141"",""code_sha256"":""0176831a9269ba58"",""hostname"":""Kims-MacBook-Pro-16.local""}"
20260919_full,2026-09-19T15:50:43.317+07:00,transformer,mps,Apple M1 Pro (16-core GPU),gpt,synthetic_markov,8,256,fp32,measure,5,36.48925000015879,56126.11933627268,tokens/s,,,8.275943756103516,,ok,,,"{""n_params"": 4273664, ""d_model"": 256, ""n_layers"": 4, ""n_heads"": 4, ""tokens_per_step"": 2048, ""entropy_floor_loss"": 1.3862943611198906, ""step_ms"": 36.48925000015879}","{""torch"":""2.14.0"",""device_name"":""Apple M1 Pro (16-core GPU)"",""seed"":1234,""git_commit"":""fd532446b10740da6a025ff593b3b290f44a5141"",""code_sha256"":""0176831a9269ba58"",""hostname"":""Kims-MacBook-Pro-16.local""}"
20260919_full,2026-09-19T15:50:43.353+07:00,transformer,mps,Apple M1 Pro (16-core GPU),gpt,synthetic_markov,8,256,fp32,measure,6,36.283375000493834,56444.583778993154,tokens/s,,,8.225382804870605,,ok,,,"{""n_params"": 4273664, ""d_model"": 256, ""n_layers"": 4, ""n_heads"": 4, ""tokens_per_step"": 2048, ""entropy_floor_loss"": 1.3862943611198906, ""step_ms"": 36.283375000493834}","{""torch"":""2.14.0"",""device_name"":""Apple M1 Pro (16-core GPU)"",""seed"":1234,""git_commit"":""fd532446b10740da6a025ff593b3b290f44a5141"",""code_sha256"":""0176831a9269ba58"",""hostname"":""Kims-MacBook-Pro-16.local""}"
20260919_full,2026-09-19T15:50:43.390+07:00,transformer,mps,Apple M1 Pro (16-core GPU),gpt,synthetic_markov,8,256,fp32,measure,7,36.46187499907683,56168.25794207931,tokens/s,,,8.234519004821777,,ok,,,"{""n_params"": 4273664, ""d_model"": 256, ""n_layers"": 4, ""n_heads"": 4, ""tokens_per_step"": 2048, ""entropy_floor_loss"": 1.3862943611198906, ""step_ms"": 36.46187499907683}","{""torch"":""2.14.0"",""device_name"":""Apple M1 Pro (16-core GPU)"",""seed"":1234,""git_commit"":""fd532446b10740da6a025ff593b3b290f44a5141"",""code_sha256"":""0176831a9269ba58"",""hostname"":""Kims-MacBook-Pro-16.local""}"
20260919_full,2026-09-19T15:50:43.427+07:00,transformer,mps,Apple M1 Pro (16-core GPU),gpt,synthetic_markov,8,256,fp32,measure,8,36.73045799951069,55757.54051385046,tokens/s,,,8.22972297668457,,ok,,,"{""n_params"": 4273664, ""d_model"": 256, ""n_layers"": 4, ""n_heads"": 4, ""tokens_per_step"": 2048, ""entropy_floor_loss"": 1.3862943611198906, ""step_ms"": 36.73045799951069}","{""torch"":""2.14.0"",""device_name"":""Apple M1 Pro (16-core GPU)"",""seed"":1234,""git_commit"":""fd532446b10740da6a025ff593b3b290f44a5141"",""code_sha256"":""0176831a9269ba58"",""hostname"":""Kims-MacBook-Pro-16.local""}"
20260919_full,2026-09-19T15:50:43.463+07:00,transformer,mps,Apple M1 Pro (16-core GPU),gpt,synthetic_markov,8,256,fp32,measure,9,36.67816600136575,55837.033943402195,tokens/s,,,8.20901870727539,,ok,,,"{""n_params"": 4273664, ""d_model"": 256, ""n_layers"": 4, ""n_heads"": 4, ""tokens_per_step"": 2048, ""entropy_floor_loss"": 1.3862943611198906, ""step_ms"": 36.67816600136575}","{""torch"":""2.14.0"",""device_name"":""Apple M1 Pro (16-core GPU)"",""seed"":1234,""git_commit"":""fd532446b10740da6a025ff593b3b290f44a5141"",""code_sha256"":""0176831a9269ba58"",""hostname"":""Kims-MacBook-Pro-16.local""}"
20260919_full,2026-09-19T15:50:43.500+07:00,transformer,mps,Apple M1 Pro (16-core GPU),gpt,synthetic_markov,8,256,fp32,measure,10,36.44066700144322,56200.94714289642,tokens/s,,,8.195345878601074,,ok,,,"{""n_params"": 4273664, ""d_model"": 256, ""n_layers"": 4, ""n_heads"": 4, ""tokens_per_step"": 2048, ""entropy_floor_loss"": 1.3862943611198906, ""step_ms"": 36.44066700144322}","{""torch"":""2.14.0"",""device_name"":""Apple M1 Pro (16-core GPU)"",""seed"":1234,""git_commit"":""fd532446b10740da6a025ff593b3b290f44a5141"",""code_sha256"":""0176831a9269ba58"",""hostname"":""Kims-MacBook-Pro-16.local""}"
20260919_full,2026-09-19T15:50:43.537+07:00,transformer,mps,Apple M1 Pro (16-core GPU),gpt,synthetic_markov,8,256,fp32,measure,11,36.662082999100676,55861.528654829504,tokens/s,,,8.170520782470703,,ok,,,"{""n_params"": 4273664, ""d_model"": 256, ""n_layers"": 4, ""n_heads"": 4, ""tokens_per_step"": 2048, ""entropy_floor_loss"": 1.3862943611198906, ""step_ms"": 36.662082999100676}","{""torch"":""2.14.0"",""device_name"":""Apple M1 Pro (16-core GPU)"",""seed"":1234,""git_commit"":""fd532446b10740da6a025ff593b3b290f44a5141"",""code_sha256"":""0176831a9269ba58"",""hostname"":""Kims-MacBook-Pro-16.local""}"
20260919_full,2026-09-19T15:50:43.574+07:00,transformer,mps,Apple M1 Pro (16-core GPU),gpt,synthetic_markov,8,256,fp32,measure,12,37.21412500090082,55032.86722314243,tokens/s,,,8.14276123046875,,ok,,,"{""n_params"": 4273664, ""d_model"": 256, ""n_layers"": 4, ""n_heads"": 4, ""tokens_per_step"": 2048, ""entropy_floor_loss"": 1.3862943611198906, ""step_ms"": 37.21412500090082}","{""torch"":""2.14.0"",""device_name"":""Apple M1 Pro (16-core GPU)"",""seed"":1234,""git_commit"":""fd532446b10740da6a025ff593b3b290f44a5141"",""code_sha256"":""0176831a9269ba58"",""hostname"":""Kims-MacBook-Pro-16.local""}"
20260919_full,2026-09-19T15:50:43.611+07:00,transformer,mps,Apple M1 Pro (16-core GPU),gpt,synthetic_markov,8,256,fp32,measure,13,36.43954199651489,56202.68224545392,tokens/s,,,8.135539054870605,,ok,,,"{""n_params"": 4273664, ""d_model"": 256, ""n_layers"": 4, ""n_heads"": 4, ""tokens_per_step"": 2048, ""entropy_floor_loss"": 1.3862943611198906, ""step_ms"": 36.43954199651489}","{""torch"":""2.14.0"",""device_name"":""Apple M1 Pro (16-core GPU)"",""seed"":1234,""git_commit"":""fd532446b10740da6a025ff593b3b290f44a5141"",""code_sha256"":""0176831a9269ba58"",""hostname"":""Kims-MacBook-Pro-16.local""}"
20260919_full,2026-09-19T15:50:43.647+07:00,transformer,mps,Apple M1 Pro (16-core GPU),gpt,synthetic_markov,8,256,fp32,measure,14,36.4469590022054,56191.24492323422,tokens/s,,,8.133930206298828,,ok,,,"{""n_params"": 4273664, ""d_model"": 256, ""n_layers"": 4, ""n_heads"": 4, ""tokens_per_step"": 2048, ""entropy_floor_loss"": 1.3862943611198906, ""step_ms"": 36.4469590022054}","{""torch"":""2.14.0"",""device_name"":""Apple M1 Pro (16-core GPU)"",""seed"":1234,""git_commit"":""fd532446b10740da6a025ff593b3b290f44a5141"",""code_sha256"":""0176831a9269ba58"",""hostname"":""Kims-MacBook-Pro-16.local""}"
20260919_full,2026-09-19T15:50:43.684+07:00,transformer,mps,Apple M1 Pro (16-core GPU),gpt,synthetic_markov,8,256,fp32,measure,15,36.59462499854271,55964.50298593185,tokens/s,,,8.113668441772461,,ok,,,"{""n_params"": 4273664, ""d_model"": 256, ""n_layers"": 4, ""n_heads"": 4, ""tokens_per_step"": 2048, ""entropy_floor_loss"": 1.3862943611198906, ""step_ms"": 36.59462499854271}","{""torch"":""2.14.0"",""device_name"":""Apple M1 Pro (16-core GPU)"",""seed"":1234,""git_commit"":""fd532446b10740da6a025ff593b3b290f44a5141"",""code_sha256"":""0176831a9269ba58"",""hostname"":""Kims-MacBook-Pro-16.local""}"
20260919_full,2026-09-19T15:50:43.721+07:00,transformer,mps,Apple M1 Pro (16-core GPU),gpt,synthetic_markov,8,256,fp32,measure,16,36.492625000391854,56120.92854317849,tokens/s,,,8.121041297912598,,ok,,,"{""n_params"": 4273664, ""d_model"": 256, ""n_layers"": 4, ""n_heads"": 4, ""tokens_per_step"": 2048, ""entropy_floor_loss"": 1.3862943611198906, ""step_ms"": 36.492625000391854}","{""torch"":""2.14.0"",""device_name"":""Apple M1 Pro (16-core GPU)"",""seed"":1234,""git_commit"":""fd532446b10740da6a025ff593b3b290f44a5141"",""code_sha256"":""0176831a9269ba58"",""hostname"":""Kims-MacBook-Pro-16.local""}"
20260919_full,2026-09-19T15:50:43.758+07:00,transformer,mps,Apple M1 Pro (16-core GPU),gpt,synthetic_markov,8,256,fp32,measure,17,36.859957999695325,55561.64768329167,tokens/s,,,8.111050605773926,,ok,,,"{""n_params"": 4273664, ""d_model"": 256, ""n_layers"": 4, ""n_heads"": 4, ""tokens_per_step"": 2048, ""entropy_floor_loss"": 1.3862943611198906, ""step_ms"": 36.859957999695325}","{""torch"":""2.14.0"",""device_name"":""Apple M1 Pro (16-core GPU)"",""seed"":1234,""git_commit"":""fd532446b10740da6a025ff593b3b290f44a5141"",""code_sha256"":""0176831a9269ba58"",""hostname"":""Kims-MacBook-Pro-16.local""}"
20260919_full,2026-09-19T15:50:43.795+07:00,transformer,mps,Apple M1 Pro (16-core GPU),gpt,synthetic_markov,8,256,fp32,measure,18,36.90749999805121,55490.07654563811,tokens/s,,,8.080436706542969,,ok,,,"{""n_params"": 4273664, ""d_model"": 256, ""n_layers"": 4, ""n_heads"": 4, ""tokens_per_step"": 2048, ""entropy_floor_loss"": 1.3862943611198906, ""step_ms"": 36.90749999805121}","{""torch"":""2.14.0"",""device_name"":""Apple M1 Pro (16-core GPU)"",""seed"":1234,""git_commit"":""fd532446b10740da6a025ff593b3b290f44a5141"",""code_sha256"":""0176831a9269ba58"",""hostname"":""Kims-MacBook-Pro-16.local""}"
20260919_full,2026-09-19T15:50:43.832+07:00,transformer,mps,Apple M1 Pro (16-core GPU),gpt,synthetic_markov,8,256,fp32,measure,19,36.78924999985611,55668.4357525095,tokens/s,,,8.088589668273926,,ok,,,"{""n_params"": 4273664, ""d_model"": 256, ""n_layers"": 4, ""n_heads"": 4, ""tokens_per_step"": 2048, ""entropy_floor_loss"": 1.3862943611198906, ""step_ms"": 36.78924999985611}","{""torch"":""2.14.0"",""device_name"":""Apple M1 Pro (16-core GPU)"",""seed"":1234,""git_commit"":""fd532446b10740da6a025ff593b3b290f44a5141"",""code_sha256"":""0176831a9269ba58"",""hostname"":""Kims-MacBook-Pro-16.local""}"
20260919_full,2026-09-19T15:50:43.832+07:00,transformer,mps,Apple M1 Pro (16-core GPU),gpt,synthetic_markov,8,256,fp32,config,,,,,1330.71875,"mps_driver_allocated_memory (snapshot after work, not a peak; includes allocator cache)",,,ok,,,"{""n_params"": 4273664, ""d_model"": 256, ""n_layers"": 4, ""n_heads"": 4, ""tokens_per_step"": 2048, ""entropy_floor_loss"": 1.3862943611198906, ""process_rss_mb"": 508.65625, ""mps_current_allocated_mb"": 65.2109375, ""mps_driver_allocated_mb"": 1330.71875}","{""torch"":""2.14.0"",""device_name"":""Apple M1 Pro (16-core GPU)"",""seed"":1234,""git_commit"":""fd532446b10740da6a025ff593b3b290f44a5141"",""code_sha256"":""0176831a9269ba58"",""hostname"":""Kims-MacBook-Pro-16.local""}"
20260919_full,2026-09-19T15:50:44.146+07:00,transformer,mps,Apple M1 Pro (16-core GPU),gpt,synthetic_markov,8,512,fp32,warmup,0,141.03099999920232,29043.259992648193,tokens/s,,,8.362485885620117,,ok,,,"{""n_params"": 4339200, ""d_model"": 256, ""n_layers"": 4, ""n_heads"": 4, ""tokens_per_step"": 4096, ""entropy_floor_loss"": 1.3862943611198906, ""step_ms"": 141.03099999920232}","{""torch"":""2.14.0"",""device_name"":""Apple M1 Pro (16-core GPU)"",""seed"":1234,""git_commit"":""fd532446b10740da6a025ff593b3b290f44a5141"",""code_sha256"":""0176831a9269ba58"",""hostname"":""Kims-MacBook-Pro-16.local""}"
20260919_full,2026-09-19T15:50:44.223+07:00,transformer,mps,Apple M1 Pro (16-core GPU),gpt,synthetic_markov,8,512,fp32,warmup,1,76.15166699906695,53787.39772105299,tokens/s,,,8.342811584472656,,ok,,,"{""n_params"": 4339200, ""d_model"": 256, ""n_layers"": 4, ""n_heads"": 4, ""tokens_per_step"": 4096, ""entropy_floor_loss"": 1.3862943611198906, ""step_ms"": 76.15166699906695}","{""torch"":""2.14.0"",""device_name"":""Apple M1 Pro (16-core GPU)"",""seed"":1234,""git_commit"":""fd532446b10740da6a025ff593b3b290f44a5141"",""code_sha256"":""0176831a9269ba58"",""hostname"":""Kims-MacBook-Pro-16.local""}"
20260919_full,2026-09-19T15:50:44.300+07:00,transformer,mps,Apple M1 Pro (16-core GPU),gpt,synthetic_markov,8,512,fp32,warmup,2,77.57074999972247,52803.40850146034,tokens/s,,,8.319968223571777,,ok,,,"{""n_params"": 4339200, ""d_model"": 256, ""n_layers"": 4, ""n_heads"": 4, ""tokens_per_step"": 4096, ""entropy_floor_loss"": 1.3862943611198906, ""step_ms"": 77.57074999972247}","{""torch"":""2.14.0"",""device_name"":""Apple M1 Pro (16-core GPU)"",""seed"":1234,""git_commit"":""fd532446b10740da6a025ff593b3b290f44a5141"",""code_sha256"":""0176831a9269ba58"",""hostname"":""Kims-MacBook-Pro-16.local""}"
20260919_full,2026-09-19T15:50:44.378+07:00,transformer,mps,Apple M1 Pro (16-core GPU),gpt,synthetic_markov,8,512,fp32,measure,0,76.91983399854507,53250.24492483272,tokens/s,,,8.294733047485352,,ok,,,"{""n_params"": 4339200, ""d_model"": 256, ""n_layers"": 4, ""n_heads"": 4, ""tokens_per_step"": 4096, ""entropy_floor_loss"": 1.3862943611198906, ""step_ms"": 76.91983399854507}","{""torch"":""2.14.0"",""device_name"":""Apple M1 Pro (16-core GPU)"",""seed"":1234,""git_commit"":""fd532446b10740da6a025ff593b3b290f44a5141"",""code_sha256"":""0176831a9269ba58"",""hostname"":""Kims-MacBook-Pro-16.local""}"
20260919_full,2026-09-19T15:50:44.456+07:00,transformer,mps,Apple M1 Pro (16-core GPU),gpt,synthetic_markov,8,512,fp32,measure,1,78.22849999865866,52359.43422244107,tokens/s,,,8.278544425964355,,ok,,,"{""n_params"": 4339200, ""d_model"": 256, ""n_layers"": 4, ""n_heads"": 4, ""tokens_per_step"": 4096, ""entropy_floor_loss"": 1.3862943611198906, ""step_ms"": 78.22849999865866}","{""torch"":""2.14.0"",""device_name"":""Apple M1 Pro (16-core GPU)"",""seed"":1234,""git_commit"":""fd532446b10740da6a025ff593b3b290f44a5141"",""code_sha256"":""0176831a9269ba58"",""hostname"":""Kims-MacBook-Pro-16.local""}"
20260919_full,2026-09-19T15:50:44.534+07:00,transformer,mps,Apple M1 Pro (16-core GPU),gpt,synthetic_markov,8,512,fp32,measure,2,77.52879200052121,52831.985309050906,tokens/s,,,8.246862411499023,,ok,,,"{""n_params"": 4339200, ""d_model"": 256, ""n_layers"": 4, ""n_heads"": 4, ""tokens_per_step"": 4096, ""entropy_floor_loss"": 1.3862943611198906, ""step_ms"": 77.52879200052121}","{""torch"":""2.14.0"",""device_name"":""Apple M1 Pro (16-core GPU)"",""seed"":1234,""git_commit"":""fd532446b10740da6a025ff593b3b290f44a5141"",""code_sha256"":""0176831a9269ba58"",""hostname"":""Kims-MacBook-Pro-16.local""}"
20260919_full,2026-09-19T15:50:44.611+07:00,transformer,mps,Apple M1 Pro (16-core GPU),gpt,synthetic_markov,8,512,fp32,measure,3,77.23154199993587,53035.32590354601,tokens/s,,,8.234847068786621,,ok,,,"{""n_params"": 4339200, ""d_model"": 256, ""n_layers"": 4, ""n_heads"": 4, ""tokens_per_step"": 4096, ""entropy_floor_loss"": 1.3862943611198906, ""step_ms"": 77.23154199993587}","{""torch"":""2.14.0"",""device_name"":""Apple M1 Pro (16-core GPU)"",""seed"":1234,""git_commit"":""fd532446b10740da6a025ff593b3b290f44a5141"",""code_sha256"":""0176831a9269ba58"",""hostname"":""Kims-MacBook-Pro-16.local""}"
20260919_full,2026-09-19T15:50:44.688+07:00,transformer,mps,Apple M1 Pro (16-core GPU),gpt,synthetic_markov,8,512,fp32,measure,4,76.59899999998743,53473.28294103934,tokens/s,,,8.208288192749023,,ok,,,"{""n_params"": 4339200, ""d_model"": 256, ""n_layers"": 4, ""n_heads"": 4, ""tokens_per_step"": 4096, ""entropy_floor_loss"": 1.3862943611198906, ""step_ms"": 76.59899999998743}","{""torch"":""2.14.0"",""device_name"":""Apple M1 Pro (16-core GPU)"",""seed"":1234,""git_commit"":""fd532446b10740da6a025ff593b3b290f44a5141"",""code_sha256"":""0176831a9269ba58"",""hostname"":""Kims-MacBook-Pro-16.local""}"
20260919_full,2026-09-19T15:50:44.765+07:00,transformer,mps,Apple M1 Pro (16-core GPU),gpt,synthetic_markov,8,512,fp32,measure,5,76.79145800284459,53339.26593564966,tokens/s,,,8.190807342529297,,ok,,,"{""n_params"": 4339200, ""d_model"": 256, ""n_layers"": 4, ""n_heads"": 4, ""tokens_per_step"": 4096, ""entropy_floor_loss"": 1.3862943611198906, ""step_ms"": 76.79145800284459}","{""torch"":""2.14.0"",""device_name"":""Apple M1 Pro (16-core GPU)"",""seed"":1234,""git_commit"":""fd532446b10740da6a025ff593b3b290f44a5141"",""code_sha256"":""0176831a9269ba58"",""hostname"":""Kims-MacBook-Pro-16.local""}"
20260919_full,2026-09-19T15:50:44.841+07:00,transformer,mps,Apple M1 Pro (16-core GPU),gpt,synthetic_markov,8,512,fp32,measure,6,76.53037499767379,53521.2325841145,tokens/s,,,8.167703628540039,,ok,,,"{""n_params"": 4339200, ""d_model"": 256, ""n_layers"": 4, ""n_heads"": 4, ""tokens_per_step"": 4096, ""entropy_floor_loss"": 1.3862943611198906, ""step_ms"": 76.53037499767379}","{""torch"":""2.14.0"",""device_name"":""Apple M1 Pro (16-core GPU)"",""seed"":1234,""git_commit"":""fd532446b10740da6a025ff593b3b290f44a5141"",""code_sha256"":""0176831a9269ba58"",""hostname"":""Kims-MacBook-Pro-16.local""}"
20260919_full,2026-09-19T15:50:44.918+07:00,transformer,mps,Apple M1 Pro (16-core GPU),gpt,synthetic_markov,8,512,fp32,measure,7,76.66745899769012,53425.534816843305,tokens/s,,,8.148136138916016,,ok,,,"{""n_params"": 4339200, ""d_model"": 256, ""n_layers"": 4, ""n_heads"": 4, ""tokens_per_step"": 4096, ""entropy_floor_loss"": 1.3862943611198906, ""step_ms"": 76.66745899769012}","{""torch"":""2.14.0"",""device_name"":""Apple M1 Pro (16-core GPU)"",""seed"":1234,""git_commit"":""fd532446b10740da6a025ff593b3b290f44a5141"",""code_sha256"":""0176831a9269ba58"",""hostname"":""Kims-MacBook-Pro-16.local""}"
20260919_full,2026-09-19T15:50:44.995+07:00,transformer,mps,Apple M1 Pro (16-core GPU),gpt,synthetic_markov,8,512,fp32,measure,8,76.8223749983008,53317.79966566508,tokens/s,,,8.11660385131836,,ok,,,"{""n_params"": 4339200, ""d_model"": 256, ""n_layers"": 4, ""n_heads"": 4, ""tokens_per_step"": 4096, ""entropy_floor_loss"": 1.3862943611198906, ""step_ms"": 76.8223749983008}","{""torch"":""2.14.0"",""device_name"":""Apple M1 Pro (16-core GPU)"",""seed"":1234,""git_commit"":""fd532446b10740da6a025ff593b3b290f44a5141"",""code_sha256"":""0176831a9269ba58"",""hostname"":""Kims-MacBook-Pro-16.local""}"
20260919_full,2026-09-19T15:50:45.072+07:00,transformer,mps,Apple M1 Pro (16-core GPU),gpt,synthetic_markov,8,512,fp32,measure,9,76.3741660011874,53630.70020216415,tokens/s,,,8.098718643188477,,ok,,,"{""n_params"": 4339200, ""d_model"": 256, ""n_layers"": 4, ""n_heads"": 4, ""tokens_per_step"": 4096, ""entropy_floor_loss"": 1.3862943611198906, ""step_ms"": 76.3741660011874}","{""torch"":""2.14.0"",""device_name"":""Apple M1 Pro (16-core GPU)"",""seed"":1234,""git_commit"":""fd532446b10740da6a025ff593b3b290f44a5141"",""code_sha256"":""0176831a9269ba58"",""hostname"":""Kims-MacBook-Pro-16.local""}"
20260919_full,2026-09-19T15:50:45.149+07:00,transformer,mps,Apple M1 Pro (16-core GPU),gpt,synthetic_markov,8,512,fp32,measure,10,77.18258299792069,53068.96764663016,tokens/s,,,8.087552070617676,,ok,,,"{""n_params"": 4339200, ""d_model"": 256, ""n_layers"": 4, ""n_heads"": 4, ""tokens_per_step"": 4096, ""entropy_floor_loss"": 1.3862943611198906, ""step_ms"": 77.18258299792069}","{""torch"":""2.14.0"",""device_name"":""Apple M1 Pro (16-core GPU)"",""seed"":1234,""git_commit"":""fd532446b10740da6a025ff593b3b290f44a5141"",""code_sha256"":""0176831a9269ba58"",""hostname"":""Kims-MacBook-Pro-16.local""}"
20260919_full,2026-09-19T15:50:45.226+07:00,transformer,mps,Apple M1 Pro (16-core GPU),gpt,synthetic_markov,8,512,fp32,measure,11,76.7570420030097,53363.1819714912,tokens/s,,,8.076072692871094,,ok,,,"{""n_params"": 4339200, ""d_model"": 256, ""n_layers"": 4, ""n_heads"": 4, ""tokens_per_step"": 4096, ""entropy_floor_loss"": 1.3862943611198906, ""step_ms"": 76.7570420030097}","{""torch"":""2.14.0"",""device_name"":""Apple M1 Pro (16-core GPU)"",""seed"":1234,""git_commit"":""fd532446b10740da6a025ff593b3b290f44a5141"",""code_sha256"":""0176831a9269ba58"",""hostname"":""Kims-MacBook-Pro-16.local""}"
20260919_full,2026-09-19T15:50:45.303+07:00,transformer,mps,Apple M1 Pro (16-core GPU),gpt,synthetic_markov,8,512,fp32,measure,12,76.7342090002785,53379.06070009967,tokens/s,,,8.041145324707031,,ok,,,"{""n_params"": 4339200, ""d_model"": 256, ""n_layers"": 4, ""n_heads"": 4, ""tokens_per_step"": 4096, ""entropy_floor_loss"": 1.3862943611198906, ""step_ms"": 76.7342090002785}","{""torch"":""2.14.0"",""device_name"":""Apple M1 Pro (16-core GPU)"",""seed"":1234,""git_commit"":""fd532446b10740da6a025ff593b3b290f44a5141"",""code_sha256"":""0176831a9269ba58"",""hostname"":""Kims-MacBook-Pro-16.local""}"
20260919_full,2026-09-19T15:50:45.379+07:00,transformer,mps,Apple M1 Pro (16-core GPU),gpt,synthetic_markov,8,512,fp32,measure,13,76.49524999942514,53545.80840027036,tokens/s,,,8.020648956298828,,ok,,,"{""n_params"": 4339200, ""d_model"": 256, ""n_layers"": 4, ""n_heads"": 4, ""tokens_per_step"": 4096, ""entropy_floor_loss"": 1.3862943611198906, ""step_ms"": 76.49524999942514}","{""torch"":""2.14.0"",""device_name"":""Apple M1 Pro (16-core GPU)"",""seed"":1234,""git_commit"":""fd532446b10740da6a025ff593b3b290f44a5141"",""code_sha256"":""0176831a9269ba58"",""hostname"":""Kims-MacBook-Pro-16.local""}"
20260919_full,2026-09-19T15:50:45.456+07:00,transformer,mps,Apple M1 Pro (16-core GPU),gpt,synthetic_markov,8,512,fp32,measure,14,76.59291600066354,53477.530480292924,tokens/s,,,7.99625301361084,,ok,,,"{""n_params"": 4339200, ""d_model"": 256, ""n_layers"": 4, ""n_heads"": 4, ""tokens_per_step"": 4096, ""entropy_floor_loss"": 1.3862943611198906, ""step_ms"": 76.59291600066354}","{""torch"":""2.14.0"",""device_name"":""Apple M1 Pro (16-core GPU)"",""seed"":1234,""git_commit"":""fd532446b10740da6a025ff593b3b290f44a5141"",""code_sha256"":""0176831a9269ba58"",""hostname"":""Kims-MacBook-Pro-16.local""}"
20260919_full,2026-09-19T15:50:45.533+07:00,transformer,mps,Apple M1 Pro (16-core GPU),gpt,synthetic_markov,8,512,fp32,measure,15,77.0052499974554,53191.1785252999,tokens/s,,,7.999627113342285,,ok,,,"{""n_params"": 4339200, ""d_model"": 256, ""n_layers"": 4, ""n_heads"": 4, ""tokens_per_step"": 4096, ""entropy_floor_loss"": 1.3862943611198906, ""step_ms"": 77.0052499974554}","{""torch"":""2.14.0"",""device_name"":""Apple M1 Pro (16-core GPU)"",""seed"":1234,""git_commit"":""fd532446b10740da6a025ff593b3b290f44a5141"",""code_sha256"":""0176831a9269ba58"",""hostname"":""Kims-MacBook-Pro-16.local""}"
20260919_full,2026-09-19T15:50:45.610+07:00,transformer,mps,Apple M1 Pro (16-core GPU),gpt,synthetic_markov,8,512,fp32,measure,16,76.65087499844958,53437.093837256914,tokens/s,,,7.966289520263672,,ok,,,"{""n_params"": 4339200, ""d_model"": 256, ""n_layers"": 4, ""n_heads"": 4, ""tokens_per_step"": 4096, ""entropy_floor_loss"": 1.3862943611198906, ""step_ms"": 76.65087499844958}","{""torch"":""2.14.0"",""device_name"":""Apple M1 Pro (16-core GPU)"",""seed"":1234,""git_commit"":""fd532446b10740da6a025ff593b3b290f44a5141"",""code_sha256"":""0176831a9269ba58"",""hostname"":""Kims-MacBook-Pro-16.local""}"
20260919_full,2026-09-19T15:50:45.687+07:00,transformer,mps,Apple M1 Pro (16-core GPU),gpt,synthetic_markov,8,512,fp32,measure,17,76.4831669985142,53554.26770023227,tokens/s,,,7.944725036621094,,ok,,,"{""n_params"": 4339200, ""d_model"": 256, ""n_layers"": 4, ""n_heads"": 4, ""tokens_per_step"": 4096, ""entropy_floor_loss"": 1.3862943611198906, ""step_ms"": 76.4831669985142}","{""torch"":""2.14.0"",""device_name"":""Apple M1 Pro (16-core GPU)"",""seed"":1234,""git_commit"":""fd532446b10740da6a025ff593b3b290f44a5141"",""code_sha256"":""0176831a9269ba58"",""hostname"":""Kims-MacBook-Pro-16.local""}"
20260919_full,2026-09-19T15:50:45.764+07:00,transformer,mps,Apple M1 Pro (16-core GPU),gpt,synthetic_markov,8,512,fp32,measure,18,76.60525000028429,53468.92021088371,tokens/s,,,7.9225945472717285,,ok,,,"{""n_params"": 4339200, ""d_model"": 256, ""n_layers"": 4, ""n_heads"": 4, ""tokens_per_step"": 4096, ""entropy_floor_loss"": 1.3862943611198906, ""step_ms"": 76.60525000028429}","{""torch"":""2.14.0"",""device_name"":""Apple M1 Pro (16-core GPU)"",""seed"":1234,""git_commit"":""fd532446b10740da6a025ff593b3b290f44a5141"",""code_sha256"":""0176831a9269ba58"",""hostname"":""Kims-MacBook-Pro-16.local""}"
20260919_full,2026-09-19T15:50:45.840+07:00,transformer,mps,Apple M1 Pro (16-core GPU),gpt,synthetic_markov,8,512,fp32,measure,19,76.5157919995545,53531.43309323451,tokens/s,,,7.905445098876953,,ok,,,"{""n_params"": 4339200, ""d_model"": 256, ""n_layers"": 4, ""n_heads"": 4, ""tokens_per_step"": 4096, ""entropy_floor_loss"": 1.3862943611198906, ""step_ms"": 76.5157919995545}","{""torch"":""2.14.0"",""device_name"":""Apple M1 Pro (16-core GPU)"",""seed"":1234,""git_commit"":""fd532446b10740da6a025ff593b3b290f44a5141"",""code_sha256"":""0176831a9269ba58"",""hostname"":""Kims-MacBook-Pro-16.local""}"
20260919_full,2026-09-19T15:50:45.841+07:00,transformer,mps,Apple M1 Pro (16-core GPU),gpt,synthetic_markov,8,512,fp32,config,,,,,1266.71875,"mps_driver_allocated_memory (snapshot after work, not a peak; includes allocator cache)",,,ok,,,"{""n_params"": 4339200, ""d_model"": 256, ""n_layers"": 4, ""n_heads"": 4, ""tokens_per_step"": 4096, ""entropy_floor_loss"": 1.3862943611198906, ""process_rss_mb"": 517.609375, ""mps_current_allocated_mb"": 66.2109375, ""mps_driver_allocated_mb"": 1266.71875}","{""torch"":""2.14.0"",""device_name"":""Apple M1 Pro (16-core GPU)"",""seed"":1234,""git_commit"":""fd532446b10740da6a025ff593b3b290f44a5141"",""code_sha256"":""0176831a9269ba58"",""hostname"":""Kims-MacBook-Pro-16.local""}"
20260919_full,2026-09-19T15:50:46.130+07:00,transformer,mps,Apple M1 Pro (16-core GPU),gpt,synthetic_markov,16,128,fp32,warmup,0,122.33399999968242,16741.053182314947,tokens/s,,,8.369635581970215,,ok,,,"{""n_params"": 4240896, ""d_model"": 256, ""n_layers"": 4, ""n_heads"": 4, ""tokens_per_step"": 2048, ""entropy_floor_loss"": 1.3862943611198906, ""step_ms"": 122.33399999968242}","{""torch"":""2.14.0"",""device_name"":""Apple M1 Pro (16-core GPU)"",""seed"":1234,""git_commit"":""fd532446b10740da6a025ff593b3b290f44a5141"",""code_sha256"":""0176831a9269ba58"",""hostname"":""Kims-MacBook-Pro-16.local""}"
20260919_full,2026-09-19T15:50:46.167+07:00,transformer,mps,Apple M1 Pro (16-core GPU),gpt,synthetic_markov,16,128,fp32,warmup,1,37.03816699999152,55294.31302581656,tokens/s,,,8.35234546661377,,ok,,,"{""n_params"": 4240896, ""d_model"": 256, ""n_layers"": 4, ""n_heads"": 4, ""tokens_per_step"": 2048, ""entropy_floor_loss"": 1.3862943611198906, ""step_ms"": 37.03816699999152}","{""torch"":""2.14.0"",""device_name"":""Apple M1 Pro (16-core GPU)"",""seed"":1234,""git_commit"":""fd532446b10740da6a025ff593b3b290f44a5141"",""code_sha256"":""0176831a9269ba58"",""hostname"":""Kims-MacBook-Pro-16.local""}"
20260919_full,2026-09-19T15:50:46.202+07:00,transformer,mps,Apple M1 Pro (16-core GPU),gpt,synthetic_markov,16,128,fp32,warmup,2,34.49983300015447,59362.60618974099,tokens/s,,,8.336686134338379,,ok,,,"{""n_params"": 4240896, ""d_model"": 256, ""n_layers"": 4, ""n_heads"": 4, ""tokens_per_step"": 2048, ""entropy_floor_loss"": 1.3862943611198906, ""step_ms"": 34.49983300015447}","{""torch"":""2.14.0"",""device_name"":""Apple M1 Pro (16-core GPU)"",""seed"":1234,""git_commit"":""fd532446b10740da6a025ff593b3b290f44a5141"",""code_sha256"":""0176831a9269ba58"",""hostname"":""Kims-MacBook-Pro-16.local""}"
20260919_full,2026-09-19T15:50:46.237+07:00,transformer,mps,Apple M1 Pro (16-core GPU),gpt,synthetic_markov,16,128,fp32,measure,0,34.29933399820584,59709.61418980114,tokens/s,,,8.317476272583008,,ok,,,"{""n_params"": 4240896, ""d_model"": 256, ""n_layers"": 4, ""n_heads"": 4, ""tokens_per_step"": 2048, ""entropy_floor_loss"": 1.3862943611198906, ""step_ms"": 34.29933399820584}","{""torch"":""2.14.0"",""device_name"":""Apple M1 Pro (16-core GPU)"",""seed"":1234,""git_commit"":""fd532446b10740da6a025ff593b3b290f44a5141"",""code_sha256"":""0176831a9269ba58"",""hostname"":""Kims-MacBook-Pro-16.local""}"
20260919_full,2026-09-19T15:50:46.271+07:00,transformer,mps,Apple M1 Pro (16-core GPU),gpt,synthetic_markov,16,128,fp32,measure,1,34.33879199656076,59641.00310241315,tokens/s,,,8.30870532989502,,ok,,,"{""n_params"": 4240896, ""d_model"": 256, ""n_layers"": 4, ""n_heads"": 4, ""tokens_per_step"": 2048, ""entropy_floor_loss"": 1.3862943611198906, ""step_ms"": 34.33879199656076}","{""torch"":""2.14.0"",""device_name"":""Apple M1 Pro (16-core GPU)"",""seed"":1234,""git_commit"":""fd532446b10740da6a025ff593b3b290f44a5141"",""code_sha256"":""0176831a9269ba58"",""hostname"":""Kims-MacBook-Pro-16.local""}"
20260919_full,2026-09-19T15:50:46.306+07:00,transformer,mps,Apple M1 Pro (16-core GPU),gpt,synthetic_markov,16,128,fp32,measure,2,34.40433300056611,59527.38569197958,tokens/s,,,8.30506420135498,,ok,,,"{""n_params"": 4240896, ""d_model"": 256, ""n_layers"": 4, ""n_heads"": 4, ""tokens_per_step"": 2048, ""entropy_floor_loss"": 1.3862943611198906, ""step_ms"": 34.40433300056611}","{""torch"":""2.14.0"",""device_name"":""Apple M1 Pro (16-core GPU)"",""seed"":1234,""git_commit"":""fd532446b10740da6a025ff593b3b290f44a5141"",""code_sha256"":""0176831a9269ba58"",""hostname"":""Kims-MacBook-Pro-16.local""}"
20260919_full,2026-09-19T15:50:46.340+07:00,transformer,mps,Apple M1 Pro (16-core GPU),gpt,synthetic_markov,16,128,fp32,measure,3,34.384165999654215,59562.299694010195,tokens/s,,,8.284214973449707,,ok,,,"{""n_params"": 4240896, ""d_model"": 256, ""n_layers"": 4, ""n_heads"": 4, ""tokens_per_step"": 2048, ""entropy_floor_loss"": 1.3862943611198906, ""step_ms"": 34.384165999654215}","{""torch"":""2.14.0"",""device_name"":""Apple M1 Pro (16-core GPU)"",""seed"":1234,""git_commit"":""fd532446b10740da6a025ff593b3b290f44a5141"",""code_sha256"":""0176831a9269ba58"",""hostname"":""Kims-MacBook-Pro-16.local""}"
20260919_full,2026-09-19T15:50:46.374+07:00,transformer,mps,Apple M1 Pro (16-core GPU),gpt,synthetic_markov,16,128,fp32,measure,4,34.220458001072984,59847.24108414285,tokens/s,,,8.28187370300293,,ok,,,"{""n_params"": 4240896, ""d_model"": 256, ""n_layers"": 4, ""n_heads"": 4, ""tokens_per_step"": 2048, ""entropy_floor_loss"": 1.3862943611198906, ""step_ms"": 34.220458001072984}","{""torch"":""2.14.0"",""device_name"":""Apple M1 Pro (16-core GPU)"",""seed"":1234,""git_commit"":""fd532446b10740da6a025ff593b3b290f44a5141"",""code_sha256"":""0176831a9269ba58"",""hostname"":""Kims-MacBook-Pro-16.local""}"
20260919_full,2026-09-19T15:50:46.410+07:00,transformer,mps,Apple M1 Pro (16-core GPU),gpt,synthetic_markov,16,128,fp32,measure,5,34.974207999766804,58557.43752692428,tokens/s,,,8.267035484313965,,ok,,,"{""n_params"": 4240896, ""d_model"": 256, ""n_layers"": 4, ""n_heads"": 4, ""tokens_per_step"": 2048, ""entropy_floor_loss"": 1.3862943611198906, ""step_ms"": 34.974207999766804}","{""torch"":""2.14.0"",""device_name"":""Apple M1 Pro (16-core GPU)"",""seed"":1234,""git_commit"":""fd532446b10740da6a025ff593b3b290f44a5141"",""code_sha256"":""0176831a9269ba58"",""hostname"":""Kims-MacBook-Pro-16.local""}"
20260919_full,2026-09-19T15:50:46.444+07:00,transformer,mps,Apple M1 Pro (16-core GPU),gpt,synthetic_markov,16,128,fp32,measure,6,34.389500000543194,59553.06125322122,tokens/s,,,8.261945724487305,,ok,,,"{""n_params"": 4240896, ""d_model"": 256, ""n_layers"": 4, ""n_heads"": 4, ""tokens_per_step"": 2048, ""entropy_floor_loss"": 1.3862943611198906, ""step_ms"": 34.389500000543194}","{""torch"":""2.14.0"",""device_name"":""Apple M1 Pro (16-core GPU)"",""seed"":1234,""git_commit"":""fd532446b10740da6a025ff593b3b290f44a5141"",""code_sha256"":""0176831a9269ba58"",""hostname"":""Kims-MacBook-Pro-16.local""}"
20260919_full,2026-09-19T15:50:46.479+07:00,transformer,mps,Apple M1 Pro (16-core GPU),gpt,synthetic_markov,16,128,fp32,measure,7,34.480207999877166,59396.39343264101,tokens/s,,,8.24704360961914,,ok,,,"{""n_params"": 4240896, ""d_model"": 256, ""n_layers"": 4, ""n_heads"": 4, ""tokens_per_step"": 2048, ""entropy_floor_loss"": 1.3862943611198906, ""step_ms"": 34.480207999877166}","{""torch"":""2.14.0"",""device_name"":""Apple M1 Pro (16-core GPU)"",""seed"":1234,""git_commit"":""fd532446b10740da6a025ff593b3b290f44a5141"",""code_sha256"":""0176831a9269ba58"",""hostname"":""Kims-MacBook-Pro-16.local""}"
20260919_full,2026-09-19T15:50:46.513+07:00,transformer,mps,Apple M1 Pro (16-core GPU),gpt,synthetic_markov,16,128,fp32,measure,8,34.447666999767534,59452.502255488616,tokens/s,,,8.234746932983398,,ok,,,"{""n_params"": 4240896, ""d_model"": 256, ""n_layers"": 4, ""n_heads"": 4, ""tokens_per_step"": 2048, ""entropy_floor_loss"": 1.3862943611198906, ""step_ms"": 34.447666999767534}","{""torch"":""2.14.0"",""device_name"":""Apple M1 Pro (16-core GPU)"",""seed"":1234,""git_commit"":""fd532446b10740da6a025ff593b3b290f44a5141"",""code_sha256"":""0176831a9269ba58"",""hostname"":""Kims-MacBook-Pro-16.local""}"
20260919_full,2026-09-19T15:50:46.548+07:00,transformer,mps,Apple M1 Pro (16-core GPU),gpt,synthetic_markov,16,128,fp32,measure,9,34.54745799899683,59280.77255523311,tokens/s,,,8.223047256469727,,ok,,,"{""n_params"": 4240896, ""d_model"": 256, ""n_layers"": 4, ""n_heads"": 4, ""tokens_per_step"": 2048, ""entropy_floor_loss"": 1.3862943611198906, ""step_ms"": 34.54745799899683}","{""torch"":""2.14.0"",""device_name"":""Apple M1 Pro (16-core GPU)"",""seed"":1234,""git_commit"":""fd532446b10740da6a025ff593b3b290f44a5141"",""code_sha256"":""0176831a9269ba58"",""hostname"":""Kims-MacBook-Pro-16.local""}"
20260919_full,2026-09-19T15:50:46.583+07:00,transformer,mps,Apple M1 Pro (16-core GPU),gpt,synthetic_markov,16,128,fp32,measure,10,34.60516700215521,59181.913494954395,tokens/s,,,8.219980239868164,,ok,,,"{""n_params"": 4240896, ""d_model"": 256, ""n_layers"": 4, ""n_heads"": 4, ""tokens_per_step"": 2048, ""entropy_floor_loss"": 1.3862943611198906, ""step_ms"": 34.60516700215521}","{""torch"":""2.14.0"",""device_name"":""Apple M1 Pro (16-core GPU)"",""seed"":1234,""git_commit"":""fd532446b10740da6a025ff593b3b290f44a5141"",""code_sha256"":""0176831a9269ba58"",""hostname"":""Kims-MacBook-Pro-16.local""}"
20260919_full,2026-09-19T15:50:46.618+07:00,transformer,mps,Apple M1 Pro (16-core GPU),gpt,synthetic_markov,16,128,fp32,measure,11,34.789749999617925,58867.913682118786,tokens/s,,,8.18204402923584,,ok,,,"{""n_params"": 4240896, ""d_model"": 256, ""n_layers"": 4, ""n_heads"": 4, ""tokens_per_step"": 2048, ""entropy_floor_loss"": 1.3862943611198906, ""step_ms"": 34.789749999617925}","{""torch"":""2.14.0"",""device_name"":""Apple M1 Pro (16-core GPU)"",""seed"":1234,""git_commit"":""fd532446b10740da6a025ff593b3b290f44a5141"",""code_sha256"":""0176831a9269ba58"",""hostname"":""Kims-MacBook-Pro-16.local""}"
20260919_full,2026-09-19T15:50:46.652+07:00,transformer,mps,Apple M1 Pro (16-core GPU),gpt,synthetic_markov,16,128,fp32,measure,12,34.58683400094742,59213.28329571594,tokens/s,,,8.195555686950684,,ok,,,"{""n_params"": 4240896, ""d_model"": 256, ""n_layers"": 4, ""n_heads"": 4, ""tokens_per_step"": 2048, ""entropy_floor_loss"": 1.3862943611198906, ""step_ms"": 34.58683400094742}","{""torch"":""2.14.0"",""device_name"":""Apple M1 Pro (16-core GPU)"",""seed"":1234,""git_commit"":""fd532446b10740da6a025ff593b3b290f44a5141"",""code_sha256"":""0176831a9269ba58"",""hostname"":""Kims-MacBook-Pro-16.local""}"
20260919_full,2026-09-19T15:50:46.687+07:00,transformer,mps,Apple M1 Pro (16-core GPU),gpt,synthetic_markov,16,128,fp32,measure,13,34.34854199804249,59624.073712261634,tokens/s,,,8.187795639038086,,ok,,,"{""n_params"": 4240896, ""d_model"": 256, ""n_layers"": 4, ""n_heads"": 4, ""tokens_per_step"": 2048, ""entropy_floor_loss"": 1.3862943611198906, ""step_ms"": 34.34854199804249}","{""torch"":""2.14.0"",""device_name"":""Apple M1 Pro (16-core GPU)"",""seed"":1234,""git_commit"":""fd532446b10740da6a025ff593b3b290f44a5141"",""code_sha256"":""0176831a9269ba58"",""hostname"":""Kims-MacBook-Pro-16.local""}"
20260919_full,2026-09-19T15:50:46.721+07:00,transformer,mps,Apple M1 Pro (16-core GPU),gpt,synthetic_markov,16,128,fp32,measure,14,34.26104099708027,59776.35064195892,tokens/s,,,8.171459197998047,,ok,,,"{""n_params"": 4240896, ""d_model"": 256, ""n_layers"": 4, ""n_heads"": 4, ""tokens_per_step"": 2048, ""entropy_floor_loss"": 1.3862943611198906, ""step_ms"": 34.26104099708027}","{""torch"":""2.14.0"",""device_name"":""Apple M1 Pro (16-core GPU)"",""seed"":1234,""git_commit"":""fd532446b10740da6a025ff593b3b290f44a5141"",""code_sha256"":""0176831a9269ba58"",""hostname"":""Kims-MacBook-Pro-16.local""}"
20260919_full,2026-09-19T15:50:46.756+07:00,transformer,mps,Apple M1 Pro (16-core GPU),gpt,synthetic_markov,16,128,fp32,measure,15,34.76516700175125,58909.54011228638,tokens/s,,,8.152396202087402,,ok,,,"{""n_params"": 4240896, ""d_model"": 256, ""n_layers"": 4, ""n_heads"": 4, ""tokens_per_step"": 2048, ""entropy_floor_loss"": 1.3862943611198906, ""step_ms"": 34.76516700175125}","{""torch"":""2.14.0"",""device_name"":""Apple M1 Pro (16-core GPU)"",""seed"":1234,""git_commit"":""fd532446b10740da6a025ff593b3b290f44a5141"",""code_sha256"":""0176831a9269ba58"",""hostname"":""Kims-MacBook-Pro-16.local""}"
20260919_full,2026-09-19T15:50:46.793+07:00,transformer,mps,Apple M1 Pro (16-core GPU),gpt,synthetic_markov,16,128,fp32,measure,16,36.26795799937099,56468.5775812225,tokens/s,,,8.144107818603516,,ok,,,"{""n_params"": 4240896, ""d_model"": 256, ""n_layers"": 4, ""n_heads"": 4, ""tokens_per_step"": 2048, ""entropy_floor_loss"": 1.3862943611198906, ""step_ms"": 36.26795799937099}","{""torch"":""2.14.0"",""device_name"":""Apple M1 Pro (16-core GPU)"",""seed"":1234,""git_commit"":""fd532446b10740da6a025ff593b3b290f44a5141"",""code_sha256"":""0176831a9269ba58"",""hostname"":""Kims-MacBook-Pro-16.local""}"
20260919_full,2026-09-19T15:50:46.828+07:00,transformer,mps,Apple M1 Pro (16-core GPU),gpt,synthetic_markov,16,128,fp32,measure,17,35.29954099940369,58017.751563245445,tokens/s,,,8.152621269226074,,ok,,,"{""n_params"": 4240896, ""d_model"": 256, ""n_layers"": 4, ""n_heads"": 4, ""tokens_per_step"": 2048, ""entropy_floor_loss"": 1.3862943611198906, ""step_ms"": 35.29954099940369}","{""torch"":""2.14.0"",""device_name"":""Apple M1 Pro (16-core GPU)"",""seed"":1234,""git_commit"":""fd532446b10740da6a025ff593b3b290f44a5141"",""code_sha256"":""0176831a9269ba58"",""hostname"":""Kims-MacBook-Pro-16.local""}"
20260919_full,2026-09-19T15:50:46.863+07:00,transformer,mps,Apple M1 Pro (16-core GPU),gpt,synthetic_markov,16,128,fp32,measure,18,34.97541699834983,58555.41336638321,tokens/s,,,8.120966911315918,,ok,,,"{""n_params"": 4240896, ""d_model"": 256, ""n_layers"": 4, ""n_heads"": 4, ""tokens_per_step"": 2048, ""entropy_floor_loss"": 1.3862943611198906, ""step_ms"": 34.97541699834983}","{""torch"":""2.14.0"",""device_name"":""Apple M1 Pro (16-core GPU)"",""seed"":1234,""git_commit"":""fd532446b10740da6a025ff593b3b290f44a5141"",""code_sha256"":""0176831a9269ba58"",""hostname"":""Kims-MacBook-Pro-16.local""}"
20260919_full,2026-09-19T15:50:46.898+07:00,transformer,mps,Apple M1 Pro (16-core GPU),gpt,synthetic_markov,16,128,fp32,measure,19,34.68929199880222,59038.391445715155,tokens/s,,,8.084990501403809,,ok,,,"{""n_params"": 4240896, ""d_model"": 256, ""n_layers"": 4, ""n_heads"": 4, ""tokens_per_step"": 2048, ""entropy_floor_loss"": 1.3862943611198906, ""step_ms"": 34.68929199880222}","{""torch"":""2.14.0"",""device_name"":""Apple M1 Pro (16-core GPU)"",""seed"":1234,""git_commit"":""fd532446b10740da6a025ff593b3b290f44a5141"",""code_sha256"":""0176831a9269ba58"",""hostname"":""Kims-MacBook-Pro-16.local""}"
20260919_full,2026-09-19T15:50:46.898+07:00,transformer,mps,Apple M1 Pro (16-core GPU),gpt,synthetic_markov,16,128,fp32,config,,,,,1394.71875,"mps_driver_allocated_memory (snapshot after work, not a peak; includes allocator cache)",,,ok,,,"{""n_params"": 4240896, ""d_model"": 256, ""n_layers"": 4, ""n_heads"": 4, ""tokens_per_step"": 2048, ""entropy_floor_loss"": 1.3862943611198906, ""process_rss_mb"": 519.25, ""mps_current_allocated_mb"": 64.7109375, ""mps_driver_allocated_mb"": 1394.71875}","{""torch"":""2.14.0"",""device_name"":""Apple M1 Pro (16-core GPU)"",""seed"":1234,""git_commit"":""fd532446b10740da6a025ff593b3b290f44a5141"",""code_sha256"":""0176831a9269ba58"",""hostname"":""Kims-MacBook-Pro-16.local""}"
20260919_full,2026-09-19T15:50:47.197+07:00,transformer,mps,Apple M1 Pro (16-core GPU),gpt,synthetic_markov,16,256,fp32,warmup,0,129.7922079975251,31558.13483100698,tokens/s,,,8.377941131591797,,ok,,,"{""n_params"": 4273664, ""d_model"": 256, ""n_layers"": 4, ""n_heads"": 4, ""tokens_per_step"": 4096, ""entropy_floor_loss"": 1.3862943611198906, ""step_ms"": 129.7922079975251}","{""torch"":""2.14.0"",""device_name"":""Apple M1 Pro (16-core GPU)"",""seed"":1234,""git_commit"":""fd532446b10740da6a025ff593b3b290f44a5141"",""code_sha256"":""0176831a9269ba58"",""hostname"":""Kims-MacBook-Pro-16.local""}"
20260919_full,2026-09-19T15:50:47.264+07:00,transformer,mps,Apple M1 Pro (16-core GPU),gpt,synthetic_markov,16,256,fp32,warmup,1,67.23587500164285,60919.85863052898,tokens/s,,,8.34907341003418,,ok,,,"{""n_params"": 4273664, ""d_model"": 256, ""n_layers"": 4, ""n_heads"": 4, ""tokens_per_step"": 4096, ""entropy_floor_loss"": 1.3862943611198906, ""step_ms"": 67.23587500164285}","{""torch"":""2.14.0"",""device_name"":""Apple M1 Pro (16-core GPU)"",""seed"":1234,""git_commit"":""fd532446b10740da6a025ff593b3b290f44a5141"",""code_sha256"":""0176831a9269ba58"",""hostname"":""Kims-MacBook-Pro-16.local""}"
20260919_full,2026-09-19T15:50:47.333+07:00,transformer,mps,Apple M1 Pro (16-core GPU),gpt,synthetic_markov,16,256,fp32,warmup,2,68.68308399862144,59636.227168864636,tokens/s,,,8.319435119628906,,ok,,,"{""n_params"": 4273664, ""d_model"": 256, ""n_layers"": 4, ""n_heads"": 4, ""tokens_per_step"": 4096, ""entropy_floor_loss"": 1.3862943611198906, ""step_ms"": 68.68308399862144}","{""torch"":""2.14.0"",""device_name"":""Apple M1 Pro (16-core GPU)"",""seed"":1234,""git_commit"":""fd532446b10740da6a025ff593b3b290f44a5141"",""code_sha256"":""0176831a9269ba58"",""hostname"":""Kims-MacBook-Pro-16.local""}"
20260919_full,2026-09-19T15:50:47.402+07:00,transformer,mps,Apple M1 Pro (16-core GPU),gpt,synthetic_markov,16,256,fp32,measure,0,68.74099999913597,59585.98216568692,tokens/s,,,8.30079460144043,,ok,,,"{""n_params"": 4273664, ""d_model"": 256, ""n_layers"": 4, ""n_heads"": 4, ""tokens_per_step"": 4096, ""entropy_floor_loss"": 1.3862943611198906, ""step_ms"": 68.74099999913597}","{""torch"":""2.14.0"",""device_name"":""Apple M1 Pro (16-core GPU)"",""seed"":1234,""git_commit"":""fd532446b10740da6a025ff593b3b290f44a5141"",""code_sha256"":""0176831a9269ba58"",""hostname"":""Kims-MacBook-Pro-16.local""}"
20260919_full,2026-09-19T15:50:47.470+07:00,transformer,mps,Apple M1 Pro (16-core GPU),gpt,synthetic_markov,16,256,fp32,measure,1,68.47754200134659,59815.231100430756,tokens/s,,,8.28547191619873,,ok,,,"{""n_params"": 4273664, ""d_model"": 256, ""n_layers"": 4, ""n_heads"": 4, ""tokens_per_step"": 4096, ""entropy_floor_loss"": 1.3862943611198906, ""step_ms"": 68.47754200134659}","{""torch"":""2.14.0"",""device_name"":""Apple M1 Pro (16-core GPU)"",""seed"":1234,""git_commit"":""fd532446b10740da6a025ff593b3b290f44a5141"",""code_sha256"":""0176831a9269ba58"",""hostname"":""Kims-MacBook-Pro-16.local""}"
20260919_full,2026-09-19T15:50:47.539+07:00,transformer,mps,Apple M1 Pro (16-core GPU),gpt,synthetic_markov,16,256,fp32,measure,2,68.52341700141551,59775.18604939662,tokens/s,,,8.270955085754395,,ok,,,"{""n_params"": 4273664, ""d_model"": 256, ""n_layers"": 4, ""n_heads"": 4, ""tokens_per_step"": 4096, ""entropy_floor_loss"": 1.3862943611198906, ""step_ms"": 68.52341700141551}","{""torch"":""2.14.0"",""device_name"":""Apple M1 Pro (16-core GPU)"",""seed"":1234,""git_commit"":""fd532446b10740da6a025ff593b3b290f44a5141"",""code_sha256"":""0176831a9269ba58"",""hostname"":""Kims-MacBook-Pro-16.local""}"
20260919_full,2026-09-19T15:50:47.608+07:00,transformer,mps,Apple M1 Pro (16-core GPU),gpt,synthetic_markov,16,256,fp32,measure,3,68.95358299880172,59402.279357566964,tokens/s,,,8.255953788757324,,ok,,,"{""n_params"": 4273664, ""d_model"": 256, ""n_layers"": 4, ""n_heads"": 4, ""tokens_per_step"": 4096, ""entropy_floor_loss"": 1.3862943611198906, ""step_ms"": 68.95358299880172}","{""torch"":""2.14.0"",""device_name"":""Apple M1 Pro (16-core GPU)"",""seed"":1234,""git_commit"":""fd532446b10740da6a025ff593b3b290f44a5141"",""code_sha256"":""0176831a9269ba58"",""hostname"":""Kims-MacBook-Pro-16.local""}"
20260919_full,2026-09-19T15:50:47.677+07:00,transformer,mps,Apple M1 Pro (16-core GPU),gpt,synthetic_markov,16,256,fp32,measure,4,68.32604100054596,59947.86087441055,tokens/s,,,8.222929000854492,,ok,,,"{""n_params"": 4273664, ""d_model"": 256, ""n_layers"": 4, ""n_heads"": 4, ""tokens_per_step"": 4096, ""entropy_floor_loss"": 1.3862943611198906, ""step_ms"": 68.32604100054596}","{""torch"":""2.14.0"",""device_name"":""Apple M1 Pro (16-core GPU)"",""seed"":1234,""git_commit"":""fd532446b10740da6a025ff593b3b290f44a5141"",""code_sha256"":""0176831a9269ba58"",""hostname"":""Kims-MacBook-Pro-16.local""}"
20260919_full,2026-09-19T15:50:47.746+07:00,transformer,mps,Apple M1 Pro (16-core GPU),gpt,synthetic_markov,16,256,fp32,measure,5,68.74149999930523,59585.54875935786,tokens/s,,,8.20583438873291,,ok,,,"{""n_params"": 4273664, ""d_model"": 256, ""n_layers"": 4, ""n_heads"": 4, ""tokens_per_step"": 4096, ""entropy_floor_loss"": 1.3862943611198906, ""step_ms"": 68.74149999930523}","{""torch"":""2.14.0"",""device_name"":""Apple M1 Pro (16-core GPU)"",""seed"":1234,""git_commit"":""fd532446b10740da6a025ff593b3b290f44a5141"",""code_sha256"":""0176831a9269ba58"",""hostname"":""Kims-MacBook-Pro-16.local""}"
20260919_full,2026-09-19T15:50:47.815+07:00,transformer,mps,Apple M1 Pro (16-core GPU),gpt,synthetic_markov,16,256,fp32,measure,6,68.9503749999858,59405.04311979222,tokens/s,,,8.18646240234375,,ok,,,"{""n_params"": 4273664, ""d_model"": 256, ""n_layers"": 4, ""n_heads"": 4, ""tokens_per_step"": 4096, ""entropy_floor_loss"": 1.3862943611198906, ""step_ms"": 68.9503749999858}","{""torch"":""2.14.0"",""device_name"":""Apple M1 Pro (16-core GPU)"",""seed"":1234,""git_commit"":""fd532446b10740da6a025ff593b3b290f44a5141"",""code_sha256"":""0176831a9269ba58"",""hostname"":""Kims-MacBook-Pro-16.local""}"
20260919_full,2026-09-19T15:50:47.884+07:00,transformer,mps,Apple M1 Pro (16-core GPU),gpt,synthetic_markov,16,256,fp32,measure,7,69.21095900179353,59181.37906301597,tokens/s,,,8.18299388885498,,ok,,,"{""n_params"": 4273664, ""d_model"": 256, ""n_layers"": 4, ""n_heads"": 4, ""tokens_per_step"": 4096, ""entropy_floor_loss"": 1.3862943611198906, ""step_ms"": 69.21095900179353}","{""torch"":""2.14.0"",""device_name"":""Apple M1 Pro (16-core GPU)"",""seed"":1234,""git_commit"":""fd532446b10740da6a025ff593b3b290f44a5141"",""code_sha256"":""0176831a9269ba58"",""hostname"":""Kims-MacBook-Pro-16.local""}"
20260919_full,2026-09-19T15:50:47.953+07:00,transformer,mps,Apple M1 Pro (16-core GPU),gpt,synthetic_markov,16,256,fp32,measure,8,68.90283399843611,59446.030914968855,tokens/s,,,8.163227081298828,,ok,,,"{""n_params"": 4273664, ""d_model"": 256, ""n_layers"": 4, ""n_heads"": 4, ""tokens_per_step"": 4096, ""entropy_floor_loss"": 1.3862943611198906, ""step_ms"": 68.90283399843611}","{""torch"":""2.14.0"",""device_name"":""Apple M1 Pro (16-core GPU)"",""seed"":1234,""git_commit"":""fd532446b10740da6a025ff593b3b290f44a5141"",""code_sha256"":""0176831a9269ba58"",""hostname"":""Kims-MacBook-Pro-16.local""}"
20260919_full,2026-09-19T15:50:48.022+07:00,transformer,mps,Apple M1 Pro (16-core GPU),gpt,synthetic_markov,16,256,fp32,measure,9,68.49599999986822,59799.112357041,tokens/s,,,8.132174491882324,,ok,,,"{""n_params"": 4273664, ""d_model"": 256, ""n_layers"": 4, ""n_heads"": 4, ""tokens_per_step"": 4096, ""entropy_floor_loss"": 1.3862943611198906, ""step_ms"": 68.49599999986822}","{""torch"":""2.14.0"",""device_name"":""Apple M1 Pro (16-core GPU)"",""seed"":1234,""git_commit"":""fd532446b10740da6a025ff593b3b290f44a5141"",""code_sha256"":""0176831a9269ba58"",""hostname"":""Kims-MacBook-Pro-16.local""}"
20260919_full,2026-09-19T15:50:48.091+07:00,transformer,mps,Apple M1 Pro (16-core GPU),gpt,synthetic_markov,16,256,fp32,measure,10,68.93862500146497,59415.168200888234,tokens/s,,,8.109682083129883,,ok,,,"{""n_params"": 4273664, ""d_model"": 256, ""n_layers"": 4, ""n_heads"": 4, ""tokens_per_step"": 4096, ""entropy_floor_loss"": 1.3862943611198906, ""step_ms"": 68.93862500146497}","{""torch"":""2.14.0"",""device_name"":""Apple M1 Pro (16-core GPU)"",""seed"":1234,""git_commit"":""fd532446b10740da6a025ff593b3b290f44a5141"",""code_sha256"":""0176831a9269ba58"",""hostname"":""Kims-MacBook-Pro-16.local""}"
20260919_full,2026-09-19T15:50:48.159+07:00,transformer,mps,Apple M1 Pro (16-core GPU),gpt,synthetic_markov,16,256,fp32,measure,11,67.67758400019375,60522.25504959329,tokens/s,,,8.086843490600586,,ok,,,"{""n_params"": 4273664, ""d_model"": 256, ""n_layers"": 4, ""n_heads"": 4, ""tokens_per_step"": 4096, ""entropy_floor_loss"": 1.3862943611198906, ""step_ms"": 67.67758400019375}","{""torch"":""2.14.0"",""device_name"":""Apple M1 Pro (16-core GPU)"",""seed"":1234,""git_commit"":""fd532446b10740da6a025ff593b3b290f44a5141"",""code_sha256"":""0176831a9269ba58"",""hostname"":""Kims-MacBook-Pro-16.local""}"
20260919_full,2026-09-19T15:50:48.227+07:00,transformer,mps,Apple M1 Pro (16-core GPU),gpt,synthetic_markov,16,256,fp32,measure,12,68.05808300123317,60183.887341137466,tokens/s,,,8.074984550476074,,ok,,,"{""n_params"": 4273664, ""d_model"": 256, ""n_layers"": 4, ""n_heads"": 4, ""tokens_per_step"": 4096, ""entropy_floor_loss"": 1.3862943611198906, ""step_ms"": 68.05808300123317}","{""torch"":""2.14.0"",""device_name"":""Apple M1 Pro (16-core GPU)"",""seed"":1234,""git_commit"":""fd532446b10740da6a025ff593b3b290f44a5141"",""code_sha256"":""0176831a9269ba58"",""hostname"":""Kims-MacBook-Pro-16.local""}"
20260919_full,2026-09-19T15:50:48.295+07:00,transformer,mps,Apple M1 Pro (16-core GPU),gpt,synthetic_markov,16,256,fp32,measure,13,67.69345900102053,60508.061789814135,tokens/s,,,8.052842140197754,,ok,,,"{""n_params"": 4273664, ""d_model"": 256, ""n_layers"": 4, ""n_heads"": 4, ""tokens_per_step"": 4096, ""entropy_floor_loss"": 1.3862943611198906, ""step_ms"": 67.69345900102053}","{""torch"":""2.14.0"",""device_name"":""Apple M1 Pro (16-core GPU)"",""seed"":1234,""git_commit"":""fd532446b10740da6a025ff593b3b290f44a5141"",""code_sha256"":""0176831a9269ba58"",""hostname"":""Kims-MacBook-Pro-16.local""}"
20260919_full,2026-09-19T15:50:48.363+07:00,transformer,mps,Apple M1 Pro (16-core GPU),gpt,synthetic_markov,16,256,fp32,measure,14,67.8173339983914,60397.53789344116,tokens/s,,,8.036214828491211,,ok,,,"{""n_params"": 4273664, ""d_model"": 256, ""n_layers"": 4, ""n_heads"": 4, ""tokens_per_step"": 4096, ""entropy_floor_loss"": 1.3862943611198906, ""step_ms"": 67.8173339983914}","{""torch"":""2.14.0"",""device_name"":""Apple M1 Pro (16-core GPU)"",""seed"":1234,""git_commit"":""fd532446b10740da6a025ff593b3b290f44a5141"",""code_sha256"":""0176831a9269ba58"",""hostname"":""Kims-MacBook-Pro-16.local""}"
20260919_full,2026-09-19T15:50:48.431+07:00,transformer,mps,Apple M1 Pro (16-core GPU),gpt,synthetic_markov,16,256,fp32,measure,15,68.34841700037941,59928.235060327184,tokens/s,,,8.010066032409668,,ok,,,"{""n_params"": 4273664, ""d_model"": 256, ""n_layers"": 4, ""n_heads"": 4, ""tokens_per_step"": 4096, ""entropy_floor_loss"": 1.3862943611198906, ""step_ms"": 68.34841700037941}","{""torch"":""2.14.0"",""device_name"":""Apple M1 Pro (16-core GPU)"",""seed"":1234,""git_commit"":""fd532446b10740da6a025ff593b3b290f44a5141"",""code_sha256"":""0176831a9269ba58"",""hostname"":""Kims-MacBook-Pro-16.local""}"
20260919_full,2026-09-19T15:50:48.500+07:00,transformer,mps,Apple M1 Pro (16-core GPU),gpt,synthetic_markov,16,256,fp32,measure,16,68.97066600140533,59387.56630125249,tokens/s,,,8.010037422180176,,ok,,,"{""n_params"": 4273664, ""d_model"": 256, ""n_layers"": 4, ""n_heads"": 4, ""tokens_per_step"": 4096, ""entropy_floor_loss"": 1.3862943611198906, ""step_ms"": 68.97066600140533}","{""torch"":""2.14.0"",""device_name"":""Apple M1 Pro (16-core GPU)"",""seed"":1234,""git_commit"":""fd532446b10740da6a025ff593b3b290f44a5141"",""code_sha256"":""0176831a9269ba58"",""hostname"":""Kims-MacBook-Pro-16.local""}"
20260919_full,2026-09-19T15:50:48.569+07:00,transformer,mps,Apple M1 Pro (16-core GPU),gpt,synthetic_markov,16,256,fp32,measure,17,68.08725000155391,60158.10595825973,tokens/s,,,7.988718509674072,,ok,,,"{""n_params"": 4273664, ""d_model"": 256, ""n_layers"": 4, ""n_heads"": 4, ""tokens_per_step"": 4096, ""entropy_floor_loss"": 1.3862943611198906, ""step_ms"": 68.08725000155391}","{""torch"":""2.14.0"",""device_name"":""Apple M1 Pro (16-core GPU)"",""seed"":1234,""git_commit"":""fd532446b10740da6a025ff593b3b290f44a5141"",""code_sha256"":""0176831a9269ba58"",""hostname"":""Kims-MacBook-Pro-16.local""}"
20260919_full,2026-09-19T15:50:48.636+07:00,transformer,mps,Apple M1 Pro (16-core GPU),gpt,synthetic_markov,16,256,fp32,measure,18,67.50574999750825,60676.31276078246,tokens/s,,,7.969690799713135,,ok,,,"{""n_params"": 4273664, ""d_model"": 256, ""n_layers"": 4, ""n_heads"": 4, ""tokens_per_step"": 4096, ""entropy_floor_loss"": 1.3862943611198906, ""step_ms"": 67.50574999750825}","{""torch"":""2.14.0"",""device_name"":""Apple M1 Pro (16-core GPU)"",""seed"":1234,""git_commit"":""fd532446b10740da6a025ff593b3b290f44a5141"",""code_sha256"":""0176831a9269ba58"",""hostname"":""Kims-MacBook-Pro-16.local""}"
20260919_full,2026-09-19T15:50:48.704+07:00,transformer,mps,Apple M1 Pro (16-core GPU),gpt,synthetic_markov,16,256,fp32,measure,19,67.38737499836134,60782.89887533982,tokens/s,,,7.935308933258057,,ok,,,"{""n_params"": 4273664, ""d_model"": 256, ""n_layers"": 4, ""n_heads"": 4, ""tokens_per_step"": 4096, ""entropy_floor_loss"": 1.3862943611198906, ""step_ms"": 67.38737499836134}","{""torch"":""2.14.0"",""device_name"":""Apple M1 Pro (16-core GPU)"",""seed"":1234,""git_commit"":""fd532446b10740da6a025ff593b3b290f44a5141"",""code_sha256"":""0176831a9269ba58"",""hostname"":""Kims-MacBook-Pro-16.local""}"
20260919_full,2026-09-19T15:50:48.704+07:00,transformer,mps,Apple M1 Pro (16-core GPU),gpt,synthetic_markov,16,256,fp32,config,,,,,1250.71875,"mps_driver_allocated_memory (snapshot after work, not a peak; includes allocator cache)",,,ok,,,"{""n_params"": 4273664, ""d_model"": 256, ""n_layers"": 4, ""n_heads"": 4, ""tokens_per_step"": 4096, ""entropy_floor_loss"": 1.3862943611198906, ""process_rss_mb"": 519.3125, ""mps_current_allocated_mb"": 65.2109375, ""mps_driver_allocated_mb"": 1250.71875}","{""torch"":""2.14.0"",""device_name"":""Apple M1 Pro (16-core GPU)"",""seed"":1234,""git_commit"":""fd532446b10740da6a025ff593b3b290f44a5141"",""code_sha256"":""0176831a9269ba58"",""hostname"":""Kims-MacBook-Pro-16.local""}"
20260919_full,2026-09-19T15:50:49.092+07:00,transformer,mps,Apple M1 Pro (16-core GPU),gpt,synthetic_markov,16,512,fp32,warmup,0,213.7507910010754,38325.004373709126,tokens/s,,,8.365612030029297,,ok,,,"{""n_params"": 4339200, ""d_model"": 256, ""n_layers"": 4, ""n_heads"": 4, ""tokens_per_step"": 8192, ""entropy_floor_loss"": 1.3862943611198906, ""step_ms"": 213.7507910010754}","{""torch"":""2.14.0"",""device_name"":""Apple M1 Pro (16-core GPU)"",""seed"":1234,""git_commit"":""fd532446b10740da6a025ff593b3b290f44a5141"",""code_sha256"":""0176831a9269ba58"",""hostname"":""Kims-MacBook-Pro-16.local""}"
20260919_full,2026-09-19T15:50:49.244+07:00,transformer,mps,Apple M1 Pro (16-core GPU),gpt,synthetic_markov,16,512,fp32,warmup,1,152.47916700172937,53725.372200564874,tokens/s,,,8.327529907226562,,ok,,,"{""n_params"": 4339200, ""d_model"": 256, ""n_layers"": 4, ""n_heads"": 4, ""tokens_per_step"": 8192, ""entropy_floor_loss"": 1.3862943611198906, ""step_ms"": 152.47916700172937}","{""torch"":""2.14.0"",""device_name"":""Apple M1 Pro (16-core GPU)"",""seed"":1234,""git_commit"":""fd532446b10740da6a025ff593b3b290f44a5141"",""code_sha256"":""0176831a9269ba58"",""hostname"":""Kims-MacBook-Pro-16.local""}"
20260919_full,2026-09-19T15:50:49.396+07:00,transformer,mps,Apple M1 Pro (16-core GPU),gpt,synthetic_markov,16,512,fp32,warmup,2,151.5536249971774,54053.47447250154,tokens/s,,,8.297154426574707,,ok,,,"{""n_params"": 4339200, ""d_model"": 256, ""n_layers"": 4, ""n_heads"": 4, ""tokens_per_step"": 8192, ""entropy_floor_loss"": 1.3862943611198906, ""step_ms"": 151.5536249971774}","{""torch"":""2.14.0"",""device_name"":""Apple M1 Pro (16-core GPU)"",""seed"":1234,""git_commit"":""fd532446b10740da6a025ff593b3b290f44a5141"",""code_sha256"":""0176831a9269ba58"",""hostname"":""Kims-MacBook-Pro-16.local""}"
20260919_full,2026-09-19T15:50:49.548+07:00,transformer,mps,Apple M1 Pro (16-core GPU),gpt,synthetic_markov,16,512,fp32,measure,0,151.59795799991116,54037.66718285744,tokens/s,,,8.275206565856934,,ok,,,"{""n_params"": 4339200, ""d_model"": 256, ""n_layers"": 4, ""n_heads"": 4, ""tokens_per_step"": 8192, ""entropy_floor_loss"": 1.3862943611198906, ""step_ms"": 151.59795799991116}","{""torch"":""2.14.0"",""device_name"":""Apple M1 Pro (16-core GPU)"",""seed"":1234,""git_commit"":""fd532446b10740da6a025ff593b3b290f44a5141"",""code_sha256"":""0176831a9269ba58"",""hostname"":""Kims-MacBook-Pro-16.local""}"
20260919_full,2026-09-19T15:50:49.708+07:00,transformer,mps,Apple M1 Pro (16-core GPU),gpt,synthetic_markov,16,512,fp32,measure,1,160.2889169989794,51107.713205474836,tokens/s,,,8.244916915893555,,ok,,,"{""n_params"": 4339200, ""d_model"": 256, ""n_layers"": 4, ""n_heads"": 4, ""tokens_per_step"": 8192, ""entropy_floor_loss"": 1.3862943611198906, ""step_ms"": 160.2889169989794}","{""torch"":""2.14.0"",""device_name"":""Apple M1 Pro (16-core GPU)"",""seed"":1234,""git_commit"":""fd532446b10740da6a025ff593b3b290f44a5141"",""code_sha256"":""0176831a9269ba58"",""hostname"":""Kims-MacBook-Pro-16.local""}"
20260919_full,2026-09-19T15:50:49.861+07:00,transformer,mps,Apple M1 Pro (16-core GPU),gpt,synthetic_markov,16,512,fp32,measure,2,152.63208300166298,53671.54689168951,tokens/s,,,8.210186958312988,,ok,,,"{""n_params"": 4339200, ""d_model"": 256, ""n_layers"": 4, ""n_heads"": 4, ""tokens_per_step"": 8192, ""entropy_floor_loss"": 1.3862943611198906, ""step_ms"": 152.63208300166298}","{""torch"":""2.14.0"",""device_name"":""Apple M1 Pro (16-core GPU)"",""seed"":1234,""git_commit"":""fd532446b10740da6a025ff593b3b290f44a5141"",""code_sha256"":""0176831a9269ba58"",""hostname"":""Kims-MacBook-Pro-16.local""}"
20260919_full,2026-09-19T15:50:50.011+07:00,transformer,mps,Apple M1 Pro (16-core GPU),gpt,synthetic_markov,16,512,fp32,measure,3,149.5656670012977,54771.928372631955,tokens/s,,,8.181862831115723,,ok,,,"{""n_params"": 4339200, ""d_model"": 256, ""n_layers"": 4, ""n_heads"": 4, ""tokens_per_step"": 8192, ""entropy_floor_loss"": 1.3862943611198906, ""step_ms"": 149.5656670012977}","{""torch"":""2.14.0"",""device_name"":""Apple M1 Pro (16-core GPU)"",""seed"":1234,""git_commit"":""fd532446b10740da6a025ff593b3b290f44a5141"",""code_sha256"":""0176831a9269ba58"",""hostname"":""Kims-MacBook-Pro-16.local""}"
20260919_full,2026-09-19T15:50:50.161+07:00,transformer,mps,Apple M1 Pro (16-core GPU),gpt,synthetic_markov,16,512,fp32,measure,4,150.0182079980732,54606.704808160466,tokens/s,,,8.159144401550293,,ok,,,"{""n_params"": 4339200, ""d_model"": 256, ""n_layers"": 4, ""n_heads"": 4, ""tokens_per_step"": 8192, ""entropy_floor_loss"": 1.3862943611198906, ""step_ms"": 150.0182079980732}","{""torch"":""2.14.0"",""device_name"":""Apple M1 Pro (16-core GPU)"",""seed"":1234,""git_commit"":""fd532446b10740da6a025ff593b3b290f44a5141"",""code_sha256"":""0176831a9269ba58"",""hostname"":""Kims-MacBook-Pro-16.local""}"
20260919_full,2026-09-19T15:50:50.311+07:00,transformer,mps,Apple M1 Pro (16-core GPU),gpt,synthetic_markov,16,512,fp32,measure,5,149.4167919991014,54826.501696337225,tokens/s,,,8.115188598632812,,ok,,,"{""n_params"": 4339200, ""d_model"": 256, ""n_layers"": 4, ""n_heads"": 4, ""tokens_per_step"": 8192, ""entropy_floor_loss"": 1.3862943611198906, ""step_ms"": 149.4167919991014}","{""torch"":""2.14.0"",""device_name"":""Apple M1 Pro (16-core GPU)"",""seed"":1234,""git_commit"":""fd532446b10740da6a025ff593b3b290f44a5141"",""code_sha256"":""0176831a9269ba58"",""hostname"":""Kims-MacBook-Pro-16.local""}"
20260919_full,2026-09-19T15:50:50.466+07:00,transformer,mps,Apple M1 Pro (16-core GPU),gpt,synthetic_markov,16,512,fp32,measure,6,155.09462499903748,52819.36753160105,tokens/s,,,8.109375,,ok,,,"{""n_params"": 4339200, ""d_model"": 256, ""n_layers"": 4, ""n_heads"": 4, ""tokens_per_step"": 8192, ""entropy_floor_loss"": 1.3862943611198906, ""step_ms"": 155.09462499903748}","{""torch"":""2.14.0"",""device_name"":""Apple M1 Pro (16-core GPU)"",""seed"":1234,""git_commit"":""fd532446b10740da6a025ff593b3b290f44a5141"",""code_sha256"":""0176831a9269ba58"",""hostname"":""Kims-MacBook-Pro-16.local""}"
20260919_full,2026-09-19T15:50:50.625+07:00,transformer,mps,Apple M1 Pro (16-core GPU),gpt,synthetic_markov,16,512,fp32,measure,7,158.66087499671266,51632.13678337354,tokens/s,,,8.070186614990234,,ok,,,"{""n_params"": 4339200, ""d_model"": 256, ""n_layers"": 4, ""n_heads"": 4, ""tokens_per_step"": 8192, ""entropy_floor_loss"": 1.3862943611198906, ""step_ms"": 158.66087499671266}","{""torch"":""2.14.0"",""device_name"":""Apple M1 Pro (16-core GPU)"",""seed"":1234,""git_commit"":""fd532446b10740da6a025ff593b3b290f44a5141"",""code_sha256"":""0176831a9269ba58"",""hostname"":""Kims-MacBook-Pro-16.local""}"
20260919_full,2026-09-19T15:50:50.777+07:00,transformer,mps,Apple M1 Pro (16-core GPU),gpt,synthetic_markov,16,512,fp32,measure,8,151.63050000046496,54026.06995277916,tokens/s,,,8.044516563415527,,ok,,,"{""n_params"": 4339200, ""d_model"": 256, ""n_layers"": 4, ""n_heads"": 4, ""tokens_per_step"": 8192, ""entropy_floor_loss"": 1.3862943611198906, ""step_ms"": 151.63050000046496}","{""torch"":""2.14.0"",""device_name"":""Apple M1 Pro (16-core GPU)"",""seed"":1234,""git_commit"":""fd532446b10740da6a025ff593b3b290f44a5141"",""code_sha256"":""0176831a9269ba58"",""hostname"":""Kims-MacBook-Pro-16.local""}"
20260919_full,2026-09-19T15:50:50.926+07:00,transformer,mps,Apple M1 Pro (16-core GPU),gpt,synthetic_markov,16,512,fp32,measure,9,149.03270799914026,54967.79941787851,tokens/s,,,8.02133846282959,,ok,,,"{""n_params"": 4339200, ""d_model"": 256, ""n_layers"": 4, ""n_heads"": 4, ""tokens_per_step"": 8192, ""entropy_floor_loss"": 1.3862943611198906, ""step_ms"": 149.03270799914026}","{""torch"":""2.14.0"",""device_name"":""Apple M1 Pro (16-core GPU)"",""seed"":1234,""git_commit"":""fd532446b10740da6a025ff593b3b290f44a5141"",""code_sha256"":""0176831a9269ba58"",""hostname"":""Kims-MacBook-Pro-16.local""}"
20260919_full,2026-09-19T15:50:51.075+07:00,transformer,mps,Apple M1 Pro (16-core GPU),gpt,synthetic_markov,16,512,fp32,measure,10,149.30345800166833,54868.11966477335,tokens/s,,,7.993056297302246,,ok,,,"{""n_params"": 4339200, ""d_model"": 256, ""n_layers"": 4, ""n_heads"": 4, ""tokens_per_step"": 8192, ""entropy_floor_loss"": 1.3862943611198906, ""step_ms"": 149.30345800166833}","{""torch"":""2.14.0"",""device_name"":""Apple M1 Pro (16-core GPU)"",""seed"":1234,""git_commit"":""fd532446b10740da6a025ff593b3b290f44a5141"",""code_sha256"":""0176831a9269ba58"",""hostname"":""Kims-MacBook-Pro-16.local""}"
20260919_full,2026-09-19T15:50:51.225+07:00,transformer,mps,Apple M1 Pro (16-core GPU),gpt,synthetic_markov,16,512,fp32,measure,11,149.76758299962967,54698.08509909822,tokens/s,,,7.9653239250183105,,ok,,,"{""n_params"": 4339200, ""d_model"": 256, ""n_layers"": 4, ""n_heads"": 4, ""tokens_per_step"": 8192, ""entropy_floor_loss"": 1.3862943611198906, ""step_ms"": 149.76758299962967}","{""torch"":""2.14.0"",""device_name"":""Apple M1 Pro (16-core GPU)"",""seed"":1234,""git_commit"":""fd532446b10740da6a025ff593b3b290f44a5141"",""code_sha256"":""0176831a9269ba58"",""hostname"":""Kims-MacBook-Pro-16.local""}"
20260919_full,2026-09-19T15:50:51.374+07:00,transformer,mps,Apple M1 Pro (16-core GPU),gpt,synthetic_markov,16,512,fp32,measure,12,148.78320800198708,55059.97692891923,tokens/s,,,7.946084022521973,,ok,,,"{""n_params"": 4339200, ""d_model"": 256, ""n_layers"": 4, ""n_heads"": 4, ""tokens_per_step"": 8192, ""entropy_floor_loss"": 1.3862943611198906, ""step_ms"": 148.78320800198708}","{""torch"":""2.14.0"",""device_name"":""Apple M1 Pro (16-core GPU)"",""seed"":1234,""git_commit"":""fd532446b10740da6a025ff593b3b290f44a5141"",""code_sha256"":""0176831a9269ba58"",""hostname"":""Kims-MacBook-Pro-16.local""}"
20260919_full,2026-09-19T15:50:51.523+07:00,transformer,mps,Apple M1 Pro (16-core GPU),gpt,synthetic_markov,16,512,fp32,measure,13,149.10370800134842,54941.62492542382,tokens/s,,,7.912240505218506,,ok,,,"{""n_params"": 4339200, ""d_model"": 256, ""n_layers"": 4, ""n_heads"": 4, ""tokens_per_step"": 8192, ""entropy_floor_loss"": 1.3862943611198906, ""step_ms"": 149.10370800134842}","{""torch"":""2.14.0"",""device_name"":""Apple M1 Pro (16-core GPU)"",""seed"":1234,""git_commit"":""fd532446b10740da6a025ff593b3b290f44a5141"",""code_sha256"":""0176831a9269ba58"",""hostname"":""Kims-MacBook-Pro-16.local""}"
20260919_full,2026-09-19T15:50:51.675+07:00,transformer,mps,Apple M1 Pro (16-core GPU),gpt,synthetic_markov,16,512,fp32,measure,14,151.41158400001586,54104.182676004115,tokens/s,,,7.886265754699707,,ok,,,"{""n_params"": 4339200, ""d_model"": 256, ""n_layers"": 4, ""n_heads"": 4, ""tokens_per_step"": 8192, ""entropy_floor_loss"": 1.3862943611198906, ""step_ms"": 151.41158400001586}","{""torch"":""2.14.0"",""device_name"":""Apple M1 Pro (16-core GPU)"",""seed"":1234,""git_commit"":""fd532446b10740da6a025ff593b3b290f44a5141"",""code_sha256"":""0176831a9269ba58"",""hostname"":""Kims-MacBook-Pro-16.local""}"
20260919_full,2026-09-19T15:50:51.871+07:00,transformer,mps,Apple M1 Pro (16-core GPU),gpt,synthetic_markov,16,512,fp32,measure,15,195.6620409982861,41868.1107393322,tokens/s,,,7.864109992980957,,ok,,,"{""n_params"": 4339200, ""d_model"": 256, ""n_layers"": 4, ""n_heads"": 4, ""tokens_per_step"": 8192, ""entropy_floor_loss"": 1.3862943611198906, ""step_ms"": 195.6620409982861}","{""torch"":""2.14.0"",""device_name"":""Apple M1 Pro (16-core GPU)"",""seed"":1234,""git_commit"":""fd532446b10740da6a025ff593b3b290f44a5141"",""code_sha256"":""0176831a9269ba58"",""hostname"":""Kims-MacBook-Pro-16.local""}"
20260919_full,2026-09-19T15:50:52.078+07:00,transformer,mps,Apple M1 Pro (16-core GPU),gpt,synthetic_markov,16,512,fp32,measure,16,207.28737500030547,39520.01418314998,tokens/s,,,7.852682113647461,,ok,,,"{""n_params"": 4339200, ""d_model"": 256, ""n_layers"": 4, ""n_heads"": 4, ""tokens_per_step"": 8192, ""entropy_floor_loss"": 1.3862943611198906, ""step_ms"": 207.28737500030547}","{""torch"":""2.14.0"",""device_name"":""Apple M1 Pro (16-core GPU)"",""seed"":1234,""git_commit"":""fd532446b10740da6a025ff593b3b290f44a5141"",""code_sha256"":""0176831a9269ba58"",""hostname"":""Kims-MacBook-Pro-16.local""}"
20260919_full,2026-09-19T15:50:52.258+07:00,transformer,mps,Apple M1 Pro (16-core GPU),gpt,synthetic_markov,16,512,fp32,measure,17,179.9711669991666,45518.40240074642,tokens/s,,,7.821127891540527,,ok,,,"{""n_params"": 4339200, ""d_model"": 256, ""n_layers"": 4, ""n_heads"": 4, ""tokens_per_step"": 8192, ""entropy_floor_loss"": 1.3862943611198906, ""step_ms"": 179.9711669991666}","{""torch"":""2.14.0"",""device_name"":""Apple M1 Pro (16-core GPU)"",""seed"":1234,""git_commit"":""fd532446b10740da6a025ff593b3b290f44a5141"",""code_sha256"":""0176831a9269ba58"",""hostname"":""Kims-MacBook-Pro-16.local""}"
20260919_full,2026-09-19T15:50:52.440+07:00,transformer,mps,Apple M1 Pro (16-core GPU),gpt,synthetic_markov,16,512,fp32,measure,18,181.10641699968255,45233.07420970268,tokens/s,,,7.793490409851074,,ok,,,"{""n_params"": 4339200, ""d_model"": 256, ""n_layers"": 4, ""n_heads"": 4, ""tokens_per_step"": 8192, ""entropy_floor_loss"": 1.3862943611198906, ""step_ms"": 181.10641699968255}","{""torch"":""2.14.0"",""device_name"":""Apple M1 Pro (16-core GPU)"",""seed"":1234,""git_commit"":""fd532446b10740da6a025ff593b3b290f44a5141"",""code_sha256"":""0176831a9269ba58"",""hostname"":""Kims-MacBook-Pro-16.local""}"
20260919_full,2026-09-19T15:50:52.610+07:00,transformer,mps,Apple M1 Pro (16-core GPU),gpt,synthetic_markov,16,512,fp32,measure,19,170.68641700097942,47994.44586122511,tokens/s,,,7.752979278564453,,ok,,,"{""n_params"": 4339200, ""d_model"": 256, ""n_layers"": 4, ""n_heads"": 4, ""tokens_per_step"": 8192, ""entropy_floor_loss"": 1.3862943611198906, ""step_ms"": 170.68641700097942}","{""torch"":""2.14.0"",""device_name"":""Apple M1 Pro (16-core GPU)"",""seed"":1234,""git_commit"":""fd532446b10740da6a025ff593b3b290f44a5141"",""code_sha256"":""0176831a9269ba58"",""hostname"":""Kims-MacBook-Pro-16.local""}"
20260919_full,2026-09-19T15:50:52.611+07:00,transformer,mps,Apple M1 Pro (16-core GPU),gpt,synthetic_markov,16,512,fp32,config,,,,,2346.71875,"mps_driver_allocated_memory (snapshot after work, not a peak; includes allocator cache)",,,ok,,,"{""n_params"": 4339200, ""d_model"": 256, ""n_layers"": 4, ""n_heads"": 4, ""tokens_per_step"": 8192, ""entropy_floor_loss"": 1.3862943611198906, ""process_rss_mb"": 521.09375, ""mps_current_allocated_mb"": 66.2109375, ""mps_driver_allocated_mb"": 2346.71875}","{""torch"":""2.14.0"",""device_name"":""Apple M1 Pro (16-core GPU)"",""seed"":1234,""git_commit"":""fd532446b10740da6a025ff593b3b290f44a5141"",""code_sha256"":""0176831a9269ba58"",""hostname"":""Kims-MacBook-Pro-16.local""}"
20260919_full,2026-09-19T15:50:53.039+07:00,transformer,mps,Apple M1 Pro (16-core GPU),gpt,synthetic_markov,32,128,fp32,warmup,0,179.94658399766195,22762.310397919082,tokens/s,,,8.3681640625,,ok,,,"{""n_params"": 4240896, ""d_model"": 256, ""n_layers"": 4, ""n_heads"": 4, ""tokens_per_step"": 4096, ""entropy_floor_loss"": 1.3862943611198906, ""step_ms"": 179.94658399766195}","{""torch"":""2.14.0"",""device_name"":""Apple M1 Pro (16-core GPU)"",""seed"":1234,""git_commit"":""fd532446b10740da6a025ff593b3b290f44a5141"",""code_sha256"":""0176831a9269ba58"",""hostname"":""Kims-MacBook-Pro-16.local""}"
20260919_full,2026-09-19T15:50:53.104+07:00,transformer,mps,Apple M1 Pro (16-core GPU),gpt,synthetic_markov,32,128,fp32,warmup,1,63.90908299727016,64091.046341174355,tokens/s,,,8.33637809753418,,ok,,,"{""n_params"": 4240896, ""d_model"": 256, ""n_layers"": 4, ""n_heads"": 4, ""tokens_per_step"": 4096, ""entropy_floor_loss"": 1.3862943611198906, ""step_ms"": 63.90908299727016}","{""torch"":""2.14.0"",""device_name"":""Apple M1 Pro (16-core GPU)"",""seed"":1234,""git_commit"":""fd532446b10740da6a025ff593b3b290f44a5141"",""code_sha256"":""0176831a9269ba58"",""hostname"":""Kims-MacBook-Pro-16.local""}"
20260919_full,2026-09-19T15:50:53.167+07:00,transformer,mps,Apple M1 Pro (16-core GPU),gpt,synthetic_markov,32,128,fp32,warmup,2,63.691166000353405,64310.33151406386,tokens/s,,,8.325088500976562,,ok,,,"{""n_params"": 4240896, ""d_model"": 256, ""n_layers"": 4, ""n_heads"": 4, ""tokens_per_step"": 4096, ""entropy_floor_loss"": 1.3862943611198906, ""step_ms"": 63.691166000353405}","{""torch"":""2.14.0"",""device_name"":""Apple M1 Pro (16-core GPU)"",""seed"":1234,""git_commit"":""fd532446b10740da6a025ff593b3b290f44a5141"",""code_sha256"":""0176831a9269ba58"",""hostname"":""Kims-MacBook-Pro-16.local""}"
20260919_full,2026-09-19T15:50:53.231+07:00,transformer,mps,Apple M1 Pro (16-core GPU),gpt,synthetic_markov,32,128,fp32,measure,0,63.870207999570994,64130.055753497974,tokens/s,,,8.302081108093262,,ok,,,"{""n_params"": 4240896, ""d_model"": 256, ""n_layers"": 4, ""n_heads"": 4, ""tokens_per_step"": 4096, ""entropy_floor_loss"": 1.3862943611198906, ""step_ms"": 63.870207999570994}","{""torch"":""2.14.0"",""device_name"":""Apple M1 Pro (16-core GPU)"",""seed"":1234,""git_commit"":""fd532446b10740da6a025ff593b3b290f44a5141"",""code_sha256"":""0176831a9269ba58"",""hostname"":""Kims-MacBook-Pro-16.local""}"
20260919_full,2026-09-19T15:50:53.296+07:00,transformer,mps,Apple M1 Pro (16-core GPU),gpt,synthetic_markov,32,128,fp32,measure,1,64.38600000183214,63616.31410374065,tokens/s,,,8.292572975158691,,ok,,,"{""n_params"": 4240896, ""d_model"": 256, ""n_layers"": 4, ""n_heads"": 4, ""tokens_per_step"": 4096, ""entropy_floor_loss"": 1.3862943611198906, ""step_ms"": 64.38600000183214}","{""torch"":""2.14.0"",""device_name"":""Apple M1 Pro (16-core GPU)"",""seed"":1234,""git_commit"":""fd532446b10740da6a025ff593b3b290f44a5141"",""code_sha256"":""0176831a9269ba58"",""hostname"":""Kims-MacBook-Pro-16.local""}"
20260919_full,2026-09-19T15:50:53.360+07:00,transformer,mps,Apple M1 Pro (16-core GPU),gpt,synthetic_markov,32,128,fp32,measure,2,63.386541998625034,64619.39507741011,tokens/s,,,8.273283958435059,,ok,,,"{""n_params"": 4240896, ""d_model"": 256, ""n_layers"": 4, ""n_heads"": 4, ""tokens_per_step"": 4096, ""entropy_floor_loss"": 1.3862943611198906, ""step_ms"": 63.386541998625034}","{""torch"":""2.14.0"",""device_name"":""Apple M1 Pro (16-core GPU)"",""seed"":1234,""git_commit"":""fd532446b10740da6a025ff593b3b290f44a5141"",""code_sha256"":""0176831a9269ba58"",""hostname"":""Kims-MacBook-Pro-16.local""}"
20260919_full,2026-09-19T15:50:53.423+07:00,transformer,mps,Apple M1 Pro (16-core GPU),gpt,synthetic_markov,32,128,fp32,measure,3,63.03379200107884,64981.018434205835,tokens/s,,,8.267127990722656,,ok,,,"{""n_params"": 4240896, ""d_model"": 256, ""n_layers"": 4, ""n_heads"": 4, ""tokens_per_step"": 4096, ""entropy_floor_loss"": 1.3862943611198906, ""step_ms"": 63.03379200107884}","{""torch"":""2.14.0"",""device_name"":""Apple M1 Pro (16-core GPU)"",""seed"":1234,""git_commit"":""fd532446b10740da6a025ff593b3b290f44a5141"",""code_sha256"":""0176831a9269ba58"",""hostname"":""Kims-MacBook-Pro-16.local""}"
20260919_full,2026-09-19T15:50:53.486+07:00,transformer,mps,Apple M1 Pro (16-core GPU),gpt,synthetic_markov,32,128,fp32,measure,4,63.12866699954611,64883.35956831545,tokens/s,,,8.240313529968262,,ok,,,"{""n_params"": 4240896, ""d_model"": 256, ""n_layers"": 4, ""n_heads"": 4, ""tokens_per_step"": 4096, ""entropy_floor_loss"": 1.3862943611198906, ""step_ms"": 63.12866699954611}","{""torch"":""2.14.0"",""device_name"":""Apple M1 Pro (16-core GPU)"",""seed"":1234,""git_commit"":""fd532446b10740da6a025ff593b3b290f44a5141"",""code_sha256"":""0176831a9269ba58"",""hostname"":""Kims-MacBook-Pro-16.local""}"
20260919_full,2026-09-19T15:50:53.549+07:00,transformer,mps,Apple M1 Pro (16-core GPU),gpt,synthetic_markov,32,128,fp32,measure,5,63.3302089991048,64676.87482379695,tokens/s,,,8.231389999389648,,ok,,,"{""n_params"": 4240896, ""d_model"": 256, ""n_layers"": 4, ""n_heads"": 4, ""tokens_per_step"": 4096, ""entropy_floor_loss"": 1.3862943611198906, ""step_ms"": 63.3302089991048}","{""torch"":""2.14.0"",""device_name"":""Apple M1 Pro (16-core GPU)"",""seed"":1234,""git_commit"":""fd532446b10740da6a025ff593b3b290f44a5141"",""code_sha256"":""0176831a9269ba58"",""hostname"":""Kims-MacBook-Pro-16.local""}"
20260919_full,2026-09-19T15:50:53.613+07:00,transformer,mps,Apple M1 Pro (16-core GPU),gpt,synthetic_markov,32,128,fp32,measure,6,63.25916599962511,64749.50997653484,tokens/s,,,8.212105751037598,,ok,,,"{""n_params"": 4240896, ""d_model"": 256, ""n_layers"": 4, ""n_heads"": 4, ""tokens_per_step"": 4096, ""entropy_floor_loss"": 1.3862943611198906, ""step_ms"": 63.25916599962511}","{""torch"":""2.14.0"",""device_name"":""Apple M1 Pro (16-core GPU)"",""seed"":1234,""git_commit"":""fd532446b10740da6a025ff593b3b290f44a5141"",""code_sha256"":""0176831a9269ba58"",""hostname"":""Kims-MacBook-Pro-16.local""}"
20260919_full,2026-09-19T15:50:53.695+07:00,transformer,mps,Apple M1 Pro (16-core GPU),gpt,synthetic_markov,32,128,fp32,measure,7,81.5119170001708,50250.321066445016,tokens/s,,,8.198431015014648,,ok,,,"{""n_params"": 4240896, ""d_model"": 256, ""n_layers"": 4, ""n_heads"": 4, ""tokens_per_step"": 4096, ""entropy_floor_loss"": 1.3862943611198906, ""step_ms"": 81.5119170001708}","{""torch"":""2.14.0"",""device_name"":""Apple M1 Pro (16-core GPU)"",""seed"":1234,""git_commit"":""fd532446b10740da6a025ff593b3b290f44a5141"",""code_sha256"":""0176831a9269ba58"",""hostname"":""Kims-MacBook-Pro-16.local""}"
20260919_full,2026-09-19T15:50:53.786+07:00,transformer,mps,Apple M1 Pro (16-core GPU),gpt,synthetic_markov,32,128,fp32,measure,8,91.46645900182193,44781.442779132965,tokens/s,,,8.175413131713867,,ok,,,"{""n_params"": 4240896, ""d_model"": 256, ""n_layers"": 4, ""n_heads"": 4, ""tokens_per_step"": 4096, ""entropy_floor_loss"": 1.3862943611198906, ""step_ms"": 91.46645900182193}","{""torch"":""2.14.0"",""device_name"":""Apple M1 Pro (16-core GPU)"",""seed"":1234,""git_commit"":""fd532446b10740da6a025ff593b3b290f44a5141"",""code_sha256"":""0176831a9269ba58"",""hostname"":""Kims-MacBook-Pro-16.local""}"
20260919_full,2026-09-19T15:50:53.885+07:00,transformer,mps,Apple M1 Pro (16-core GPU),gpt,synthetic_markov,32,128,fp32,measure,9,99.03954199762666,41357.21871672382,tokens/s,,,8.168387413024902,,ok,,,"{""n_params"": 4240896, ""d_model"": 256, ""n_layers"": 4, ""n_heads"": 4, ""tokens_per_step"": 4096, ""entropy_floor_loss"": 1.3862943611198906, ""step_ms"": 99.03954199762666}","{""torch"":""2.14.0"",""device_name"":""Apple M1 Pro (16-core GPU)"",""seed"":1234,""git_commit"":""fd532446b10740da6a025ff593b3b290f44a5141"",""code_sha256"":""0176831a9269ba58"",""hostname"":""Kims-MacBook-Pro-16.local""}"
20260919_full,2026-09-19T15:50:53.968+07:00,transformer,mps,Apple M1 Pro (16-core GPU),gpt,synthetic_markov,32,128,fp32,measure,10,82.48933299910277,49654.905077782016,tokens/s,,,8.149539947509766,,ok,,,"{""n_params"": 4240896, ""d_model"": 256, ""n_layers"": 4, ""n_heads"": 4, ""tokens_per_step"": 4096, ""entropy_floor_loss"": 1.3862943611198906, ""step_ms"": 82.48933299910277}","{""torch"":""2.14.0"",""device_name"":""Apple M1 Pro (16-core GPU)"",""seed"":1234,""git_commit"":""fd532446b10740da6a025ff593b3b290f44a5141"",""code_sha256"":""0176831a9269ba58"",""hostname"":""Kims-MacBook-Pro-16.local""}"
20260919_full,2026-09-19T15:50:54.046+07:00,transformer,mps,Apple M1 Pro (16-core GPU),gpt,synthetic_markov,32,128,fp32,measure,11,77.5231250008801,52835.8473675242,tokens/s,,,8.131223678588867,,ok,,,"{""n_params"": 4240896, ""d_model"": 256, ""n_layers"": 4, ""n_heads"": 4, ""tokens_per_step"": 4096, ""entropy_floor_loss"": 1.3862943611198906, ""step_ms"": 77.5231250008801}","{""torch"":""2.14.0"",""device_name"":""Apple M1 Pro (16-core GPU)"",""seed"":1234,""git_commit"":""fd532446b10740da6a025ff593b3b290f44a5141"",""code_sha256"":""0176831a9269ba58"",""hostname"":""Kims-MacBook-Pro-16.local""}"
20260919_full,2026-09-19T15:50:54.123+07:00,transformer,mps,Apple M1 Pro (16-core GPU),gpt,synthetic_markov,32,128,fp32,measure,12,76.77066700125579,53353.711254495145,tokens/s,,,8.116076469421387,,ok,,,"{""n_params"": 4240896, ""d_model"": 256, ""n_layers"": 4, ""n_heads"": 4, ""tokens_per_step"": 4096, ""entropy_floor_loss"": 1.3862943611198906, ""step_ms"": 76.77066700125579}","{""torch"":""2.14.0"",""device_name"":""Apple M1 Pro (16-core GPU)"",""seed"":1234,""git_commit"":""fd532446b10740da6a025ff593b3b290f44a5141"",""code_sha256"":""0176831a9269ba58"",""hostname"":""Kims-MacBook-Pro-16.local""}"
20260919_full,2026-09-19T15:50:54.197+07:00,transformer,mps,Apple M1 Pro (16-core GPU),gpt,synthetic_markov,32,128,fp32,measure,13,73.76700000168057,55526.18379365684,tokens/s,,,8.092294692993164,,ok,,,"{""n_params"": 4240896, ""d_model"": 256, ""n_layers"": 4, ""n_heads"": 4, ""tokens_per_step"": 4096, ""entropy_floor_loss"": 1.3862943611198906, ""step_ms"": 73.76700000168057}","{""torch"":""2.14.0"",""device_name"":""Apple M1 Pro (16-core GPU)"",""seed"":1234,""git_commit"":""fd532446b10740da6a025ff593b3b290f44a5141"",""code_sha256"":""0176831a9269ba58"",""hostname"":""Kims-MacBook-Pro-16.local""}"
20260919_full,2026-09-19T15:50:54.276+07:00,transformer,mps,Apple M1 Pro (16-core GPU),gpt,synthetic_markov,32,128,fp32,measure,14,79.46445899870014,51545.05613719715,tokens/s,,,8.08319091796875,,ok,,,"{""n_params"": 4240896, ""d_model"": 256, ""n_layers"": 4, ""n_heads"": 4, ""tokens_per_step"": 4096, ""entropy_floor_loss"": 1.3862943611198906, ""step_ms"": 79.46445899870014}","{""torch"":""2.14.0"",""device_name"":""Apple M1 Pro (16-core GPU)"",""seed"":1234,""git_commit"":""fd532446b10740da6a025ff593b3b290f44a5141"",""code_sha256"":""0176831a9269ba58"",""hostname"":""Kims-MacBook-Pro-16.local""}"
20260919_full,2026-09-19T15:50:54.374+07:00,transformer,mps,Apple M1 Pro (16-core GPU),gpt,synthetic_markov,32,128,fp32,measure,15,97.3467920011899,42076.373712961526,tokens/s,,,8.064092636108398,,ok,,,"{""n_params"": 4240896, ""d_model"": 256, ""n_layers"": 4, ""n_heads"": 4, ""tokens_per_step"": 4096, ""entropy_floor_loss"": 1.3862943611198906, ""step_ms"": 97.3467920011899}","{""torch"":""2.14.0"",""device_name"":""Apple M1 Pro (16-core GPU)"",""seed"":1234,""git_commit"":""fd532446b10740da6a025ff593b3b290f44a5141"",""code_sha256"":""0176831a9269ba58"",""hostname"":""Kims-MacBook-Pro-16.local""}"
20260919_full,2026-09-19T15:50:54.472+07:00,transformer,mps,Apple M1 Pro (16-core GPU),gpt,synthetic_markov,32,128,fp32,measure,16,98.17375000056927,41721.94705790753,tokens/s,,,8.036685943603516,,ok,,,"{""n_params"": 4240896, ""d_model"": 256, ""n_layers"": 4, ""n_heads"": 4, ""tokens_per_step"": 4096, ""entropy_floor_loss"": 1.3862943611198906, ""step_ms"": 98.17375000056927}","{""torch"":""2.14.0"",""device_name"":""Apple M1 Pro (16-core GPU)"",""seed"":1234,""git_commit"":""fd532446b10740da6a025ff593b3b290f44a5141"",""code_sha256"":""0176831a9269ba58"",""hostname"":""Kims-MacBook-Pro-16.local""}"
20260919_full,2026-09-19T15:50:54.549+07:00,transformer,mps,Apple M1 Pro (16-core GPU),gpt,synthetic_markov,32,128,fp32,measure,17,76.48699999845121,53551.583930379544,tokens/s,,,8.025151252746582,,ok,,,"{""n_params"": 4240896, ""d_model"": 256, ""n_layers"": 4, ""n_heads"": 4, ""tokens_per_step"": 4096, ""entropy_floor_loss"": 1.3862943611198906, ""step_ms"": 76.48699999845121}","{""torch"":""2.14.0"",""device_name"":""Apple M1 Pro (16-core GPU)"",""seed"":1234,""git_commit"":""fd532446b10740da6a025ff593b3b290f44a5141"",""code_sha256"":""0176831a9269ba58"",""hostname"":""Kims-MacBook-Pro-16.local""}"
20260919_full,2026-09-19T15:50:54.613+07:00,transformer,mps,Apple M1 Pro (16-core GPU),gpt,synthetic_markov,32,128,fp32,measure,18,63.95029200211866,64049.74663546963,tokens/s,,,8.008234024047852,,ok,,,"{""n_params"": 4240896, ""d_model"": 256, ""n_layers"": 4, ""n_heads"": 4, ""tokens_per_step"": 4096, ""entropy_floor_loss"": 1.3862943611198906, ""step_ms"": 63.95029200211866}","{""torch"":""2.14.0"",""device_name"":""Apple M1 Pro (16-core GPU)"",""seed"":1234,""git_commit"":""fd532446b10740da6a025ff593b3b290f44a5141"",""code_sha256"":""0176831a9269ba58"",""hostname"":""Kims-MacBook-Pro-16.local""}"
20260919_full,2026-09-19T15:50:54.676+07:00,transformer,mps,Apple M1 Pro (16-core GPU),gpt,synthetic_markov,32,128,fp32,measure,19,63.30945799709298,64698.074025338814,tokens/s,,,7.985576629638672,,ok,,,"{""n_params"": 4240896, ""d_model"": 256, ""n_layers"": 4, ""n_heads"": 4, ""tokens_per_step"": 4096, ""entropy_floor_loss"": 1.3862943611198906, ""step_ms"": 63.30945799709298}","{""torch"":""2.14.0"",""device_name"":""Apple M1 Pro (16-core GPU)"",""seed"":1234,""git_commit"":""fd532446b10740da6a025ff593b3b290f44a5141"",""code_sha256"":""0176831a9269ba58"",""hostname"":""Kims-MacBook-Pro-16.local""}"
20260919_full,2026-09-19T15:50:54.677+07:00,transformer,mps,Apple M1 Pro (16-core GPU),gpt,synthetic_markov,32,128,fp32,config,,,,,1282.71875,"mps_driver_allocated_memory (snapshot after work, not a peak; includes allocator cache)",,,ok,,,"{""n_params"": 4240896, ""d_model"": 256, ""n_layers"": 4, ""n_heads"": 4, ""tokens_per_step"": 4096, ""entropy_floor_loss"": 1.3862943611198906, ""process_rss_mb"": 528.40625, ""mps_current_allocated_mb"": 64.7109375, ""mps_driver_allocated_mb"": 1282.71875}","{""torch"":""2.14.0"",""device_name"":""Apple M1 Pro (16-core GPU)"",""seed"":1234,""git_commit"":""fd532446b10740da6a025ff593b3b290f44a5141"",""code_sha256"":""0176831a9269ba58"",""hostname"":""Kims-MacBook-Pro-16.local""}"
20260919_full,2026-09-19T15:50:55.052+07:00,transformer,mps,Apple M1 Pro (16-core GPU),gpt,synthetic_markov,32,256,fp32,warmup,0,193.13645800139057,42415.60648244371,tokens/s,,,8.377710342407227,,ok,,,"{""n_params"": 4273664, ""d_model"": 256, ""n_layers"": 4, ""n_heads"": 4, ""tokens_per_step"": 8192, ""entropy_floor_loss"": 1.3862943611198906, ""step_ms"": 193.13645800139057}","{""torch"":""2.14.0"",""device_name"":""Apple M1 Pro (16-core GPU)"",""seed"":1234,""git_commit"":""fd532446b10740da6a025ff593b3b290f44a5141"",""code_sha256"":""0176831a9269ba58"",""hostname"":""Kims-MacBook-Pro-16.local""}"
20260919_full,2026-09-19T15:50:55.186+07:00,transformer,mps,Apple M1 Pro (16-core GPU),gpt,synthetic_markov,32,256,fp32,warmup,1,133.4105840032862,61404.42350359708,tokens/s,,,8.330018043518066,,ok,,,"{""n_params"": 4273664, ""d_model"": 256, ""n_layers"": 4, ""n_heads"": 4, ""tokens_per_step"": 8192, ""entropy_floor_loss"": 1.3862943611198906, ""step_ms"": 133.4105840032862}","{""torch"":""2.14.0"",""device_name"":""Apple M1 Pro (16-core GPU)"",""seed"":1234,""git_commit"":""fd532446b10740da6a025ff593b3b290f44a5141"",""code_sha256"":""0176831a9269ba58"",""hostname"":""Kims-MacBook-Pro-16.local""}"
20260919_full,2026-09-19T15:50:55.365+07:00,transformer,mps,Apple M1 Pro (16-core GPU),gpt,synthetic_markov,32,256,fp32,warmup,2,178.64916699909372,45855.237601200555,tokens/s,,,8.301958084106445,,ok,,,"{""n_params"": 4273664, ""d_model"": 256, ""n_layers"": 4, ""n_heads"": 4, ""tokens_per_step"": 8192, ""entropy_floor_loss"": 1.3862943611198906, ""step_ms"": 178.64916699909372}","{""torch"":""2.14.0"",""device_name"":""Apple M1 Pro (16-core GPU)"",""seed"":1234,""git_commit"":""fd532446b10740da6a025ff593b3b290f44a5141"",""code_sha256"":""0176831a9269ba58"",""hostname"":""Kims-MacBook-Pro-16.local""}"
20260919_full,2026-09-19T15:50:55.531+07:00,transformer,mps,Apple M1 Pro (16-core GPU),gpt,synthetic_markov,32,256,fp32,measure,0,166.52375000194297,49194.18401221698,tokens/s,,,8.280315399169922,,ok,,,"{""n_params"": 4273664, ""d_model"": 256, ""n_layers"": 4, ""n_heads"": 4, ""tokens_per_step"": 8192, ""entropy_floor_loss"": 1.3862943611198906, ""step_ms"": 166.52375000194297}","{""torch"":""2.14.0"",""device_name"":""Apple M1 Pro (16-core GPU)"",""seed"":1234,""git_commit"":""fd532446b10740da6a025ff593b3b290f44a5141"",""code_sha256"":""0176831a9269ba58"",""hostname"":""Kims-MacBook-Pro-16.local""}"
20260919_full,2026-09-19T15:50:55.674+07:00,transformer,mps,Apple M1 Pro (16-core GPU),gpt,synthetic_markov,32,256,fp32,measure,1,142.73941600185935,57391.29547716021,tokens/s,,,8.254744529724121,,ok,,,"{""n_params"": 4273664, ""d_model"": 256, ""n_layers"": 4, ""n_heads"": 4, ""tokens_per_step"": 8192, ""entropy_floor_loss"": 1.3862943611198906, ""step_ms"": 142.73941600185935}","{""torch"":""2.14.0"",""device_name"":""Apple M1 Pro (16-core GPU)"",""seed"":1234,""git_commit"":""fd532446b10740da6a025ff593b3b290f44a5141"",""code_sha256"":""0176831a9269ba58"",""hostname"":""Kims-MacBook-Pro-16.local""}"
20260919_full,2026-09-19T15:50:55.848+07:00,transformer,mps,Apple M1 Pro (16-core GPU),gpt,synthetic_markov,32,256,fp32,measure,2,173.55133399905753,47202.17247102512,tokens/s,,,8.236942291259766,,ok,,,"{""n_params"": 4273664, ""d_model"": 256, ""n_layers"": 4, ""n_heads"": 4, ""tokens_per_step"": 8192, ""entropy_floor_loss"": 1.3862943611198906, ""step_ms"": 173.55133399905753}","{""torch"":""2.14.0"",""device_name"":""Apple M1 Pro (16-core GPU)"",""seed"":1234,""git_commit"":""fd532446b10740da6a025ff593b3b290f44a5141"",""code_sha256"":""0176831a9269ba58"",""hostname"":""Kims-MacBook-Pro-16.local""}"
20260919_full,2026-09-19T15:50:56.025+07:00,transformer,mps,Apple M1 Pro (16-core GPU),gpt,synthetic_markov,32,256,fp32,measure,3,177.1376249998866,46246.52724120719,tokens/s,,,8.196626663208008,,ok,,,"{""n_params"": 4273664, ""d_model"": 256, ""n_layers"": 4, ""n_heads"": 4, ""tokens_per_step"": 8192, ""entropy_floor_loss"": 1.3862943611198906, ""step_ms"": 177.1376249998866}","{""torch"":""2.14.0"",""device_name"":""Apple M1 Pro (16-core GPU)"",""seed"":1234,""git_commit"":""fd532446b10740da6a025ff593b3b290f44a5141"",""code_sha256"":""0176831a9269ba58"",""hostname"":""Kims-MacBook-Pro-16.local""}"
20260919_full,2026-09-19T15:50:56.157+07:00,transformer,mps,Apple M1 Pro (16-core GPU),gpt,synthetic_markov,32,256,fp32,measure,4,131.98704199749045,62066.69894273227,tokens/s,,,8.167362213134766,,ok,,,"{""n_params"": 4273664, ""d_model"": 256, ""n_layers"": 4, ""n_heads"": 4, ""tokens_per_step"": 8192, ""entropy_floor_loss"": 1.3862943611198906, ""step_ms"": 131.98704199749045}","{""torch"":""2.14.0"",""device_name"":""Apple M1 Pro (16-core GPU)"",""seed"":1234,""git_commit"":""fd532446b10740da6a025ff593b3b290f44a5141"",""code_sha256"":""0176831a9269ba58"",""hostname"":""Kims-MacBook-Pro-16.local""}"
20260919_full,2026-09-19T15:50:56.289+07:00,transformer,mps,Apple M1 Pro (16-core GPU),gpt,synthetic_markov,32,256,fp32,measure,5,131.43050000144285,62329.5201639655,tokens/s,,,8.147969245910645,,ok,,,"{""n_params"": 4273664, ""d_model"": 256, ""n_layers"": 4, ""n_heads"": 4, ""tokens_per_step"": 8192, ""entropy_floor_loss"": 1.3862943611198906, ""step_ms"": 131.43050000144285}","{""torch"":""2.14.0"",""device_name"":""Apple M1 Pro (16-core GPU)"",""seed"":1234,""git_commit"":""fd532446b10740da6a025ff593b3b290f44a5141"",""code_sha256"":""0176831a9269ba58"",""hostname"":""Kims-MacBook-Pro-16.local""}"
20260919_full,2026-09-19T15:50:56.420+07:00,transformer,mps,Apple M1 Pro (16-core GPU),gpt,synthetic_markov,32,256,fp32,measure,6,130.64958299946738,62702.0753677675,tokens/s,,,8.120763778686523,,ok,,,"{""n_params"": 4273664, ""d_model"": 256, ""n_layers"": 4, ""n_heads"": 4, ""tokens_per_step"": 8192, ""entropy_floor_loss"": 1.3862943611198906, ""step_ms"": 130.64958299946738}","{""torch"":""2.14.0"",""device_name"":""Apple M1 Pro (16-core GPU)"",""seed"":1234,""git_commit"":""fd532446b10740da6a025ff593b3b290f44a5141"",""code_sha256"":""0176831a9269ba58"",""hostname"":""Kims-MacBook-Pro-16.local""}"
20260919_full,2026-09-19T15:50:56.551+07:00,transformer,mps,Apple M1 Pro (16-core GPU),gpt,synthetic_markov,32,256,fp32,measure,7,130.57920800201828,62735.86833114643,tokens/s,,,8.10211181640625,,ok,,,"{""n_params"": 4273664, ""d_model"": 256, ""n_layers"": 4, ""n_heads"": 4, ""tokens_per_step"": 8192, ""entropy_floor_loss"": 1.3862943611198906, ""step_ms"": 130.57920800201828}","{""torch"":""2.14.0"",""device_name"":""Apple M1 Pro (16-core GPU)"",""seed"":1234,""git_commit"":""fd532446b10740da6a025ff593b3b290f44a5141"",""code_sha256"":""0176831a9269ba58"",""hostname"":""Kims-MacBook-Pro-16.local""}"
20260919_full,2026-09-19T15:50:56.682+07:00,transformer,mps,Apple M1 Pro (16-core GPU),gpt,synthetic_markov,32,256,fp32,measure,8,130.94312500106753,62561.51287005877,tokens/s,,,8.071489334106445,,ok,,,"{""n_params"": 4273664, ""d_model"": 256, ""n_layers"": 4, ""n_heads"": 4, ""tokens_per_step"": 8192, ""entropy_floor_loss"": 1.3862943611198906, ""step_ms"": 130.94312500106753}","{""torch"":""2.14.0"",""device_name"":""Apple M1 Pro (16-core GPU)"",""seed"":1234,""git_commit"":""fd532446b10740da6a025ff593b3b290f44a5141"",""code_sha256"":""0176831a9269ba58"",""hostname"":""Kims-MacBook-Pro-16.local""}"
20260919_full,2026-09-19T15:50:56.813+07:00,transformer,mps,Apple M1 Pro (16-core GPU),gpt,synthetic_markov,32,256,fp32,measure,9,130.96499999664957,62551.06326277687,tokens/s,,,8.043912887573242,,ok,,,"{""n_params"": 4273664, ""d_model"": 256, ""n_layers"": 4, ""n_heads"": 4, ""tokens_per_step"": 8192, ""entropy_floor_loss"": 1.3862943611198906, ""step_ms"": 130.96499999664957}","{""torch"":""2.14.0"",""device_name"":""Apple M1 Pro (16-core GPU)"",""seed"":1234,""git_commit"":""fd532446b10740da6a025ff593b3b290f44a5141"",""code_sha256"":""0176831a9269ba58"",""hostname"":""Kims-MacBook-Pro-16.local""}"
20260919_full,2026-09-19T15:50:56.944+07:00,transformer,mps,Apple M1 Pro (16-core GPU),gpt,synthetic_markov,32,256,fp32,measure,10,131.086667002819,62493.007010574394,tokens/s,,,8.02071762084961,,ok,,,"{""n_params"": 4273664, ""d_model"": 256, ""n_layers"": 4, ""n_heads"": 4, ""tokens_per_step"": 8192, ""entropy_floor_loss"": 1.3862943611198906, ""step_ms"": 131.086667002819}","{""torch"":""2.14.0"",""device_name"":""Apple M1 Pro (16-core GPU)"",""seed"":1234,""git_commit"":""fd532446b10740da6a025ff593b3b290f44a5141"",""code_sha256"":""0176831a9269ba58"",""hostname"":""Kims-MacBook-Pro-16.local""}"
20260919_full,2026-09-19T15:50:57.075+07:00,transformer,mps,Apple M1 Pro (16-core GPU),gpt,synthetic_markov,32,256,fp32,measure,11,131.06429199979175,62503.67567707165,tokens/s,,,8.000519752502441,,ok,,,"{""n_params"": 4273664, ""d_model"": 256, ""n_layers"": 4, ""n_heads"": 4, ""tokens_per_step"": 8192, ""entropy_floor_loss"": 1.3862943611198906, ""step_ms"": 131.06429199979175}","{""torch"":""2.14.0"",""device_name"":""Apple M1 Pro (16-core GPU)"",""seed"":1234,""git_commit"":""fd532446b10740da6a025ff593b3b290f44a5141"",""code_sha256"":""0176831a9269ba58"",""hostname"":""Kims-MacBook-Pro-16.local""}"
20260919_full,2026-09-19T15:50:57.207+07:00,transformer,mps,Apple M1 Pro (16-core GPU),gpt,synthetic_markov,32,256,fp32,measure,12,131.40487500277231,62341.67491751862,tokens/s,,,7.962893486022949,,ok,,,"{""n_params"": 4273664, ""d_model"": 256, ""n_layers"": 4, ""n_heads"": 4, ""tokens_per_step"": 8192, ""entropy_floor_loss"": 1.3862943611198906, ""step_ms"": 131.40487500277231}","{""torch"":""2.14.0"",""device_name"":""Apple M1 Pro (16-core GPU)"",""seed"":1234,""git_commit"":""fd532446b10740da6a025ff593b3b290f44a5141"",""code_sha256"":""0176831a9269ba58"",""hostname"":""Kims-MacBook-Pro-16.local""}"
20260919_full,2026-09-19T15:50:57.339+07:00,transformer,mps,Apple M1 Pro (16-core GPU),gpt,synthetic_markov,32,256,fp32,measure,13,131.49579200035078,62298.571500889906,tokens/s,,,7.945847034454346,,ok,,,"{""n_params"": 4273664, ""d_model"": 256, ""n_layers"": 4, ""n_heads"": 4, ""tokens_per_step"": 8192, ""entropy_floor_loss"": 1.3862943611198906, ""step_ms"": 131.49579200035078}","{""torch"":""2.14.0"",""device_name"":""Apple M1 Pro (16-core GPU)"",""seed"":1234,""git_commit"":""fd532446b10740da6a025ff593b3b290f44a5141"",""code_sha256"":""0176831a9269ba58"",""hostname"":""Kims-MacBook-Pro-16.local""}"
20260919_full,2026-09-19T15:50:57.475+07:00,transformer,mps,Apple M1 Pro (16-core GPU),gpt,synthetic_markov,32,256,fp32,measure,14,136.60833299945807,59967.05925715745,tokens/s,,,7.916052341461182,,ok,,,"{""n_params"": 4273664, ""d_model"": 256, ""n_layers"": 4, ""n_heads"": 4, ""tokens_per_step"": 8192, ""entropy_floor_loss"": 1.3862943611198906, ""step_ms"": 136.60833299945807}","{""torch"":""2.14.0"",""device_name"":""Apple M1 Pro (16-core GPU)"",""seed"":1234,""git_commit"":""fd532446b10740da6a025ff593b3b290f44a5141"",""code_sha256"":""0176831a9269ba58"",""hostname"":""Kims-MacBook-Pro-16.local""}"
20260919_full,2026-09-19T15:50:57.616+07:00,transformer,mps,Apple M1 Pro (16-core GPU),gpt,synthetic_markov,32,256,fp32,measure,15,140.5352080000739,58291.44252588783,tokens/s,,,7.897788047790527,,ok,,,"{""n_params"": 4273664, ""d_model"": 256, ""n_layers"": 4, ""n_heads"": 4, ""tokens_per_step"": 8192, ""entropy_floor_loss"": 1.3862943611198906, ""step_ms"": 140.5352080000739}","{""torch"":""2.14.0"",""device_name"":""Apple M1 Pro (16-core GPU)"",""seed"":1234,""git_commit"":""fd532446b10740da6a025ff593b3b290f44a5141"",""code_sha256"":""0176831a9269ba58"",""hostname"":""Kims-MacBook-Pro-16.local""}"
20260919_full,2026-09-19T15:50:57.754+07:00,transformer,mps,Apple M1 Pro (16-core GPU),gpt,synthetic_markov,32,256,fp32,measure,16,137.54975000119884,59556.63314494283,tokens/s,,,7.856263160705566,,ok,,,"{""n_params"": 4273664, ""d_model"": 256, ""n_layers"": 4, ""n_heads"": 4, ""tokens_per_step"": 8192, ""entropy_floor_loss"": 1.3862943611198906, ""step_ms"": 137.54975000119884}","{""torch"":""2.14.0"",""device_name"":""Apple M1 Pro (16-core GPU)"",""seed"":1234,""git_commit"":""fd532446b10740da6a025ff593b3b290f44a5141"",""code_sha256"":""0176831a9269ba58"",""hostname"":""Kims-MacBook-Pro-16.local""}"
20260919_full,2026-09-19T15:50:57.892+07:00,transformer,mps,Apple M1 Pro (16-core GPU),gpt,synthetic_markov,32,256,fp32,measure,17,137.7532499973313,59468.651375983536,tokens/s,,,7.834067344665527,,ok,,,"{""n_params"": 4273664, ""d_model"": 256, ""n_layers"": 4, ""n_heads"": 4, ""tokens_per_step"": 8192, ""entropy_floor_loss"": 1.3862943611198906, ""step_ms"": 137.7532499973313}","{""torch"":""2.14.0"",""device_name"":""Apple M1 Pro (16-core GPU)"",""seed"":1234,""git_commit"":""fd532446b10740da6a025ff593b3b290f44a5141"",""code_sha256"":""0176831a9269ba58"",""hostname"":""Kims-MacBook-Pro-16.local""}"
20260919_full,2026-09-19T15:50:58.025+07:00,transformer,mps,Apple M1 Pro (16-core GPU),gpt,synthetic_markov,32,256,fp32,measure,18,132.86933400013368,61654.55755194617,tokens/s,,,7.805289268493652,,ok,,,"{""n_params"": 4273664, ""d_model"": 256, ""n_layers"": 4, ""n_heads"": 4, ""tokens_per_step"": 8192, ""entropy_floor_loss"": 1.3862943611198906, ""step_ms"": 132.86933400013368}","{""torch"":""2.14.0"",""device_name"":""Apple M1 Pro (16-core GPU)"",""seed"":1234,""git_commit"":""fd532446b10740da6a025ff593b3b290f44a5141"",""code_sha256"":""0176831a9269ba58"",""hostname"":""Kims-MacBook-Pro-16.local""}"
20260919_full,2026-09-19T15:50:58.159+07:00,transformer,mps,Apple M1 Pro (16-core GPU),gpt,synthetic_markov,32,256,fp32,measure,19,134.03370800006087,61118.95374853227,tokens/s,,,7.773318767547607,,ok,,,"{""n_params"": 4273664, ""d_model"": 256, ""n_layers"": 4, ""n_heads"": 4, ""tokens_per_step"": 8192, ""entropy_floor_loss"": 1.3862943611198906, ""step_ms"": 134.03370800006087}","{""torch"":""2.14.0"",""device_name"":""Apple M1 Pro (16-core GPU)"",""seed"":1234,""git_commit"":""fd532446b10740da6a025ff593b3b290f44a5141"",""code_sha256"":""0176831a9269ba58"",""hostname"":""Kims-MacBook-Pro-16.local""}"
20260919_full,2026-09-19T15:50:58.159+07:00,transformer,mps,Apple M1 Pro (16-core GPU),gpt,synthetic_markov,32,256,fp32,config,,,,,2274.71875,"mps_driver_allocated_memory (snapshot after work, not a peak; includes allocator cache)",,,ok,,,"{""n_params"": 4273664, ""d_model"": 256, ""n_layers"": 4, ""n_heads"": 4, ""tokens_per_step"": 8192, ""entropy_floor_loss"": 1.3862943611198906, ""process_rss_mb"": 531.40625, ""mps_current_allocated_mb"": 65.2109375, ""mps_driver_allocated_mb"": 2274.71875}","{""torch"":""2.14.0"",""device_name"":""Apple M1 Pro (16-core GPU)"",""seed"":1234,""git_commit"":""fd532446b10740da6a025ff593b3b290f44a5141"",""code_sha256"":""0176831a9269ba58"",""hostname"":""Kims-MacBook-Pro-16.local""}"
20260919_full,2026-09-19T15:50:58.825+07:00,transformer,mps,Apple M1 Pro (16-core GPU),gpt,synthetic_markov,32,512,fp32,warmup,0,468.92700000171317,34939.34023833164,tokens/s,,,8.36662769317627,,ok,,,"{""n_params"": 4339200, ""d_model"": 256, ""n_layers"": 4, ""n_heads"": 4, ""tokens_per_step"": 16384, ""entropy_floor_loss"": 1.3862943611198906, ""step_ms"": 468.92700000171317}","{""torch"":""2.14.0"",""device_name"":""Apple M1 Pro (16-core GPU)"",""seed"":1234,""git_commit"":""fd532446b10740da6a025ff593b3b290f44a5141"",""code_sha256"":""0176831a9269ba58"",""hostname"":""Kims-MacBook-Pro-16.local""}"
20260919_full,2026-09-19T15:50:59.132+07:00,transformer,mps,Apple M1 Pro (16-core GPU),gpt,synthetic_markov,32,512,fp32,warmup,1,305.8007910003653,53577.36304867972,tokens/s,,,8.31826400756836,,ok,,,"{""n_params"": 4339200, ""d_model"": 256, ""n_layers"": 4, ""n_heads"": 4, ""tokens_per_step"": 16384, ""entropy_floor_loss"": 1.3862943611198906, ""step_ms"": 305.8007910003653}","{""torch"":""2.14.0"",""device_name"":""Apple M1 Pro (16-core GPU)"",""seed"":1234,""git_commit"":""fd532446b10740da6a025ff593b3b290f44a5141"",""code_sha256"":""0176831a9269ba58"",""hostname"":""Kims-MacBook-Pro-16.local""}"
20260919_full,2026-09-19T15:50:59.438+07:00,transformer,mps,Apple M1 Pro (16-core GPU),gpt,synthetic_markov,32,512,fp32,warmup,2,306.18104199675145,53510.8244885189,tokens/s,,,8.284736633300781,,ok,,,"{""n_params"": 4339200, ""d_model"": 256, ""n_layers"": 4, ""n_heads"": 4, ""tokens_per_step"": 16384, ""entropy_floor_loss"": 1.3862943611198906, ""step_ms"": 306.18104199675145}","{""torch"":""2.14.0"",""device_name"":""Apple M1 Pro (16-core GPU)"",""seed"":1234,""git_commit"":""fd532446b10740da6a025ff593b3b290f44a5141"",""code_sha256"":""0176831a9269ba58"",""hostname"":""Kims-MacBook-Pro-16.local""}"
20260919_full,2026-09-19T15:50:59.743+07:00,transformer,mps,Apple M1 Pro (16-core GPU),gpt,synthetic_markov,32,512,fp32,measure,0,304.9016250006389,53735.36464413947,tokens/s,,,8.247682571411133,,ok,,,"{""n_params"": 4339200, ""d_model"": 256, ""n_layers"": 4, ""n_heads"": 4, ""tokens_per_step"": 16384, ""entropy_floor_loss"": 1.3862943611198906, ""step_ms"": 304.9016250006389}","{""torch"":""2.14.0"",""device_name"":""Apple M1 Pro (16-core GPU)"",""seed"":1234,""git_commit"":""fd532446b10740da6a025ff593b3b290f44a5141"",""code_sha256"":""0176831a9269ba58"",""hostname"":""Kims-MacBook-Pro-16.local""}"
20260919_full,2026-09-19T15:51:00.041+07:00,transformer,mps,Apple M1 Pro (16-core GPU),gpt,synthetic_markov,32,512,fp32,measure,1,298.2080000001588,54941.517330156385,tokens/s,,,8.200255393981934,,ok,,,"{""n_params"": 4339200, ""d_model"": 256, ""n_layers"": 4, ""n_heads"": 4, ""tokens_per_step"": 16384, ""entropy_floor_loss"": 1.3862943611198906, ""step_ms"": 298.2080000001588}","{""torch"":""2.14.0"",""device_name"":""Apple M1 Pro (16-core GPU)"",""seed"":1234,""git_commit"":""fd532446b10740da6a025ff593b3b290f44a5141"",""code_sha256"":""0176831a9269ba58"",""hostname"":""Kims-MacBook-Pro-16.local""}"
20260919_full,2026-09-19T15:51:00.345+07:00,transformer,mps,Apple M1 Pro (16-core GPU),gpt,synthetic_markov,32,512,fp32,measure,2,303.5427089998848,53975.929957211454,tokens/s,,,8.168621063232422,,ok,,,"{""n_params"": 4339200, ""d_model"": 256, ""n_layers"": 4, ""n_heads"": 4, ""tokens_per_step"": 16384, ""entropy_floor_loss"": 1.3862943611198906, ""step_ms"": 303.5427089998848}","{""torch"":""2.14.0"",""device_name"":""Apple M1 Pro (16-core GPU)"",""seed"":1234,""git_commit"":""fd532446b10740da6a025ff593b3b290f44a5141"",""code_sha256"":""0176831a9269ba58"",""hostname"":""Kims-MacBook-Pro-16.local""}"
20260919_full,2026-09-19T15:51:00.645+07:00,transformer,mps,Apple M1 Pro (16-core GPU),gpt,synthetic_markov,32,512,fp32,measure,3,299.53350000141654,54698.389328480844,tokens/s,,,8.131532669067383,,ok,,,"{""n_params"": 4339200, ""d_model"": 256, ""n_layers"": 4, ""n_heads"": 4, ""tokens_per_step"": 16384, ""entropy_floor_loss"": 1.3862943611198906, ""step_ms"": 299.53350000141654}","{""torch"":""2.14.0"",""device_name"":""Apple M1 Pro (16-core GPU)"",""seed"":1234,""git_commit"":""fd532446b10740da6a025ff593b3b290f44a5141"",""code_sha256"":""0176831a9269ba58"",""hostname"":""Kims-MacBook-Pro-16.local""}"
20260919_full,2026-09-19T15:51:00.956+07:00,transformer,mps,Apple M1 Pro (16-core GPU),gpt,synthetic_markov,32,512,fp32,measure,4,310.7918330024404,52716.95797705003,tokens/s,,,8.09682559967041,,ok,,,"{""n_params"": 4339200, ""d_model"": 256, ""n_layers"": 4, ""n_heads"": 4, ""tokens_per_step"": 16384, ""entropy_floor_loss"": 1.3862943611198906, ""step_ms"": 310.7918330024404}","{""torch"":""2.14.0"",""device_name"":""Apple M1 Pro (16-core GPU)"",""seed"":1234,""git_commit"":""fd532446b10740da6a025ff593b3b290f44a5141"",""code_sha256"":""0176831a9269ba58"",""hostname"":""Kims-MacBook-Pro-16.local""}"
20260919_full,2026-09-19T15:51:01.264+07:00,transformer,mps,Apple M1 Pro (16-core GPU),gpt,synthetic_markov,32,512,fp32,measure,5,307.5660419999622,53269.860006203206,tokens/s,,,8.058110237121582,,ok,,,"{""n_params"": 4339200, ""d_model"": 256, ""n_layers"": 4, ""n_heads"": 4, ""tokens_per_step"": 16384, ""entropy_floor_loss"": 1.3862943611198906, ""step_ms"": 307.5660419999622}","{""torch"":""2.14.0"",""device_name"":""Apple M1 Pro (16-core GPU)"",""seed"":1234,""git_commit"":""fd532446b10740da6a025ff593b3b290f44a5141"",""code_sha256"":""0176831a9269ba58"",""hostname"":""Kims-MacBook-Pro-16.local""}"
20260919_full,2026-09-19T15:51:01.577+07:00,transformer,mps,Apple M1 Pro (16-core GPU),gpt,synthetic_markov,32,512,fp32,measure,6,313.068834002479,52333.53889154698,tokens/s,,,8.033080101013184,,ok,,,"{""n_params"": 4339200, ""d_model"": 256, ""n_layers"": 4, ""n_heads"": 4, ""tokens_per_step"": 16384, ""entropy_floor_loss"": 1.3862943611198906, ""step_ms"": 313.068834002479}","{""torch"":""2.14.0"",""device_name"":""Apple M1 Pro (16-core GPU)"",""seed"":1234,""git_commit"":""fd532446b10740da6a025ff593b3b290f44a5141"",""code_sha256"":""0176831a9269ba58"",""hostname"":""Kims-MacBook-Pro-16.local""}"
20260919_full,2026-09-19T15:51:01.893+07:00,transformer,mps,Apple M1 Pro (16-core GPU),gpt,synthetic_markov,32,512,fp32,measure,7,315.84174999807146,51874.07934543182,tokens/s,,,8.001245498657227,,ok,,,"{""n_params"": 4339200, ""d_model"": 256, ""n_layers"": 4, ""n_heads"": 4, ""tokens_per_step"": 16384, ""entropy_floor_loss"": 1.3862943611198906, ""step_ms"": 315.84174999807146}","{""torch"":""2.14.0"",""device_name"":""Apple M1 Pro (16-core GPU)"",""seed"":1234,""git_commit"":""fd532446b10740da6a025ff593b3b290f44a5141"",""code_sha256"":""0176831a9269ba58"",""hostname"":""Kims-MacBook-Pro-16.local""}"
20260919_full,2026-09-19T15:51:02.199+07:00,transformer,mps,Apple M1 Pro (16-core GPU),gpt,synthetic_markov,32,512,fp32,measure,8,305.4271660002996,53642.903526086244,tokens/s,,,7.960997581481934,,ok,,,"{""n_params"": 4339200, ""d_model"": 256, ""n_layers"": 4, ""n_heads"": 4, ""tokens_per_step"": 16384, ""entropy_floor_loss"": 1.3862943611198906, ""step_ms"": 305.4271660002996}","{""torch"":""2.14.0"",""device_name"":""Apple M1 Pro (16-core GPU)"",""seed"":1234,""git_commit"":""fd532446b10740da6a025ff593b3b290f44a5141"",""code_sha256"":""0176831a9269ba58"",""hostname"":""Kims-MacBook-Pro-16.local""}"
20260919_full,2026-09-19T15:51:02.497+07:00,transformer,mps,Apple M1 Pro (16-core GPU),gpt,synthetic_markov,32,512,fp32,measure,9,298.2296669979405,54937.525716088945,tokens/s,,,7.932685852050781,,ok,,,"{""n_params"": 4339200, ""d_model"": 256, ""n_layers"": 4, ""n_heads"": 4, ""tokens_per_step"": 16384, ""entropy_floor_loss"": 1.3862943611198906, ""step_ms"": 298.2296669979405}","{""torch"":""2.14.0"",""device_name"":""Apple M1 Pro (16-core GPU)"",""seed"":1234,""git_commit"":""fd532446b10740da6a025ff593b3b290f44a5141"",""code_sha256"":""0176831a9269ba58"",""hostname"":""Kims-MacBook-Pro-16.local""}"
20260919_full,2026-09-19T15:51:02.799+07:00,transformer,mps,Apple M1 Pro (16-core GPU),gpt,synthetic_markov,32,512,fp32,measure,10,301.4900000016496,54343.42764241054,tokens/s,,,7.899387359619141,,ok,,,"{""n_params"": 4339200, ""d_model"": 256, ""n_layers"": 4, ""n_heads"": 4, ""tokens_per_step"": 16384, ""entropy_floor_loss"": 1.3862943611198906, ""step_ms"": 301.4900000016496}","{""torch"":""2.14.0"",""device_name"":""Apple M1 Pro (16-core GPU)"",""seed"":1234,""git_commit"":""fd532446b10740da6a025ff593b3b290f44a5141"",""code_sha256"":""0176831a9269ba58"",""hostname"":""Kims-MacBook-Pro-16.local""}"
20260919_full,2026-09-19T15:51:03.102+07:00,transformer,mps,Apple M1 Pro (16-core GPU),gpt,synthetic_markov,32,512,fp32,measure,11,303.212540999084,54034.70432329346,tokens/s,,,7.86627721786499,,ok,,,"{""n_params"": 4339200, ""d_model"": 256, ""n_layers"": 4, ""n_heads"": 4, ""tokens_per_step"": 16384, ""entropy_floor_loss"": 1.3862943611198906, ""step_ms"": 303.212540999084}","{""torch"":""2.14.0"",""device_name"":""Apple M1 Pro (16-core GPU)"",""seed"":1234,""git_commit"":""fd532446b10740da6a025ff593b3b290f44a5141"",""code_sha256"":""0176831a9269ba58"",""hostname"":""Kims-MacBook-Pro-16.local""}"
20260919_full,2026-09-19T15:51:03.401+07:00,transformer,mps,Apple M1 Pro (16-core GPU),gpt,synthetic_markov,32,512,fp32,measure,12,299.2201670022041,54755.6675880049,tokens/s,,,7.832270622253418,,ok,,,"{""n_params"": 4339200, ""d_model"": 256, ""n_layers"": 4, ""n_heads"": 4, ""tokens_per_step"": 16384, ""entropy_floor_loss"": 1.3862943611198906, ""step_ms"": 299.2201670022041}","{""torch"":""2.14.0"",""device_name"":""Apple M1 Pro (16-core GPU)"",""seed"":1234,""git_commit"":""fd532446b10740da6a025ff593b3b290f44a5141"",""code_sha256"":""0176831a9269ba58"",""hostname"":""Kims-MacBook-Pro-16.local""}"
20260919_full,2026-09-19T15:51:03.704+07:00,transformer,mps,Apple M1 Pro (16-core GPU),gpt,synthetic_markov,32,512,fp32,measure,13,301.9562500012398,54259.51607205589,tokens/s,,,7.806038856506348,,ok,,,"{""n_params"": 4339200, ""d_model"": 256, ""n_layers"": 4, ""n_heads"": 4, ""tokens_per_step"": 16384, ""entropy_floor_loss"": 1.3862943611198906, ""step_ms"": 301.9562500012398}","{""torch"":""2.14.0"",""device_name"":""Apple M1 Pro (16-core GPU)"",""seed"":1234,""git_commit"":""fd532446b10740da6a025ff593b3b290f44a5141"",""code_sha256"":""0176831a9269ba58"",""hostname"":""Kims-MacBook-Pro-16.local""}"
20260919_full,2026-09-19T15:51:04.007+07:00,transformer,mps,Apple M1 Pro (16-core GPU),gpt,synthetic_markov,32,512,fp32,measure,14,302.84087499967427,54101.01922343746,tokens/s,,,7.771326065063477,,ok,,,"{""n_params"": 4339200, ""d_model"": 256, ""n_layers"": 4, ""n_heads"": 4, ""tokens_per_step"": 16384, ""entropy_floor_loss"": 1.3862943611198906, ""step_ms"": 302.84087499967427}","{""torch"":""2.14.0"",""device_name"":""Apple M1 Pro (16-core GPU)"",""seed"":1234,""git_commit"":""fd532446b10740da6a025ff593b3b290f44a5141"",""code_sha256"":""0176831a9269ba58"",""hostname"":""Kims-MacBook-Pro-16.local""}"
20260919_full,2026-09-19T15:51:04.320+07:00,transformer,mps,Apple M1 Pro (16-core GPU),gpt,synthetic_markov,32,512,fp32,measure,15,313.7365420006972,52222.16033720289,tokens/s,,,7.745755195617676,,ok,,,"{""n_params"": 4339200, ""d_model"": 256, ""n_layers"": 4, ""n_heads"": 4, ""tokens_per_step"": 16384, ""entropy_floor_loss"": 1.3862943611198906, ""step_ms"": 313.7365420006972}","{""torch"":""2.14.0"",""device_name"":""Apple M1 Pro (16-core GPU)"",""seed"":1234,""git_commit"":""fd532446b10740da6a025ff593b3b290f44a5141"",""code_sha256"":""0176831a9269ba58"",""hostname"":""Kims-MacBook-Pro-16.local""}"
20260919_full,2026-09-19T15:51:04.632+07:00,transformer,mps,Apple M1 Pro (16-core GPU),gpt,synthetic_markov,32,512,fp32,measure,16,310.984957999608,52684.22018025917,tokens/s,,,7.709479331970215,,ok,,,"{""n_params"": 4339200, ""d_model"": 256, ""n_layers"": 4, ""n_heads"": 4, ""tokens_per_step"": 16384, ""entropy_floor_loss"": 1.3862943611198906, ""step_ms"": 310.984957999608}","{""torch"":""2.14.0"",""device_name"":""Apple M1 Pro (16-core GPU)"",""seed"":1234,""git_commit"":""fd532446b10740da6a025ff593b3b290f44a5141"",""code_sha256"":""0176831a9269ba58"",""hostname"":""Kims-MacBook-Pro-16.local""}"
20260919_full,2026-09-19T15:51:04.931+07:00,transformer,mps,Apple M1 Pro (16-core GPU),gpt,synthetic_markov,32,512,fp32,measure,17,299.13637500067125,54771.005364905,tokens/s,,,7.681744575500488,,ok,,,"{""n_params"": 4339200, ""d_model"": 256, ""n_layers"": 4, ""n_heads"": 4, ""tokens_per_step"": 16384, ""entropy_floor_loss"": 1.3862943611198906, ""step_ms"": 299.13637500067125}","{""torch"":""2.14.0"",""device_name"":""Apple M1 Pro (16-core GPU)"",""seed"":1234,""git_commit"":""fd532446b10740da6a025ff593b3b290f44a5141"",""code_sha256"":""0176831a9269ba58"",""hostname"":""Kims-MacBook-Pro-16.local""}"
20260919_full,2026-09-19T15:51:05.246+07:00,transformer,mps,Apple M1 Pro (16-core GPU),gpt,synthetic_markov,32,512,fp32,measure,18,315.10008399709477,51996.17782441169,tokens/s,,,7.643586158752441,,ok,,,"{""n_params"": 4339200, ""d_model"": 256, ""n_layers"": 4, ""n_heads"": 4, ""tokens_per_step"": 16384, ""entropy_floor_loss"": 1.3862943611198906, ""step_ms"": 315.10008399709477}","{""torch"":""2.14.0"",""device_name"":""Apple M1 Pro (16-core GPU)"",""seed"":1234,""git_commit"":""fd532446b10740da6a025ff593b3b290f44a5141"",""code_sha256"":""0176831a9269ba58"",""hostname"":""Kims-MacBook-Pro-16.local""}"
20260919_full,2026-09-19T15:51:05.560+07:00,transformer,mps,Apple M1 Pro (16-core GPU),gpt,synthetic_markov,32,512,fp32,measure,19,313.50749999910477,52260.31275183779,tokens/s,,,7.602056503295898,,ok,,,"{""n_params"": 4339200, ""d_model"": 256, ""n_layers"": 4, ""n_heads"": 4, ""tokens_per_step"": 16384, ""entropy_floor_loss"": 1.3862943611198906, ""step_ms"": 313.50749999910477}","{""torch"":""2.14.0"",""device_name"":""Apple M1 Pro (16-core GPU)"",""seed"":1234,""git_commit"":""fd532446b10740da6a025ff593b3b290f44a5141"",""code_sha256"":""0176831a9269ba58"",""hostname"":""Kims-MacBook-Pro-16.local""}"
20260919_full,2026-09-19T15:51:05.560+07:00,transformer,mps,Apple M1 Pro (16-core GPU),gpt,synthetic_markov,32,512,fp32,config,,,,,3434.71875,"mps_driver_allocated_memory (snapshot after work, not a peak; includes allocator cache)",,,ok,,,"{""n_params"": 4339200, ""d_model"": 256, ""n_layers"": 4, ""n_heads"": 4, ""tokens_per_step"": 16384, ""entropy_floor_loss"": 1.3862943611198906, ""process_rss_mb"": 534.453125, ""mps_current_allocated_mb"": 66.2109375, ""mps_driver_allocated_mb"": 3434.71875}","{""torch"":""2.14.0"",""device_name"":""Apple M1 Pro (16-core GPU)"",""seed"":1234,""git_commit"":""fd532446b10740da6a025ff593b3b290f44a5141"",""code_sha256"":""0176831a9269ba58"",""hostname"":""Kims-MacBook-Pro-16.local""}"
