run_id,timestamp,experiment,backend,device,model,dataset,batch_size,sequence_length,precision,phase,iteration,latency_ms,throughput,throughput_unit,memory_mb,memory_kind,loss,accuracy,status,error_type,error,extra,metadata
20260919_full,2026-09-19T15:49:52.420+07:00,transformer,cpu,Apple M1 Pro,gpt,synthetic_markov,8,128,fp32,warmup,0,70.21004100170103,14584.808460305425,tokens/s,,,8.370002746582031,,ok,,,"{""n_params"": 4240896, ""d_model"": 256, ""n_layers"": 4, ""n_heads"": 4, ""tokens_per_step"": 1024, ""entropy_floor_loss"": 1.3862943611198906, ""step_ms"": 70.21004100170103}","{""torch"":""2.14.0"",""device_name"":""Apple M1 Pro"",""seed"":1234,""git_commit"":""fd532446b10740da6a025ff593b3b290f44a5141"",""code_sha256"":""0176831a9269ba58"",""hostname"":""Kims-MacBook-Pro-16.local""}"
20260919_full,2026-09-19T15:49:52.468+07:00,transformer,cpu,Apple M1 Pro,gpt,synthetic_markov,8,128,fp32,warmup,1,47.8436250014056,21403.060490711476,tokens/s,,,8.3519926071167,,ok,,,"{""n_params"": 4240896, ""d_model"": 256, ""n_layers"": 4, ""n_heads"": 4, ""tokens_per_step"": 1024, ""entropy_floor_loss"": 1.3862943611198906, ""step_ms"": 47.8436250014056}","{""torch"":""2.14.0"",""device_name"":""Apple M1 Pro"",""seed"":1234,""git_commit"":""fd532446b10740da6a025ff593b3b290f44a5141"",""code_sha256"":""0176831a9269ba58"",""hostname"":""Kims-MacBook-Pro-16.local""}"
20260919_full,2026-09-19T15:49:52.515+07:00,transformer,cpu,Apple M1 Pro,gpt,synthetic_markov,8,128,fp32,warmup,2,45.895208000729326,22311.69755203479,tokens/s,,,8.352470397949219,,ok,,,"{""n_params"": 4240896, ""d_model"": 256, ""n_layers"": 4, ""n_heads"": 4, ""tokens_per_step"": 1024, ""entropy_floor_loss"": 1.3862943611198906, ""step_ms"": 45.895208000729326}","{""torch"":""2.14.0"",""device_name"":""Apple M1 Pro"",""seed"":1234,""git_commit"":""fd532446b10740da6a025ff593b3b290f44a5141"",""code_sha256"":""0176831a9269ba58"",""hostname"":""Kims-MacBook-Pro-16.local""}"
20260919_full,2026-09-19T15:49:52.559+07:00,transformer,cpu,Apple M1 Pro,gpt,synthetic_markov,8,128,fp32,measure,0,44.67437499988591,22921.417479318177,tokens/s,,,8.336179733276367,,ok,,,"{""n_params"": 4240896, ""d_model"": 256, ""n_layers"": 4, ""n_heads"": 4, ""tokens_per_step"": 1024, ""entropy_floor_loss"": 1.3862943611198906, ""step_ms"": 44.67437499988591}","{""torch"":""2.14.0"",""device_name"":""Apple M1 Pro"",""seed"":1234,""git_commit"":""fd532446b10740da6a025ff593b3b290f44a5141"",""code_sha256"":""0176831a9269ba58"",""hostname"":""Kims-MacBook-Pro-16.local""}"
20260919_full,2026-09-19T15:49:52.607+07:00,transformer,cpu,Apple M1 Pro,gpt,synthetic_markov,8,128,fp32,measure,1,47.33087500062538,21634.926461563828,tokens/s,,,8.318806648254395,,ok,,,"{""n_params"": 4240896, ""d_model"": 256, ""n_layers"": 4, ""n_heads"": 4, ""tokens_per_step"": 1024, ""entropy_floor_loss"": 1.3862943611198906, ""step_ms"": 47.33087500062538}","{""torch"":""2.14.0"",""device_name"":""Apple M1 Pro"",""seed"":1234,""git_commit"":""fd532446b10740da6a025ff593b3b290f44a5141"",""code_sha256"":""0176831a9269ba58"",""hostname"":""Kims-MacBook-Pro-16.local""}"
20260919_full,2026-09-19T15:49:52.653+07:00,transformer,cpu,Apple M1 Pro,gpt,synthetic_markov,8,128,fp32,measure,2,46.03283400138025,22244.99147650341,tokens/s,,,8.323053359985352,,ok,,,"{""n_params"": 4240896, ""d_model"": 256, ""n_layers"": 4, ""n_heads"": 4, ""tokens_per_step"": 1024, ""entropy_floor_loss"": 1.3862943611198906, ""step_ms"": 46.03283400138025}","{""torch"":""2.14.0"",""device_name"":""Apple M1 Pro"",""seed"":1234,""git_commit"":""fd532446b10740da6a025ff593b3b290f44a5141"",""code_sha256"":""0176831a9269ba58"",""hostname"":""Kims-MacBook-Pro-16.local""}"
20260919_full,2026-09-19T15:49:52.698+07:00,transformer,cpu,Apple M1 Pro,gpt,synthetic_markov,8,128,fp32,measure,3,44.66479199982132,22926.33535613681,tokens/s,,,8.297886848449707,,ok,,,"{""n_params"": 4240896, ""d_model"": 256, ""n_layers"": 4, ""n_heads"": 4, ""tokens_per_step"": 1024, ""entropy_floor_loss"": 1.3862943611198906, ""step_ms"": 44.66479199982132}","{""torch"":""2.14.0"",""device_name"":""Apple M1 Pro"",""seed"":1234,""git_commit"":""fd532446b10740da6a025ff593b3b290f44a5141"",""code_sha256"":""0176831a9269ba58"",""hostname"":""Kims-MacBook-Pro-16.local""}"
20260919_full,2026-09-19T15:49:52.743+07:00,transformer,cpu,Apple M1 Pro,gpt,synthetic_markov,8,128,fp32,measure,4,45.39512499832199,22557.488277383345,tokens/s,,,8.315505981445312,,ok,,,"{""n_params"": 4240896, ""d_model"": 256, ""n_layers"": 4, ""n_heads"": 4, ""tokens_per_step"": 1024, ""entropy_floor_loss"": 1.3862943611198906, ""step_ms"": 45.39512499832199}","{""torch"":""2.14.0"",""device_name"":""Apple M1 Pro"",""seed"":1234,""git_commit"":""fd532446b10740da6a025ff593b3b290f44a5141"",""code_sha256"":""0176831a9269ba58"",""hostname"":""Kims-MacBook-Pro-16.local""}"
20260919_full,2026-09-19T15:49:52.790+07:00,transformer,cpu,Apple M1 Pro,gpt,synthetic_markov,8,128,fp32,measure,5,46.90304200266837,21832.272626192207,tokens/s,,,8.294883728027344,,ok,,,"{""n_params"": 4240896, ""d_model"": 256, ""n_layers"": 4, ""n_heads"": 4, ""tokens_per_step"": 1024, ""entropy_floor_loss"": 1.3862943611198906, ""step_ms"": 46.90304200266837}","{""torch"":""2.14.0"",""device_name"":""Apple M1 Pro"",""seed"":1234,""git_commit"":""fd532446b10740da6a025ff593b3b290f44a5141"",""code_sha256"":""0176831a9269ba58"",""hostname"":""Kims-MacBook-Pro-16.local""}"
20260919_full,2026-09-19T15:49:52.845+07:00,transformer,cpu,Apple M1 Pro,gpt,synthetic_markov,8,128,fp32,measure,6,54.04637499668752,18946.691615538704,tokens/s,,,8.26828670501709,,ok,,,"{""n_params"": 4240896, ""d_model"": 256, ""n_layers"": 4, ""n_heads"": 4, ""tokens_per_step"": 1024, ""entropy_floor_loss"": 1.3862943611198906, ""step_ms"": 54.04637499668752}","{""torch"":""2.14.0"",""device_name"":""Apple M1 Pro"",""seed"":1234,""git_commit"":""fd532446b10740da6a025ff593b3b290f44a5141"",""code_sha256"":""0176831a9269ba58"",""hostname"":""Kims-MacBook-Pro-16.local""}"
20260919_full,2026-09-19T15:49:52.892+07:00,transformer,cpu,Apple M1 Pro,gpt,synthetic_markov,8,128,fp32,measure,7,47.51108400159865,21552.86543168631,tokens/s,,,8.277717590332031,,ok,,,"{""n_params"": 4240896, ""d_model"": 256, ""n_layers"": 4, ""n_heads"": 4, ""tokens_per_step"": 1024, ""entropy_floor_loss"": 1.3862943611198906, ""step_ms"": 47.51108400159865}","{""torch"":""2.14.0"",""device_name"":""Apple M1 Pro"",""seed"":1234,""git_commit"":""fd532446b10740da6a025ff593b3b290f44a5141"",""code_sha256"":""0176831a9269ba58"",""hostname"":""Kims-MacBook-Pro-16.local""}"
20260919_full,2026-09-19T15:49:52.941+07:00,transformer,cpu,Apple M1 Pro,gpt,synthetic_markov,8,128,fp32,measure,8,48.20883299908019,21240.920725451655,tokens/s,,,8.28697395324707,,ok,,,"{""n_params"": 4240896, ""d_model"": 256, ""n_layers"": 4, ""n_heads"": 4, ""tokens_per_step"": 1024, ""entropy_floor_loss"": 1.3862943611198906, ""step_ms"": 48.20883299908019}","{""torch"":""2.14.0"",""device_name"":""Apple M1 Pro"",""seed"":1234,""git_commit"":""fd532446b10740da6a025ff593b3b290f44a5141"",""code_sha256"":""0176831a9269ba58"",""hostname"":""Kims-MacBook-Pro-16.local""}"
20260919_full,2026-09-19T15:49:52.988+07:00,transformer,cpu,Apple M1 Pro,gpt,synthetic_markov,8,128,fp32,measure,9,47.37254200153984,21615.897242050363,tokens/s,,,8.276728630065918,,ok,,,"{""n_params"": 4240896, ""d_model"": 256, ""n_layers"": 4, ""n_heads"": 4, ""tokens_per_step"": 1024, ""entropy_floor_loss"": 1.3862943611198906, ""step_ms"": 47.37254200153984}","{""torch"":""2.14.0"",""device_name"":""Apple M1 Pro"",""seed"":1234,""git_commit"":""fd532446b10740da6a025ff593b3b290f44a5141"",""code_sha256"":""0176831a9269ba58"",""hostname"":""Kims-MacBook-Pro-16.local""}"
20260919_full,2026-09-19T15:49:53.037+07:00,transformer,cpu,Apple M1 Pro,gpt,synthetic_markov,8,128,fp32,measure,10,49.02162500002305,20888.74042832155,tokens/s,,,8.249574661254883,,ok,,,"{""n_params"": 4240896, ""d_model"": 256, ""n_layers"": 4, ""n_heads"": 4, ""tokens_per_step"": 1024, ""entropy_floor_loss"": 1.3862943611198906, ""step_ms"": 49.02162500002305}","{""torch"":""2.14.0"",""device_name"":""Apple M1 Pro"",""seed"":1234,""git_commit"":""fd532446b10740da6a025ff593b3b290f44a5141"",""code_sha256"":""0176831a9269ba58"",""hostname"":""Kims-MacBook-Pro-16.local""}"
20260919_full,2026-09-19T15:49:53.086+07:00,transformer,cpu,Apple M1 Pro,gpt,synthetic_markov,8,128,fp32,measure,11,48.64541699862457,21050.28722498058,tokens/s,,,8.263586044311523,,ok,,,"{""n_params"": 4240896, ""d_model"": 256, ""n_layers"": 4, ""n_heads"": 4, ""tokens_per_step"": 1024, ""entropy_floor_loss"": 1.3862943611198906, ""step_ms"": 48.64541699862457}","{""torch"":""2.14.0"",""device_name"":""Apple M1 Pro"",""seed"":1234,""git_commit"":""fd532446b10740da6a025ff593b3b290f44a5141"",""code_sha256"":""0176831a9269ba58"",""hostname"":""Kims-MacBook-Pro-16.local""}"
20260919_full,2026-09-19T15:49:53.136+07:00,transformer,cpu,Apple M1 Pro,gpt,synthetic_markov,8,128,fp32,measure,12,49.80608299956657,20559.73765310778,tokens/s,,,8.243084907531738,,ok,,,"{""n_params"": 4240896, ""d_model"": 256, ""n_layers"": 4, ""n_heads"": 4, ""tokens_per_step"": 1024, ""entropy_floor_loss"": 1.3862943611198906, ""step_ms"": 49.80608299956657}","{""torch"":""2.14.0"",""device_name"":""Apple M1 Pro"",""seed"":1234,""git_commit"":""fd532446b10740da6a025ff593b3b290f44a5141"",""code_sha256"":""0176831a9269ba58"",""hostname"":""Kims-MacBook-Pro-16.local""}"
20260919_full,2026-09-19T15:49:53.195+07:00,transformer,cpu,Apple M1 Pro,gpt,synthetic_markov,8,128,fp32,measure,13,58.67245799890952,17452.822583622317,tokens/s,,,8.242039680480957,,ok,,,"{""n_params"": 4240896, ""d_model"": 256, ""n_layers"": 4, ""n_heads"": 4, ""tokens_per_step"": 1024, ""entropy_floor_loss"": 1.3862943611198906, ""step_ms"": 58.67245799890952}","{""torch"":""2.14.0"",""device_name"":""Apple M1 Pro"",""seed"":1234,""git_commit"":""fd532446b10740da6a025ff593b3b290f44a5141"",""code_sha256"":""0176831a9269ba58"",""hostname"":""Kims-MacBook-Pro-16.local""}"
20260919_full,2026-09-19T15:49:53.280+07:00,transformer,cpu,Apple M1 Pro,gpt,synthetic_markov,8,128,fp32,measure,14,85.36683400234324,11995.290817179564,tokens/s,,,8.226358413696289,,ok,,,"{""n_params"": 4240896, ""d_model"": 256, ""n_layers"": 4, ""n_heads"": 4, ""tokens_per_step"": 1024, ""entropy_floor_loss"": 1.3862943611198906, ""step_ms"": 85.36683400234324}","{""torch"":""2.14.0"",""device_name"":""Apple M1 Pro"",""seed"":1234,""git_commit"":""fd532446b10740da6a025ff593b3b290f44a5141"",""code_sha256"":""0176831a9269ba58"",""hostname"":""Kims-MacBook-Pro-16.local""}"
20260919_full,2026-09-19T15:49:53.333+07:00,transformer,cpu,Apple M1 Pro,gpt,synthetic_markov,8,128,fp32,measure,15,52.69416599912802,19432.891299901115,tokens/s,,,8.223438262939453,,ok,,,"{""n_params"": 4240896, ""d_model"": 256, ""n_layers"": 4, ""n_heads"": 4, ""tokens_per_step"": 1024, ""entropy_floor_loss"": 1.3862943611198906, ""step_ms"": 52.69416599912802}","{""torch"":""2.14.0"",""device_name"":""Apple M1 Pro"",""seed"":1234,""git_commit"":""fd532446b10740da6a025ff593b3b290f44a5141"",""code_sha256"":""0176831a9269ba58"",""hostname"":""Kims-MacBook-Pro-16.local""}"
20260919_full,2026-09-19T15:49:53.385+07:00,transformer,cpu,Apple M1 Pro,gpt,synthetic_markov,8,128,fp32,measure,16,51.85858299955726,19746.00810069844,tokens/s,,,8.238741874694824,,ok,,,"{""n_params"": 4240896, ""d_model"": 256, ""n_layers"": 4, ""n_heads"": 4, ""tokens_per_step"": 1024, ""entropy_floor_loss"": 1.3862943611198906, ""step_ms"": 51.85858299955726}","{""torch"":""2.14.0"",""device_name"":""Apple M1 Pro"",""seed"":1234,""git_commit"":""fd532446b10740da6a025ff593b3b290f44a5141"",""code_sha256"":""0176831a9269ba58"",""hostname"":""Kims-MacBook-Pro-16.local""}"
20260919_full,2026-09-19T15:49:53.435+07:00,transformer,cpu,Apple M1 Pro,gpt,synthetic_markov,8,128,fp32,measure,17,49.38495899841655,20735.058219504303,tokens/s,,,8.223419189453125,,ok,,,"{""n_params"": 4240896, ""d_model"": 256, ""n_layers"": 4, ""n_heads"": 4, ""tokens_per_step"": 1024, ""entropy_floor_loss"": 1.3862943611198906, ""step_ms"": 49.38495899841655}","{""torch"":""2.14.0"",""device_name"":""Apple M1 Pro"",""seed"":1234,""git_commit"":""fd532446b10740da6a025ff593b3b290f44a5141"",""code_sha256"":""0176831a9269ba58"",""hostname"":""Kims-MacBook-Pro-16.local""}"
20260919_full,2026-09-19T15:49:53.484+07:00,transformer,cpu,Apple M1 Pro,gpt,synthetic_markov,8,128,fp32,measure,18,49.618749999353895,20637.35986926986,tokens/s,,,8.217801094055176,,ok,,,"{""n_params"": 4240896, ""d_model"": 256, ""n_layers"": 4, ""n_heads"": 4, ""tokens_per_step"": 1024, ""entropy_floor_loss"": 1.3862943611198906, ""step_ms"": 49.618749999353895}","{""torch"":""2.14.0"",""device_name"":""Apple M1 Pro"",""seed"":1234,""git_commit"":""fd532446b10740da6a025ff593b3b290f44a5141"",""code_sha256"":""0176831a9269ba58"",""hostname"":""Kims-MacBook-Pro-16.local""}"
20260919_full,2026-09-19T15:49:53.534+07:00,transformer,cpu,Apple M1 Pro,gpt,synthetic_markov,8,128,fp32,measure,19,49.38558299909346,20734.796226234626,tokens/s,,,8.193924903869629,,ok,,,"{""n_params"": 4240896, ""d_model"": 256, ""n_layers"": 4, ""n_heads"": 4, ""tokens_per_step"": 1024, ""entropy_floor_loss"": 1.3862943611198906, ""step_ms"": 49.38558299909346}","{""torch"":""2.14.0"",""device_name"":""Apple M1 Pro"",""seed"":1234,""git_commit"":""fd532446b10740da6a025ff593b3b290f44a5141"",""code_sha256"":""0176831a9269ba58"",""hostname"":""Kims-MacBook-Pro-16.local""}"
20260919_full,2026-09-19T15:49:53.534+07:00,transformer,cpu,Apple M1 Pro,gpt,synthetic_markov,8,128,fp32,config,,,,,534.46875,process_rss (snapshot after work; includes Python/torch baseline),,,ok,,,"{""n_params"": 4240896, ""d_model"": 256, ""n_layers"": 4, ""n_heads"": 4, ""tokens_per_step"": 1024, ""entropy_floor_loss"": 1.3862943611198906, ""process_rss_mb"": 534.46875}","{""torch"":""2.14.0"",""device_name"":""Apple M1 Pro"",""seed"":1234,""git_commit"":""fd532446b10740da6a025ff593b3b290f44a5141"",""code_sha256"":""0176831a9269ba58"",""hostname"":""Kims-MacBook-Pro-16.local""}"
20260919_full,2026-09-19T15:49:53.765+07:00,transformer,cpu,Apple M1 Pro,gpt,synthetic_markov,8,256,fp32,warmup,0,97.9931250003574,20899.425342262843,tokens/s,,,8.381938934326172,,ok,,,"{""n_params"": 4273664, ""d_model"": 256, ""n_layers"": 4, ""n_heads"": 4, ""tokens_per_step"": 2048, ""entropy_floor_loss"": 1.3862943611198906, ""step_ms"": 97.9931250003574}","{""torch"":""2.14.0"",""device_name"":""Apple M1 Pro"",""seed"":1234,""git_commit"":""fd532446b10740da6a025ff593b3b290f44a5141"",""code_sha256"":""0176831a9269ba58"",""hostname"":""Kims-MacBook-Pro-16.local""}"
20260919_full,2026-09-19T15:49:53.848+07:00,transformer,cpu,Apple M1 Pro,gpt,synthetic_markov,8,256,fp32,warmup,1,83.38058400113368,24562.07310771719,tokens/s,,,8.353320121765137,,ok,,,"{""n_params"": 4273664, ""d_model"": 256, ""n_layers"": 4, ""n_heads"": 4, ""tokens_per_step"": 2048, ""entropy_floor_loss"": 1.3862943611198906, ""step_ms"": 83.38058400113368}","{""torch"":""2.14.0"",""device_name"":""Apple M1 Pro"",""seed"":1234,""git_commit"":""fd532446b10740da6a025ff593b3b290f44a5141"",""code_sha256"":""0176831a9269ba58"",""hostname"":""Kims-MacBook-Pro-16.local""}"
20260919_full,2026-09-19T15:49:53.929+07:00,transformer,cpu,Apple M1 Pro,gpt,synthetic_markov,8,256,fp32,warmup,2,80.21550000194111,25531.2252613328,tokens/s,,,8.348281860351562,,ok,,,"{""n_params"": 4273664, ""d_model"": 256, ""n_layers"": 4, ""n_heads"": 4, ""tokens_per_step"": 2048, ""entropy_floor_loss"": 1.3862943611198906, ""step_ms"": 80.21550000194111}","{""torch"":""2.14.0"",""device_name"":""Apple M1 Pro"",""seed"":1234,""git_commit"":""fd532446b10740da6a025ff593b3b290f44a5141"",""code_sha256"":""0176831a9269ba58"",""hostname"":""Kims-MacBook-Pro-16.local""}"
20260919_full,2026-09-19T15:49:54.008+07:00,transformer,cpu,Apple M1 Pro,gpt,synthetic_markov,8,256,fp32,measure,0,78.69191699865041,26025.544657084967,tokens/s,,,8.324804306030273,,ok,,,"{""n_params"": 4273664, ""d_model"": 256, ""n_layers"": 4, ""n_heads"": 4, ""tokens_per_step"": 2048, ""entropy_floor_loss"": 1.3862943611198906, ""step_ms"": 78.69191699865041}","{""torch"":""2.14.0"",""device_name"":""Apple M1 Pro"",""seed"":1234,""git_commit"":""fd532446b10740da6a025ff593b3b290f44a5141"",""code_sha256"":""0176831a9269ba58"",""hostname"":""Kims-MacBook-Pro-16.local""}"
20260919_full,2026-09-19T15:49:54.089+07:00,transformer,cpu,Apple M1 Pro,gpt,synthetic_markov,8,256,fp32,measure,1,80.75824999832548,25359.638179906884,tokens/s,,,8.313630104064941,,ok,,,"{""n_params"": 4273664, ""d_model"": 256, ""n_layers"": 4, ""n_heads"": 4, ""tokens_per_step"": 2048, ""entropy_floor_loss"": 1.3862943611198906, ""step_ms"": 80.75824999832548}","{""torch"":""2.14.0"",""device_name"":""Apple M1 Pro"",""seed"":1234,""git_commit"":""fd532446b10740da6a025ff593b3b290f44a5141"",""code_sha256"":""0176831a9269ba58"",""hostname"":""Kims-MacBook-Pro-16.local""}"
20260919_full,2026-09-19T15:49:54.166+07:00,transformer,cpu,Apple M1 Pro,gpt,synthetic_markov,8,256,fp32,measure,2,77.6838330020837,26363.271749799816,tokens/s,,,8.286486625671387,,ok,,,"{""n_params"": 4273664, ""d_model"": 256, ""n_layers"": 4, ""n_heads"": 4, ""tokens_per_step"": 2048, ""entropy_floor_loss"": 1.3862943611198906, ""step_ms"": 77.6838330020837}","{""torch"":""2.14.0"",""device_name"":""Apple M1 Pro"",""seed"":1234,""git_commit"":""fd532446b10740da6a025ff593b3b290f44a5141"",""code_sha256"":""0176831a9269ba58"",""hostname"":""Kims-MacBook-Pro-16.local""}"
20260919_full,2026-09-19T15:49:54.274+07:00,transformer,cpu,Apple M1 Pro,gpt,synthetic_markov,8,256,fp32,measure,3,107.17258400109131,19109.364760479657,tokens/s,,,8.288722038269043,,ok,,,"{""n_params"": 4273664, ""d_model"": 256, ""n_layers"": 4, ""n_heads"": 4, ""tokens_per_step"": 2048, ""entropy_floor_loss"": 1.3862943611198906, ""step_ms"": 107.17258400109131}","{""torch"":""2.14.0"",""device_name"":""Apple M1 Pro"",""seed"":1234,""git_commit"":""fd532446b10740da6a025ff593b3b290f44a5141"",""code_sha256"":""0176831a9269ba58"",""hostname"":""Kims-MacBook-Pro-16.local""}"
20260919_full,2026-09-19T15:49:54.364+07:00,transformer,cpu,Apple M1 Pro,gpt,synthetic_markov,8,256,fp32,measure,4,89.67404199938755,22838.27018764234,tokens/s,,,8.265534400939941,,ok,,,"{""n_params"": 4273664, ""d_model"": 256, ""n_layers"": 4, ""n_heads"": 4, ""tokens_per_step"": 2048, ""entropy_floor_loss"": 1.3862943611198906, ""step_ms"": 89.67404199938755}","{""torch"":""2.14.0"",""device_name"":""Apple M1 Pro"",""seed"":1234,""git_commit"":""fd532446b10740da6a025ff593b3b290f44a5141"",""code_sha256"":""0176831a9269ba58"",""hostname"":""Kims-MacBook-Pro-16.local""}"
20260919_full,2026-09-19T15:49:54.457+07:00,transformer,cpu,Apple M1 Pro,gpt,synthetic_markov,8,256,fp32,measure,5,93.44995900028152,21915.472429408237,tokens/s,,,8.2759428024292,,ok,,,"{""n_params"": 4273664, ""d_model"": 256, ""n_layers"": 4, ""n_heads"": 4, ""tokens_per_step"": 2048, ""entropy_floor_loss"": 1.3862943611198906, ""step_ms"": 93.44995900028152}","{""torch"":""2.14.0"",""device_name"":""Apple M1 Pro"",""seed"":1234,""git_commit"":""fd532446b10740da6a025ff593b3b290f44a5141"",""code_sha256"":""0176831a9269ba58"",""hostname"":""Kims-MacBook-Pro-16.local""}"
20260919_full,2026-09-19T15:49:54.534+07:00,transformer,cpu,Apple M1 Pro,gpt,synthetic_markov,8,256,fp32,measure,6,77.01929199902224,26590.740408597878,tokens/s,,,8.225383758544922,,ok,,,"{""n_params"": 4273664, ""d_model"": 256, ""n_layers"": 4, ""n_heads"": 4, ""tokens_per_step"": 2048, ""entropy_floor_loss"": 1.3862943611198906, ""step_ms"": 77.01929199902224}","{""torch"":""2.14.0"",""device_name"":""Apple M1 Pro"",""seed"":1234,""git_commit"":""fd532446b10740da6a025ff593b3b290f44a5141"",""code_sha256"":""0176831a9269ba58"",""hostname"":""Kims-MacBook-Pro-16.local""}"
20260919_full,2026-09-19T15:49:54.614+07:00,transformer,cpu,Apple M1 Pro,gpt,synthetic_markov,8,256,fp32,measure,7,80.03870900211041,25587.619109973395,tokens/s,,,8.234519004821777,,ok,,,"{""n_params"": 4273664, ""d_model"": 256, ""n_layers"": 4, ""n_heads"": 4, ""tokens_per_step"": 2048, ""entropy_floor_loss"": 1.3862943611198906, ""step_ms"": 80.03870900211041}","{""torch"":""2.14.0"",""device_name"":""Apple M1 Pro"",""seed"":1234,""git_commit"":""fd532446b10740da6a025ff593b3b290f44a5141"",""code_sha256"":""0176831a9269ba58"",""hostname"":""Kims-MacBook-Pro-16.local""}"
20260919_full,2026-09-19T15:49:54.691+07:00,transformer,cpu,Apple M1 Pro,gpt,synthetic_markov,8,256,fp32,measure,8,76.24633300292771,26860.30815306699,tokens/s,,,8.229722023010254,,ok,,,"{""n_params"": 4273664, ""d_model"": 256, ""n_layers"": 4, ""n_heads"": 4, ""tokens_per_step"": 2048, ""entropy_floor_loss"": 1.3862943611198906, ""step_ms"": 76.24633300292771}","{""torch"":""2.14.0"",""device_name"":""Apple M1 Pro"",""seed"":1234,""git_commit"":""fd532446b10740da6a025ff593b3b290f44a5141"",""code_sha256"":""0176831a9269ba58"",""hostname"":""Kims-MacBook-Pro-16.local""}"
20260919_full,2026-09-19T15:49:54.766+07:00,transformer,cpu,Apple M1 Pro,gpt,synthetic_markov,8,256,fp32,measure,9,74.7605830001703,27394.114890668185,tokens/s,,,8.209019660949707,,ok,,,"{""n_params"": 4273664, ""d_model"": 256, ""n_layers"": 4, ""n_heads"": 4, ""tokens_per_step"": 2048, ""entropy_floor_loss"": 1.3862943611198906, ""step_ms"": 74.7605830001703}","{""torch"":""2.14.0"",""device_name"":""Apple M1 Pro"",""seed"":1234,""git_commit"":""fd532446b10740da6a025ff593b3b290f44a5141"",""code_sha256"":""0176831a9269ba58"",""hostname"":""Kims-MacBook-Pro-16.local""}"
20260919_full,2026-09-19T15:49:54.845+07:00,transformer,cpu,Apple M1 Pro,gpt,synthetic_markov,8,256,fp32,measure,10,79.13625000219326,25879.41682785373,tokens/s,,,8.195345878601074,,ok,,,"{""n_params"": 4273664, ""d_model"": 256, ""n_layers"": 4, ""n_heads"": 4, ""tokens_per_step"": 2048, ""entropy_floor_loss"": 1.3862943611198906, ""step_ms"": 79.13625000219326}","{""torch"":""2.14.0"",""device_name"":""Apple M1 Pro"",""seed"":1234,""git_commit"":""fd532446b10740da6a025ff593b3b290f44a5141"",""code_sha256"":""0176831a9269ba58"",""hostname"":""Kims-MacBook-Pro-16.local""}"
20260919_full,2026-09-19T15:49:54.920+07:00,transformer,cpu,Apple M1 Pro,gpt,synthetic_markov,8,256,fp32,measure,11,74.95695800025715,27322.346779240615,tokens/s,,,8.170519828796387,,ok,,,"{""n_params"": 4273664, ""d_model"": 256, ""n_layers"": 4, ""n_heads"": 4, ""tokens_per_step"": 2048, ""entropy_floor_loss"": 1.3862943611198906, ""step_ms"": 74.95695800025715}","{""torch"":""2.14.0"",""device_name"":""Apple M1 Pro"",""seed"":1234,""git_commit"":""fd532446b10740da6a025ff593b3b290f44a5141"",""code_sha256"":""0176831a9269ba58"",""hostname"":""Kims-MacBook-Pro-16.local""}"
20260919_full,2026-09-19T15:49:54.995+07:00,transformer,cpu,Apple M1 Pro,gpt,synthetic_markov,8,256,fp32,measure,12,74.25787499960279,27579.56647710367,tokens/s,,,8.14276123046875,,ok,,,"{""n_params"": 4273664, ""d_model"": 256, ""n_layers"": 4, ""n_heads"": 4, ""tokens_per_step"": 2048, ""entropy_floor_loss"": 1.3862943611198906, ""step_ms"": 74.25787499960279}","{""torch"":""2.14.0"",""device_name"":""Apple M1 Pro"",""seed"":1234,""git_commit"":""fd532446b10740da6a025ff593b3b290f44a5141"",""code_sha256"":""0176831a9269ba58"",""hostname"":""Kims-MacBook-Pro-16.local""}"
20260919_full,2026-09-19T15:49:55.074+07:00,transformer,cpu,Apple M1 Pro,gpt,synthetic_markov,8,256,fp32,measure,13,78.95624999946449,25938.415261792325,tokens/s,,,8.135539054870605,,ok,,,"{""n_params"": 4273664, ""d_model"": 256, ""n_layers"": 4, ""n_heads"": 4, ""tokens_per_step"": 2048, ""entropy_floor_loss"": 1.3862943611198906, ""step_ms"": 78.95624999946449}","{""torch"":""2.14.0"",""device_name"":""Apple M1 Pro"",""seed"":1234,""git_commit"":""fd532446b10740da6a025ff593b3b290f44a5141"",""code_sha256"":""0176831a9269ba58"",""hostname"":""Kims-MacBook-Pro-16.local""}"
20260919_full,2026-09-19T15:49:55.150+07:00,transformer,cpu,Apple M1 Pro,gpt,synthetic_markov,8,256,fp32,measure,14,76.46183299948461,26784.6050723608,tokens/s,,,8.133930206298828,,ok,,,"{""n_params"": 4273664, ""d_model"": 256, ""n_layers"": 4, ""n_heads"": 4, ""tokens_per_step"": 2048, ""entropy_floor_loss"": 1.3862943611198906, ""step_ms"": 76.46183299948461}","{""torch"":""2.14.0"",""device_name"":""Apple M1 Pro"",""seed"":1234,""git_commit"":""fd532446b10740da6a025ff593b3b290f44a5141"",""code_sha256"":""0176831a9269ba58"",""hostname"":""Kims-MacBook-Pro-16.local""}"
20260919_full,2026-09-19T15:49:55.231+07:00,transformer,cpu,Apple M1 Pro,gpt,synthetic_markov,8,256,fp32,measure,15,80.51437500034808,25436.4515652161,tokens/s,,,8.113668441772461,,ok,,,"{""n_params"": 4273664, ""d_model"": 256, ""n_layers"": 4, ""n_heads"": 4, ""tokens_per_step"": 2048, ""entropy_floor_loss"": 1.3862943611198906, ""step_ms"": 80.51437500034808}","{""torch"":""2.14.0"",""device_name"":""Apple M1 Pro"",""seed"":1234,""git_commit"":""fd532446b10740da6a025ff593b3b290f44a5141"",""code_sha256"":""0176831a9269ba58"",""hostname"":""Kims-MacBook-Pro-16.local""}"
20260919_full,2026-09-19T15:49:55.309+07:00,transformer,cpu,Apple M1 Pro,gpt,synthetic_markov,8,256,fp32,measure,16,78.00116699945647,26256.01742617865,tokens/s,,,8.121041297912598,,ok,,,"{""n_params"": 4273664, ""d_model"": 256, ""n_layers"": 4, ""n_heads"": 4, ""tokens_per_step"": 2048, ""entropy_floor_loss"": 1.3862943611198906, ""step_ms"": 78.00116699945647}","{""torch"":""2.14.0"",""device_name"":""Apple M1 Pro"",""seed"":1234,""git_commit"":""fd532446b10740da6a025ff593b3b290f44a5141"",""code_sha256"":""0176831a9269ba58"",""hostname"":""Kims-MacBook-Pro-16.local""}"
20260919_full,2026-09-19T15:49:55.385+07:00,transformer,cpu,Apple M1 Pro,gpt,synthetic_markov,8,256,fp32,measure,17,75.90766700013774,26980.146814369673,tokens/s,,,8.11104965209961,,ok,,,"{""n_params"": 4273664, ""d_model"": 256, ""n_layers"": 4, ""n_heads"": 4, ""tokens_per_step"": 2048, ""entropy_floor_loss"": 1.3862943611198906, ""step_ms"": 75.90766700013774}","{""torch"":""2.14.0"",""device_name"":""Apple M1 Pro"",""seed"":1234,""git_commit"":""fd532446b10740da6a025ff593b3b290f44a5141"",""code_sha256"":""0176831a9269ba58"",""hostname"":""Kims-MacBook-Pro-16.local""}"
20260919_full,2026-09-19T15:49:55.462+07:00,transformer,cpu,Apple M1 Pro,gpt,synthetic_markov,8,256,fp32,measure,18,76.94579100279952,26616.140705155496,tokens/s,,,8.080436706542969,,ok,,,"{""n_params"": 4273664, ""d_model"": 256, ""n_layers"": 4, ""n_heads"": 4, ""tokens_per_step"": 2048, ""entropy_floor_loss"": 1.3862943611198906, ""step_ms"": 76.94579100279952}","{""torch"":""2.14.0"",""device_name"":""Apple M1 Pro"",""seed"":1234,""git_commit"":""fd532446b10740da6a025ff593b3b290f44a5141"",""code_sha256"":""0176831a9269ba58"",""hostname"":""Kims-MacBook-Pro-16.local""}"
20260919_full,2026-09-19T15:49:55.540+07:00,transformer,cpu,Apple M1 Pro,gpt,synthetic_markov,8,256,fp32,measure,19,77.57608300016727,26399.889254470145,tokens/s,,,8.088589668273926,,ok,,,"{""n_params"": 4273664, ""d_model"": 256, ""n_layers"": 4, ""n_heads"": 4, ""tokens_per_step"": 2048, ""entropy_floor_loss"": 1.3862943611198906, ""step_ms"": 77.57608300016727}","{""torch"":""2.14.0"",""device_name"":""Apple M1 Pro"",""seed"":1234,""git_commit"":""fd532446b10740da6a025ff593b3b290f44a5141"",""code_sha256"":""0176831a9269ba58"",""hostname"":""Kims-MacBook-Pro-16.local""}"
20260919_full,2026-09-19T15:49:55.540+07:00,transformer,cpu,Apple M1 Pro,gpt,synthetic_markov,8,256,fp32,config,,,,,803.734375,process_rss (snapshot after work; includes Python/torch baseline),,,ok,,,"{""n_params"": 4273664, ""d_model"": 256, ""n_layers"": 4, ""n_heads"": 4, ""tokens_per_step"": 2048, ""entropy_floor_loss"": 1.3862943611198906, ""process_rss_mb"": 803.734375}","{""torch"":""2.14.0"",""device_name"":""Apple M1 Pro"",""seed"":1234,""git_commit"":""fd532446b10740da6a025ff593b3b290f44a5141"",""code_sha256"":""0176831a9269ba58"",""hostname"":""Kims-MacBook-Pro-16.local""}"
20260919_full,2026-09-19T15:49:55.860+07:00,transformer,cpu,Apple M1 Pro,gpt,synthetic_markov,8,512,fp32,warmup,0,194.41220900262124,21068.635663436005,tokens/s,,,8.3624849319458,,ok,,,"{""n_params"": 4339200, ""d_model"": 256, ""n_layers"": 4, ""n_heads"": 4, ""tokens_per_step"": 4096, ""entropy_floor_loss"": 1.3862943611198906, ""step_ms"": 194.41220900262124}","{""torch"":""2.14.0"",""device_name"":""Apple M1 Pro"",""seed"":1234,""git_commit"":""fd532446b10740da6a025ff593b3b290f44a5141"",""code_sha256"":""0176831a9269ba58"",""hostname"":""Kims-MacBook-Pro-16.local""}"
20260919_full,2026-09-19T15:49:56.021+07:00,transformer,cpu,Apple M1 Pro,gpt,synthetic_markov,8,512,fp32,warmup,1,160.27129199937917,25556.66675486628,tokens/s,,,8.34281063079834,,ok,,,"{""n_params"": 4339200, ""d_model"": 256, ""n_layers"": 4, ""n_heads"": 4, ""tokens_per_step"": 4096, ""entropy_floor_loss"": 1.3862943611198906, ""step_ms"": 160.27129199937917}","{""torch"":""2.14.0"",""device_name"":""Apple M1 Pro"",""seed"":1234,""git_commit"":""fd532446b10740da6a025ff593b3b290f44a5141"",""code_sha256"":""0176831a9269ba58"",""hostname"":""Kims-MacBook-Pro-16.local""}"
20260919_full,2026-09-19T15:49:56.190+07:00,transformer,cpu,Apple M1 Pro,gpt,synthetic_markov,8,512,fp32,warmup,2,168.91258299801848,24249.22955590615,tokens/s,,,8.319968223571777,,ok,,,"{""n_params"": 4339200, ""d_model"": 256, ""n_layers"": 4, ""n_heads"": 4, ""tokens_per_step"": 4096, ""entropy_floor_loss"": 1.3862943611198906, ""step_ms"": 168.91258299801848}","{""torch"":""2.14.0"",""device_name"":""Apple M1 Pro"",""seed"":1234,""git_commit"":""fd532446b10740da6a025ff593b3b290f44a5141"",""code_sha256"":""0176831a9269ba58"",""hostname"":""Kims-MacBook-Pro-16.local""}"
20260919_full,2026-09-19T15:49:56.360+07:00,transformer,cpu,Apple M1 Pro,gpt,synthetic_markov,8,512,fp32,measure,0,169.87487499864073,24111.86468883509,tokens/s,,,8.294733047485352,,ok,,,"{""n_params"": 4339200, ""d_model"": 256, ""n_layers"": 4, ""n_heads"": 4, ""tokens_per_step"": 4096, ""entropy_floor_loss"": 1.3862943611198906, ""step_ms"": 169.87487499864073}","{""torch"":""2.14.0"",""device_name"":""Apple M1 Pro"",""seed"":1234,""git_commit"":""fd532446b10740da6a025ff593b3b290f44a5141"",""code_sha256"":""0176831a9269ba58"",""hostname"":""Kims-MacBook-Pro-16.local""}"
20260919_full,2026-09-19T15:49:56.537+07:00,transformer,cpu,Apple M1 Pro,gpt,synthetic_markov,8,512,fp32,measure,1,176.69766700055334,23180.838035553537,tokens/s,,,8.278545379638672,,ok,,,"{""n_params"": 4339200, ""d_model"": 256, ""n_layers"": 4, ""n_heads"": 4, ""tokens_per_step"": 4096, ""entropy_floor_loss"": 1.3862943611198906, ""step_ms"": 176.69766700055334}","{""torch"":""2.14.0"",""device_name"":""Apple M1 Pro"",""seed"":1234,""git_commit"":""fd532446b10740da6a025ff593b3b290f44a5141"",""code_sha256"":""0176831a9269ba58"",""hostname"":""Kims-MacBook-Pro-16.local""}"
20260919_full,2026-09-19T15:49:56.731+07:00,transformer,cpu,Apple M1 Pro,gpt,synthetic_markov,8,512,fp32,measure,2,193.95020799856866,21118.822414618026,tokens/s,,,8.246862411499023,,ok,,,"{""n_params"": 4339200, ""d_model"": 256, ""n_layers"": 4, ""n_heads"": 4, ""tokens_per_step"": 4096, ""entropy_floor_loss"": 1.3862943611198906, ""step_ms"": 193.95020799856866}","{""torch"":""2.14.0"",""device_name"":""Apple M1 Pro"",""seed"":1234,""git_commit"":""fd532446b10740da6a025ff593b3b290f44a5141"",""code_sha256"":""0176831a9269ba58"",""hostname"":""Kims-MacBook-Pro-16.local""}"
20260919_full,2026-09-19T15:49:56.900+07:00,transformer,cpu,Apple M1 Pro,gpt,synthetic_markov,8,512,fp32,measure,3,168.7839999976859,24267.70310015261,tokens/s,,,8.234847068786621,,ok,,,"{""n_params"": 4339200, ""d_model"": 256, ""n_layers"": 4, ""n_heads"": 4, ""tokens_per_step"": 4096, ""entropy_floor_loss"": 1.3862943611198906, ""step_ms"": 168.7839999976859}","{""torch"":""2.14.0"",""device_name"":""Apple M1 Pro"",""seed"":1234,""git_commit"":""fd532446b10740da6a025ff593b3b290f44a5141"",""code_sha256"":""0176831a9269ba58"",""hostname"":""Kims-MacBook-Pro-16.local""}"
20260919_full,2026-09-19T15:49:57.066+07:00,transformer,cpu,Apple M1 Pro,gpt,synthetic_markov,8,512,fp32,measure,4,165.81950000181678,24701.558019142034,tokens/s,,,8.20828914642334,,ok,,,"{""n_params"": 4339200, ""d_model"": 256, ""n_layers"": 4, ""n_heads"": 4, ""tokens_per_step"": 4096, ""entropy_floor_loss"": 1.3862943611198906, ""step_ms"": 165.81950000181678}","{""torch"":""2.14.0"",""device_name"":""Apple M1 Pro"",""seed"":1234,""git_commit"":""fd532446b10740da6a025ff593b3b290f44a5141"",""code_sha256"":""0176831a9269ba58"",""hostname"":""Kims-MacBook-Pro-16.local""}"
20260919_full,2026-09-19T15:49:57.234+07:00,transformer,cpu,Apple M1 Pro,gpt,synthetic_markov,8,512,fp32,measure,5,167.77108300084365,24414.219225010325,tokens/s,,,8.190807342529297,,ok,,,"{""n_params"": 4339200, ""d_model"": 256, ""n_layers"": 4, ""n_heads"": 4, ""tokens_per_step"": 4096, ""entropy_floor_loss"": 1.3862943611198906, ""step_ms"": 167.77108300084365}","{""torch"":""2.14.0"",""device_name"":""Apple M1 Pro"",""seed"":1234,""git_commit"":""fd532446b10740da6a025ff593b3b290f44a5141"",""code_sha256"":""0176831a9269ba58"",""hostname"":""Kims-MacBook-Pro-16.local""}"
20260919_full,2026-09-19T15:49:57.395+07:00,transformer,cpu,Apple M1 Pro,gpt,synthetic_markov,8,512,fp32,measure,6,160.93195799840032,25451.750236212964,tokens/s,,,8.167704582214355,,ok,,,"{""n_params"": 4339200, ""d_model"": 256, ""n_layers"": 4, ""n_heads"": 4, ""tokens_per_step"": 4096, ""entropy_floor_loss"": 1.3862943611198906, ""step_ms"": 160.93195799840032}","{""torch"":""2.14.0"",""device_name"":""Apple M1 Pro"",""seed"":1234,""git_commit"":""fd532446b10740da6a025ff593b3b290f44a5141"",""code_sha256"":""0176831a9269ba58"",""hostname"":""Kims-MacBook-Pro-16.local""}"
20260919_full,2026-09-19T15:49:57.549+07:00,transformer,cpu,Apple M1 Pro,gpt,synthetic_markov,8,512,fp32,measure,7,154.3339579984604,26539.84938325019,tokens/s,,,8.1481351852417,,ok,,,"{""n_params"": 4339200, ""d_model"": 256, ""n_layers"": 4, ""n_heads"": 4, ""tokens_per_step"": 4096, ""entropy_floor_loss"": 1.3862943611198906, ""step_ms"": 154.3339579984604}","{""torch"":""2.14.0"",""device_name"":""Apple M1 Pro"",""seed"":1234,""git_commit"":""fd532446b10740da6a025ff593b3b290f44a5141"",""code_sha256"":""0176831a9269ba58"",""hostname"":""Kims-MacBook-Pro-16.local""}"
20260919_full,2026-09-19T15:49:57.703+07:00,transformer,cpu,Apple M1 Pro,gpt,synthetic_markov,8,512,fp32,measure,8,153.26933300093515,26724.19798404818,tokens/s,,,8.116601943969727,,ok,,,"{""n_params"": 4339200, ""d_model"": 256, ""n_layers"": 4, ""n_heads"": 4, ""tokens_per_step"": 4096, ""entropy_floor_loss"": 1.3862943611198906, ""step_ms"": 153.26933300093515}","{""torch"":""2.14.0"",""device_name"":""Apple M1 Pro"",""seed"":1234,""git_commit"":""fd532446b10740da6a025ff593b3b290f44a5141"",""code_sha256"":""0176831a9269ba58"",""hostname"":""Kims-MacBook-Pro-16.local""}"
20260919_full,2026-09-19T15:49:57.864+07:00,transformer,cpu,Apple M1 Pro,gpt,synthetic_markov,8,512,fp32,measure,9,160.81766699790023,25469.83846030723,tokens/s,,,8.09871768951416,,ok,,,"{""n_params"": 4339200, ""d_model"": 256, ""n_layers"": 4, ""n_heads"": 4, ""tokens_per_step"": 4096, ""entropy_floor_loss"": 1.3862943611198906, ""step_ms"": 160.81766699790023}","{""torch"":""2.14.0"",""device_name"":""Apple M1 Pro"",""seed"":1234,""git_commit"":""fd532446b10740da6a025ff593b3b290f44a5141"",""code_sha256"":""0176831a9269ba58"",""hostname"":""Kims-MacBook-Pro-16.local""}"
20260919_full,2026-09-19T15:49:58.017+07:00,transformer,cpu,Apple M1 Pro,gpt,synthetic_markov,8,512,fp32,measure,10,153.3741250023013,26705.938827286165,tokens/s,,,8.087552070617676,,ok,,,"{""n_params"": 4339200, ""d_model"": 256, ""n_layers"": 4, ""n_heads"": 4, ""tokens_per_step"": 4096, ""entropy_floor_loss"": 1.3862943611198906, ""step_ms"": 153.3741250023013}","{""torch"":""2.14.0"",""device_name"":""Apple M1 Pro"",""seed"":1234,""git_commit"":""fd532446b10740da6a025ff593b3b290f44a5141"",""code_sha256"":""0176831a9269ba58"",""hostname"":""Kims-MacBook-Pro-16.local""}"
20260919_full,2026-09-19T15:49:58.179+07:00,transformer,cpu,Apple M1 Pro,gpt,synthetic_markov,8,512,fp32,measure,11,161.73937499843305,25324.692889654623,tokens/s,,,8.076072692871094,,ok,,,"{""n_params"": 4339200, ""d_model"": 256, ""n_layers"": 4, ""n_heads"": 4, ""tokens_per_step"": 4096, ""entropy_floor_loss"": 1.3862943611198906, ""step_ms"": 161.73937499843305}","{""torch"":""2.14.0"",""device_name"":""Apple M1 Pro"",""seed"":1234,""git_commit"":""fd532446b10740da6a025ff593b3b290f44a5141"",""code_sha256"":""0176831a9269ba58"",""hostname"":""Kims-MacBook-Pro-16.local""}"
20260919_full,2026-09-19T15:49:58.364+07:00,transformer,cpu,Apple M1 Pro,gpt,synthetic_markov,8,512,fp32,measure,12,184.4664999989618,22204.57373031446,tokens/s,,,8.041147232055664,,ok,,,"{""n_params"": 4339200, ""d_model"": 256, ""n_layers"": 4, ""n_heads"": 4, ""tokens_per_step"": 4096, ""entropy_floor_loss"": 1.3862943611198906, ""step_ms"": 184.4664999989618}","{""torch"":""2.14.0"",""device_name"":""Apple M1 Pro"",""seed"":1234,""git_commit"":""fd532446b10740da6a025ff593b3b290f44a5141"",""code_sha256"":""0176831a9269ba58"",""hostname"":""Kims-MacBook-Pro-16.local""}"
20260919_full,2026-09-19T15:49:58.540+07:00,transformer,cpu,Apple M1 Pro,gpt,synthetic_markov,8,512,fp32,measure,13,176.1107499987702,23258.091854293976,tokens/s,,,8.020648956298828,,ok,,,"{""n_params"": 4339200, ""d_model"": 256, ""n_layers"": 4, ""n_heads"": 4, ""tokens_per_step"": 4096, ""entropy_floor_loss"": 1.3862943611198906, ""step_ms"": 176.1107499987702}","{""torch"":""2.14.0"",""device_name"":""Apple M1 Pro"",""seed"":1234,""git_commit"":""fd532446b10740da6a025ff593b3b290f44a5141"",""code_sha256"":""0176831a9269ba58"",""hostname"":""Kims-MacBook-Pro-16.local""}"
20260919_full,2026-09-19T15:49:58.716+07:00,transformer,cpu,Apple M1 Pro,gpt,synthetic_markov,8,512,fp32,measure,14,175.6337499973597,23321.258015965468,tokens/s,,,7.99625301361084,,ok,,,"{""n_params"": 4339200, ""d_model"": 256, ""n_layers"": 4, ""n_heads"": 4, ""tokens_per_step"": 4096, ""entropy_floor_loss"": 1.3862943611198906, ""step_ms"": 175.6337499973597}","{""torch"":""2.14.0"",""device_name"":""Apple M1 Pro"",""seed"":1234,""git_commit"":""fd532446b10740da6a025ff593b3b290f44a5141"",""code_sha256"":""0176831a9269ba58"",""hostname"":""Kims-MacBook-Pro-16.local""}"
20260919_full,2026-09-19T15:49:58.892+07:00,transformer,cpu,Apple M1 Pro,gpt,synthetic_markov,8,512,fp32,measure,15,176.48524999822257,23208.738407551067,tokens/s,,,7.999627113342285,,ok,,,"{""n_params"": 4339200, ""d_model"": 256, ""n_layers"": 4, ""n_heads"": 4, ""tokens_per_step"": 4096, ""entropy_floor_loss"": 1.3862943611198906, ""step_ms"": 176.48524999822257}","{""torch"":""2.14.0"",""device_name"":""Apple M1 Pro"",""seed"":1234,""git_commit"":""fd532446b10740da6a025ff593b3b290f44a5141"",""code_sha256"":""0176831a9269ba58"",""hostname"":""Kims-MacBook-Pro-16.local""}"
20260919_full,2026-09-19T15:49:59.086+07:00,transformer,cpu,Apple M1 Pro,gpt,synthetic_markov,8,512,fp32,measure,16,193.25004199708928,21195.33821401029,tokens/s,,,7.96628999710083,,ok,,,"{""n_params"": 4339200, ""d_model"": 256, ""n_layers"": 4, ""n_heads"": 4, ""tokens_per_step"": 4096, ""entropy_floor_loss"": 1.3862943611198906, ""step_ms"": 193.25004199708928}","{""torch"":""2.14.0"",""device_name"":""Apple M1 Pro"",""seed"":1234,""git_commit"":""fd532446b10740da6a025ff593b3b290f44a5141"",""code_sha256"":""0176831a9269ba58"",""hostname"":""Kims-MacBook-Pro-16.local""}"
20260919_full,2026-09-19T15:49:59.289+07:00,transformer,cpu,Apple M1 Pro,gpt,synthetic_markov,8,512,fp32,measure,17,203.44349999868427,20133.35397801596,tokens/s,,,7.944724082946777,,ok,,,"{""n_params"": 4339200, ""d_model"": 256, ""n_layers"": 4, ""n_heads"": 4, ""tokens_per_step"": 4096, ""entropy_floor_loss"": 1.3862943611198906, ""step_ms"": 203.44349999868427}","{""torch"":""2.14.0"",""device_name"":""Apple M1 Pro"",""seed"":1234,""git_commit"":""fd532446b10740da6a025ff593b3b290f44a5141"",""code_sha256"":""0176831a9269ba58"",""hostname"":""Kims-MacBook-Pro-16.local""}"
20260919_full,2026-09-19T15:49:59.474+07:00,transformer,cpu,Apple M1 Pro,gpt,synthetic_markov,8,512,fp32,measure,18,184.4148749987653,22210.78966665473,tokens/s,,,7.9225945472717285,,ok,,,"{""n_params"": 4339200, ""d_model"": 256, ""n_layers"": 4, ""n_heads"": 4, ""tokens_per_step"": 4096, ""entropy_floor_loss"": 1.3862943611198906, ""step_ms"": 184.4148749987653}","{""torch"":""2.14.0"",""device_name"":""Apple M1 Pro"",""seed"":1234,""git_commit"":""fd532446b10740da6a025ff593b3b290f44a5141"",""code_sha256"":""0176831a9269ba58"",""hostname"":""Kims-MacBook-Pro-16.local""}"
20260919_full,2026-09-19T15:49:59.660+07:00,transformer,cpu,Apple M1 Pro,gpt,synthetic_markov,8,512,fp32,measure,19,186.43595799949253,21970.010742300845,tokens/s,,,7.905445098876953,,ok,,,"{""n_params"": 4339200, ""d_model"": 256, ""n_layers"": 4, ""n_heads"": 4, ""tokens_per_step"": 4096, ""entropy_floor_loss"": 1.3862943611198906, ""step_ms"": 186.43595799949253}","{""torch"":""2.14.0"",""device_name"":""Apple M1 Pro"",""seed"":1234,""git_commit"":""fd532446b10740da6a025ff593b3b290f44a5141"",""code_sha256"":""0176831a9269ba58"",""hostname"":""Kims-MacBook-Pro-16.local""}"
20260919_full,2026-09-19T15:49:59.661+07:00,transformer,cpu,Apple M1 Pro,gpt,synthetic_markov,8,512,fp32,config,,,,,1236.296875,process_rss (snapshot after work; includes Python/torch baseline),,,ok,,,"{""n_params"": 4339200, ""d_model"": 256, ""n_layers"": 4, ""n_heads"": 4, ""tokens_per_step"": 4096, ""entropy_floor_loss"": 1.3862943611198906, ""process_rss_mb"": 1236.296875}","{""torch"":""2.14.0"",""device_name"":""Apple M1 Pro"",""seed"":1234,""git_commit"":""fd532446b10740da6a025ff593b3b290f44a5141"",""code_sha256"":""0176831a9269ba58"",""hostname"":""Kims-MacBook-Pro-16.local""}"
20260919_full,2026-09-19T15:49:59.903+07:00,transformer,cpu,Apple M1 Pro,gpt,synthetic_markov,16,128,fp32,warmup,0,100.68325000247569,20341.019980479792,tokens/s,,,8.369635581970215,,ok,,,"{""n_params"": 4240896, ""d_model"": 256, ""n_layers"": 4, ""n_heads"": 4, ""tokens_per_step"": 2048, ""entropy_floor_loss"": 1.3862943611198906, ""step_ms"": 100.68325000247569}","{""torch"":""2.14.0"",""device_name"":""Apple M1 Pro"",""seed"":1234,""git_commit"":""fd532446b10740da6a025ff593b3b290f44a5141"",""code_sha256"":""0176831a9269ba58"",""hostname"":""Kims-MacBook-Pro-16.local""}"
20260919_full,2026-09-19T15:50:00.038+07:00,transformer,cpu,Apple M1 Pro,gpt,synthetic_markov,16,128,fp32,warmup,1,134.62970799810137,15212.095684177539,tokens/s,,,8.35234546661377,,ok,,,"{""n_params"": 4240896, ""d_model"": 256, ""n_layers"": 4, ""n_heads"": 4, ""tokens_per_step"": 2048, ""entropy_floor_loss"": 1.3862943611198906, ""step_ms"": 134.62970799810137}","{""torch"":""2.14.0"",""device_name"":""Apple M1 Pro"",""seed"":1234,""git_commit"":""fd532446b10740da6a025ff593b3b290f44a5141"",""code_sha256"":""0176831a9269ba58"",""hostname"":""Kims-MacBook-Pro-16.local""}"
20260919_full,2026-09-19T15:50:00.124+07:00,transformer,cpu,Apple M1 Pro,gpt,synthetic_markov,16,128,fp32,warmup,2,85.62533299846109,23918.155156684854,tokens/s,,,8.336685180664062,,ok,,,"{""n_params"": 4240896, ""d_model"": 256, ""n_layers"": 4, ""n_heads"": 4, ""tokens_per_step"": 2048, ""entropy_floor_loss"": 1.3862943611198906, ""step_ms"": 85.62533299846109}","{""torch"":""2.14.0"",""device_name"":""Apple M1 Pro"",""seed"":1234,""git_commit"":""fd532446b10740da6a025ff593b3b290f44a5141"",""code_sha256"":""0176831a9269ba58"",""hostname"":""Kims-MacBook-Pro-16.local""}"
20260919_full,2026-09-19T15:50:00.207+07:00,transformer,cpu,Apple M1 Pro,gpt,synthetic_markov,16,128,fp32,measure,0,82.82958299969323,24725.465538171127,tokens/s,,,8.317476272583008,,ok,,,"{""n_params"": 4240896, ""d_model"": 256, ""n_layers"": 4, ""n_heads"": 4, ""tokens_per_step"": 2048, ""entropy_floor_loss"": 1.3862943611198906, ""step_ms"": 82.82958299969323}","{""torch"":""2.14.0"",""device_name"":""Apple M1 Pro"",""seed"":1234,""git_commit"":""fd532446b10740da6a025ff593b3b290f44a5141"",""code_sha256"":""0176831a9269ba58"",""hostname"":""Kims-MacBook-Pro-16.local""}"
20260919_full,2026-09-19T15:50:00.289+07:00,transformer,cpu,Apple M1 Pro,gpt,synthetic_markov,16,128,fp32,measure,1,82.15216700045858,24929.348485580034,tokens/s,,,8.30870532989502,,ok,,,"{""n_params"": 4240896, ""d_model"": 256, ""n_layers"": 4, ""n_heads"": 4, ""tokens_per_step"": 2048, ""entropy_floor_loss"": 1.3862943611198906, ""step_ms"": 82.15216700045858}","{""torch"":""2.14.0"",""device_name"":""Apple M1 Pro"",""seed"":1234,""git_commit"":""fd532446b10740da6a025ff593b3b290f44a5141"",""code_sha256"":""0176831a9269ba58"",""hostname"":""Kims-MacBook-Pro-16.local""}"
20260919_full,2026-09-19T15:50:00.370+07:00,transformer,cpu,Apple M1 Pro,gpt,synthetic_markov,16,128,fp32,measure,2,80.26070800042362,25516.844431389647,tokens/s,,,8.30506420135498,,ok,,,"{""n_params"": 4240896, ""d_model"": 256, ""n_layers"": 4, ""n_heads"": 4, ""tokens_per_step"": 2048, ""entropy_floor_loss"": 1.3862943611198906, ""step_ms"": 80.26070800042362}","{""torch"":""2.14.0"",""device_name"":""Apple M1 Pro"",""seed"":1234,""git_commit"":""fd532446b10740da6a025ff593b3b290f44a5141"",""code_sha256"":""0176831a9269ba58"",""hostname"":""Kims-MacBook-Pro-16.local""}"
20260919_full,2026-09-19T15:50:00.450+07:00,transformer,cpu,Apple M1 Pro,gpt,synthetic_markov,16,128,fp32,measure,3,80.46308399934787,25452.665970603342,tokens/s,,,8.284214973449707,,ok,,,"{""n_params"": 4240896, ""d_model"": 256, ""n_layers"": 4, ""n_heads"": 4, ""tokens_per_step"": 2048, ""entropy_floor_loss"": 1.3862943611198906, ""step_ms"": 80.46308399934787}","{""torch"":""2.14.0"",""device_name"":""Apple M1 Pro"",""seed"":1234,""git_commit"":""fd532446b10740da6a025ff593b3b290f44a5141"",""code_sha256"":""0176831a9269ba58"",""hostname"":""Kims-MacBook-Pro-16.local""}"
20260919_full,2026-09-19T15:50:00.531+07:00,transformer,cpu,Apple M1 Pro,gpt,synthetic_markov,16,128,fp32,measure,4,80.54779099984444,25425.899016944553,tokens/s,,,8.281874656677246,,ok,,,"{""n_params"": 4240896, ""d_model"": 256, ""n_layers"": 4, ""n_heads"": 4, ""tokens_per_step"": 2048, ""entropy_floor_loss"": 1.3862943611198906, ""step_ms"": 80.54779099984444}","{""torch"":""2.14.0"",""device_name"":""Apple M1 Pro"",""seed"":1234,""git_commit"":""fd532446b10740da6a025ff593b3b290f44a5141"",""code_sha256"":""0176831a9269ba58"",""hostname"":""Kims-MacBook-Pro-16.local""}"
20260919_full,2026-09-19T15:50:00.612+07:00,transformer,cpu,Apple M1 Pro,gpt,synthetic_markov,16,128,fp32,measure,5,80.84695800062036,25331.812731708287,tokens/s,,,8.267035484313965,,ok,,,"{""n_params"": 4240896, ""d_model"": 256, ""n_layers"": 4, ""n_heads"": 4, ""tokens_per_step"": 2048, ""entropy_floor_loss"": 1.3862943611198906, ""step_ms"": 80.84695800062036}","{""torch"":""2.14.0"",""device_name"":""Apple M1 Pro"",""seed"":1234,""git_commit"":""fd532446b10740da6a025ff593b3b290f44a5141"",""code_sha256"":""0176831a9269ba58"",""hostname"":""Kims-MacBook-Pro-16.local""}"
20260919_full,2026-09-19T15:50:00.692+07:00,transformer,cpu,Apple M1 Pro,gpt,synthetic_markov,16,128,fp32,measure,6,80.15791599973454,25549.566433423523,tokens/s,,,8.261945724487305,,ok,,,"{""n_params"": 4240896, ""d_model"": 256, ""n_layers"": 4, ""n_heads"": 4, ""tokens_per_step"": 2048, ""entropy_floor_loss"": 1.3862943611198906, ""step_ms"": 80.15791599973454}","{""torch"":""2.14.0"",""device_name"":""Apple M1 Pro"",""seed"":1234,""git_commit"":""fd532446b10740da6a025ff593b3b290f44a5141"",""code_sha256"":""0176831a9269ba58"",""hostname"":""Kims-MacBook-Pro-16.local""}"
20260919_full,2026-09-19T15:50:00.772+07:00,transformer,cpu,Apple M1 Pro,gpt,synthetic_markov,16,128,fp32,measure,7,79.47133400011808,25770.298507848845,tokens/s,,,8.24704360961914,,ok,,,"{""n_params"": 4240896, ""d_model"": 256, ""n_layers"": 4, ""n_heads"": 4, ""tokens_per_step"": 2048, ""entropy_floor_loss"": 1.3862943611198906, ""step_ms"": 79.47133400011808}","{""torch"":""2.14.0"",""device_name"":""Apple M1 Pro"",""seed"":1234,""git_commit"":""fd532446b10740da6a025ff593b3b290f44a5141"",""code_sha256"":""0176831a9269ba58"",""hostname"":""Kims-MacBook-Pro-16.local""}"
20260919_full,2026-09-19T15:50:00.851+07:00,transformer,cpu,Apple M1 Pro,gpt,synthetic_markov,16,128,fp32,measure,8,79.25170800081105,25841.714351178918,tokens/s,,,8.234746932983398,,ok,,,"{""n_params"": 4240896, ""d_model"": 256, ""n_layers"": 4, ""n_heads"": 4, ""tokens_per_step"": 2048, ""entropy_floor_loss"": 1.3862943611198906, ""step_ms"": 79.25170800081105}","{""torch"":""2.14.0"",""device_name"":""Apple M1 Pro"",""seed"":1234,""git_commit"":""fd532446b10740da6a025ff593b3b290f44a5141"",""code_sha256"":""0176831a9269ba58"",""hostname"":""Kims-MacBook-Pro-16.local""}"
20260919_full,2026-09-19T15:50:00.933+07:00,transformer,cpu,Apple M1 Pro,gpt,synthetic_markov,16,128,fp32,measure,9,81.81358399815508,25032.517827921863,tokens/s,,,8.223048210144043,,ok,,,"{""n_params"": 4240896, ""d_model"": 256, ""n_layers"": 4, ""n_heads"": 4, ""tokens_per_step"": 2048, ""entropy_floor_loss"": 1.3862943611198906, ""step_ms"": 81.81358399815508}","{""torch"":""2.14.0"",""device_name"":""Apple M1 Pro"",""seed"":1234,""git_commit"":""fd532446b10740da6a025ff593b3b290f44a5141"",""code_sha256"":""0176831a9269ba58"",""hostname"":""Kims-MacBook-Pro-16.local""}"
20260919_full,2026-09-19T15:50:01.015+07:00,transformer,cpu,Apple M1 Pro,gpt,synthetic_markov,16,128,fp32,measure,10,81.64708299955237,25083.566059686764,tokens/s,,,8.219980239868164,,ok,,,"{""n_params"": 4240896, ""d_model"": 256, ""n_layers"": 4, ""n_heads"": 4, ""tokens_per_step"": 2048, ""entropy_floor_loss"": 1.3862943611198906, ""step_ms"": 81.64708299955237}","{""torch"":""2.14.0"",""device_name"":""Apple M1 Pro"",""seed"":1234,""git_commit"":""fd532446b10740da6a025ff593b3b290f44a5141"",""code_sha256"":""0176831a9269ba58"",""hostname"":""Kims-MacBook-Pro-16.local""}"
20260919_full,2026-09-19T15:50:01.096+07:00,transformer,cpu,Apple M1 Pro,gpt,synthetic_markov,16,128,fp32,measure,11,80.83941599761602,25334.17609128196,tokens/s,,,8.182043075561523,,ok,,,"{""n_params"": 4240896, ""d_model"": 256, ""n_layers"": 4, ""n_heads"": 4, ""tokens_per_step"": 2048, ""entropy_floor_loss"": 1.3862943611198906, ""step_ms"": 80.83941599761602}","{""torch"":""2.14.0"",""device_name"":""Apple M1 Pro"",""seed"":1234,""git_commit"":""fd532446b10740da6a025ff593b3b290f44a5141"",""code_sha256"":""0176831a9269ba58"",""hostname"":""Kims-MacBook-Pro-16.local""}"
20260919_full,2026-09-19T15:50:01.179+07:00,transformer,cpu,Apple M1 Pro,gpt,synthetic_markov,16,128,fp32,measure,12,83.37112500157673,24564.85983559977,tokens/s,,,8.195554733276367,,ok,,,"{""n_params"": 4240896, ""d_model"": 256, ""n_layers"": 4, ""n_heads"": 4, ""tokens_per_step"": 2048, ""entropy_floor_loss"": 1.3862943611198906, ""step_ms"": 83.37112500157673}","{""torch"":""2.14.0"",""device_name"":""Apple M1 Pro"",""seed"":1234,""git_commit"":""fd532446b10740da6a025ff593b3b290f44a5141"",""code_sha256"":""0176831a9269ba58"",""hostname"":""Kims-MacBook-Pro-16.local""}"
20260919_full,2026-09-19T15:50:01.260+07:00,transformer,cpu,Apple M1 Pro,gpt,synthetic_markov,16,128,fp32,measure,13,80.24070800092886,25523.2045058263,tokens/s,,,8.18779468536377,,ok,,,"{""n_params"": 4240896, ""d_model"": 256, ""n_layers"": 4, ""n_heads"": 4, ""tokens_per_step"": 2048, ""entropy_floor_loss"": 1.3862943611198906, ""step_ms"": 80.24070800092886}","{""torch"":""2.14.0"",""device_name"":""Apple M1 Pro"",""seed"":1234,""git_commit"":""fd532446b10740da6a025ff593b3b290f44a5141"",""code_sha256"":""0176831a9269ba58"",""hostname"":""Kims-MacBook-Pro-16.local""}"
20260919_full,2026-09-19T15:50:01.342+07:00,transformer,cpu,Apple M1 Pro,gpt,synthetic_markov,16,128,fp32,measure,14,82.29570799812791,24885.86646640902,tokens/s,,,8.171459197998047,,ok,,,"{""n_params"": 4240896, ""d_model"": 256, ""n_layers"": 4, ""n_heads"": 4, ""tokens_per_step"": 2048, ""entropy_floor_loss"": 1.3862943611198906, ""step_ms"": 82.29570799812791}","{""torch"":""2.14.0"",""device_name"":""Apple M1 Pro"",""seed"":1234,""git_commit"":""fd532446b10740da6a025ff593b3b290f44a5141"",""code_sha256"":""0176831a9269ba58"",""hostname"":""Kims-MacBook-Pro-16.local""}"
20260919_full,2026-09-19T15:50:01.456+07:00,transformer,cpu,Apple M1 Pro,gpt,synthetic_markov,16,128,fp32,measure,15,113.96308300027158,17970.731802641032,tokens/s,,,8.152397155761719,,ok,,,"{""n_params"": 4240896, ""d_model"": 256, ""n_layers"": 4, ""n_heads"": 4, ""tokens_per_step"": 2048, ""entropy_floor_loss"": 1.3862943611198906, ""step_ms"": 113.96308300027158}","{""torch"":""2.14.0"",""device_name"":""Apple M1 Pro"",""seed"":1234,""git_commit"":""fd532446b10740da6a025ff593b3b290f44a5141"",""code_sha256"":""0176831a9269ba58"",""hostname"":""Kims-MacBook-Pro-16.local""}"
20260919_full,2026-09-19T15:50:01.538+07:00,transformer,cpu,Apple M1 Pro,gpt,synthetic_markov,16,128,fp32,measure,16,81.58812500187196,25101.6921880851,tokens/s,,,8.1441068649292,,ok,,,"{""n_params"": 4240896, ""d_model"": 256, ""n_layers"": 4, ""n_heads"": 4, ""tokens_per_step"": 2048, ""entropy_floor_loss"": 1.3862943611198906, ""step_ms"": 81.58812500187196}","{""torch"":""2.14.0"",""device_name"":""Apple M1 Pro"",""seed"":1234,""git_commit"":""fd532446b10740da6a025ff593b3b290f44a5141"",""code_sha256"":""0176831a9269ba58"",""hostname"":""Kims-MacBook-Pro-16.local""}"
20260919_full,2026-09-19T15:50:01.618+07:00,transformer,cpu,Apple M1 Pro,gpt,synthetic_markov,16,128,fp32,measure,17,79.75787500254228,25677.71520912161,tokens/s,,,8.152620315551758,,ok,,,"{""n_params"": 4240896, ""d_model"": 256, ""n_layers"": 4, ""n_heads"": 4, ""tokens_per_step"": 2048, ""entropy_floor_loss"": 1.3862943611198906, ""step_ms"": 79.75787500254228}","{""torch"":""2.14.0"",""device_name"":""Apple M1 Pro"",""seed"":1234,""git_commit"":""fd532446b10740da6a025ff593b3b290f44a5141"",""code_sha256"":""0176831a9269ba58"",""hostname"":""Kims-MacBook-Pro-16.local""}"
20260919_full,2026-09-19T15:50:01.699+07:00,transformer,cpu,Apple M1 Pro,gpt,synthetic_markov,16,128,fp32,measure,18,80.5711249995511,25418.535486645003,tokens/s,,,8.120966911315918,,ok,,,"{""n_params"": 4240896, ""d_model"": 256, ""n_layers"": 4, ""n_heads"": 4, ""tokens_per_step"": 2048, ""entropy_floor_loss"": 1.3862943611198906, ""step_ms"": 80.5711249995511}","{""torch"":""2.14.0"",""device_name"":""Apple M1 Pro"",""seed"":1234,""git_commit"":""fd532446b10740da6a025ff593b3b290f44a5141"",""code_sha256"":""0176831a9269ba58"",""hostname"":""Kims-MacBook-Pro-16.local""}"
20260919_full,2026-09-19T15:50:01.779+07:00,transformer,cpu,Apple M1 Pro,gpt,synthetic_markov,16,128,fp32,measure,19,80.31349999873783,25500.07159484004,tokens/s,,,8.084990501403809,,ok,,,"{""n_params"": 4240896, ""d_model"": 256, ""n_layers"": 4, ""n_heads"": 4, ""tokens_per_step"": 2048, ""entropy_floor_loss"": 1.3862943611198906, ""step_ms"": 80.31349999873783}","{""torch"":""2.14.0"",""device_name"":""Apple M1 Pro"",""seed"":1234,""git_commit"":""fd532446b10740da6a025ff593b3b290f44a5141"",""code_sha256"":""0176831a9269ba58"",""hostname"":""Kims-MacBook-Pro-16.local""}"
20260919_full,2026-09-19T15:50:01.780+07:00,transformer,cpu,Apple M1 Pro,gpt,synthetic_markov,16,128,fp32,config,,,,,1268.453125,process_rss (snapshot after work; includes Python/torch baseline),,,ok,,,"{""n_params"": 4240896, ""d_model"": 256, ""n_layers"": 4, ""n_heads"": 4, ""tokens_per_step"": 2048, ""entropy_floor_loss"": 1.3862943611198906, ""process_rss_mb"": 1268.453125}","{""torch"":""2.14.0"",""device_name"":""Apple M1 Pro"",""seed"":1234,""git_commit"":""fd532446b10740da6a025ff593b3b290f44a5141"",""code_sha256"":""0176831a9269ba58"",""hostname"":""Kims-MacBook-Pro-16.local""}"
20260919_full,2026-09-19T15:50:02.088+07:00,transformer,cpu,Apple M1 Pro,gpt,synthetic_markov,16,256,fp32,warmup,0,189.93954200050212,21564.75664234871,tokens/s,,,8.37794017791748,,ok,,,"{""n_params"": 4273664, ""d_model"": 256, ""n_layers"": 4, ""n_heads"": 4, ""tokens_per_step"": 4096, ""entropy_floor_loss"": 1.3862943611198906, ""step_ms"": 189.93954200050212}","{""torch"":""2.14.0"",""device_name"":""Apple M1 Pro"",""seed"":1234,""git_commit"":""fd532446b10740da6a025ff593b3b290f44a5141"",""code_sha256"":""0176831a9269ba58"",""hostname"":""Kims-MacBook-Pro-16.local""}"
20260919_full,2026-09-19T15:50:02.240+07:00,transformer,cpu,Apple M1 Pro,gpt,synthetic_markov,16,256,fp32,warmup,1,150.93787500154576,27136.99262003028,tokens/s,,,8.349072456359863,,ok,,,"{""n_params"": 4273664, ""d_model"": 256, ""n_layers"": 4, ""n_heads"": 4, ""tokens_per_step"": 4096, ""entropy_floor_loss"": 1.3862943611198906, ""step_ms"": 150.93787500154576}","{""torch"":""2.14.0"",""device_name"":""Apple M1 Pro"",""seed"":1234,""git_commit"":""fd532446b10740da6a025ff593b3b290f44a5141"",""code_sha256"":""0176831a9269ba58"",""hostname"":""Kims-MacBook-Pro-16.local""}"
20260919_full,2026-09-19T15:50:02.378+07:00,transformer,cpu,Apple M1 Pro,gpt,synthetic_markov,16,256,fp32,warmup,2,138.26912500007893,29623.388446246852,tokens/s,,,8.319435119628906,,ok,,,"{""n_params"": 4273664, ""d_model"": 256, ""n_layers"": 4, ""n_heads"": 4, ""tokens_per_step"": 4096, ""entropy_floor_loss"": 1.3862943611198906, ""step_ms"": 138.26912500007893}","{""torch"":""2.14.0"",""device_name"":""Apple M1 Pro"",""seed"":1234,""git_commit"":""fd532446b10740da6a025ff593b3b290f44a5141"",""code_sha256"":""0176831a9269ba58"",""hostname"":""Kims-MacBook-Pro-16.local""}"
20260919_full,2026-09-19T15:50:02.515+07:00,transformer,cpu,Apple M1 Pro,gpt,synthetic_markov,16,256,fp32,measure,0,136.9730830010667,29903.685528988946,tokens/s,,,8.300795555114746,,ok,,,"{""n_params"": 4273664, ""d_model"": 256, ""n_layers"": 4, ""n_heads"": 4, ""tokens_per_step"": 4096, ""entropy_floor_loss"": 1.3862943611198906, ""step_ms"": 136.9730830010667}","{""torch"":""2.14.0"",""device_name"":""Apple M1 Pro"",""seed"":1234,""git_commit"":""fd532446b10740da6a025ff593b3b290f44a5141"",""code_sha256"":""0176831a9269ba58"",""hostname"":""Kims-MacBook-Pro-16.local""}"
20260919_full,2026-09-19T15:50:02.651+07:00,transformer,cpu,Apple M1 Pro,gpt,synthetic_markov,16,256,fp32,measure,1,135.7203750012559,30179.698515879416,tokens/s,,,8.285470962524414,,ok,,,"{""n_params"": 4273664, ""d_model"": 256, ""n_layers"": 4, ""n_heads"": 4, ""tokens_per_step"": 4096, ""entropy_floor_loss"": 1.3862943611198906, ""step_ms"": 135.7203750012559}","{""torch"":""2.14.0"",""device_name"":""Apple M1 Pro"",""seed"":1234,""git_commit"":""fd532446b10740da6a025ff593b3b290f44a5141"",""code_sha256"":""0176831a9269ba58"",""hostname"":""Kims-MacBook-Pro-16.local""}"
20260919_full,2026-09-19T15:50:02.792+07:00,transformer,cpu,Apple M1 Pro,gpt,synthetic_markov,16,256,fp32,measure,2,140.73529199959012,29104.284659543177,tokens/s,,,8.270955085754395,,ok,,,"{""n_params"": 4273664, ""d_model"": 256, ""n_layers"": 4, ""n_heads"": 4, ""tokens_per_step"": 4096, ""entropy_floor_loss"": 1.3862943611198906, ""step_ms"": 140.73529199959012}","{""torch"":""2.14.0"",""device_name"":""Apple M1 Pro"",""seed"":1234,""git_commit"":""fd532446b10740da6a025ff593b3b290f44a5141"",""code_sha256"":""0176831a9269ba58"",""hostname"":""Kims-MacBook-Pro-16.local""}"
20260919_full,2026-09-19T15:50:02.938+07:00,transformer,cpu,Apple M1 Pro,gpt,synthetic_markov,16,256,fp32,measure,3,146.30091600338346,27997.090598566538,tokens/s,,,8.25595474243164,,ok,,,"{""n_params"": 4273664, ""d_model"": 256, ""n_layers"": 4, ""n_heads"": 4, ""tokens_per_step"": 4096, ""entropy_floor_loss"": 1.3862943611198906, ""step_ms"": 146.30091600338346}","{""torch"":""2.14.0"",""device_name"":""Apple M1 Pro"",""seed"":1234,""git_commit"":""fd532446b10740da6a025ff593b3b290f44a5141"",""code_sha256"":""0176831a9269ba58"",""hostname"":""Kims-MacBook-Pro-16.local""}"
20260919_full,2026-09-19T15:50:03.090+07:00,transformer,cpu,Apple M1 Pro,gpt,synthetic_markov,16,256,fp32,measure,4,151.97587500006193,26951.646108294037,tokens/s,,,8.222929000854492,,ok,,,"{""n_params"": 4273664, ""d_model"": 256, ""n_layers"": 4, ""n_heads"": 4, ""tokens_per_step"": 4096, ""entropy_floor_loss"": 1.3862943611198906, ""step_ms"": 151.97587500006193}","{""torch"":""2.14.0"",""device_name"":""Apple M1 Pro"",""seed"":1234,""git_commit"":""fd532446b10740da6a025ff593b3b290f44a5141"",""code_sha256"":""0176831a9269ba58"",""hostname"":""Kims-MacBook-Pro-16.local""}"
20260919_full,2026-09-19T15:50:03.243+07:00,transformer,cpu,Apple M1 Pro,gpt,synthetic_markov,16,256,fp32,measure,5,152.15100000204984,26920.624905158802,tokens/s,,,8.205835342407227,,ok,,,"{""n_params"": 4273664, ""d_model"": 256, ""n_layers"": 4, ""n_heads"": 4, ""tokens_per_step"": 4096, ""entropy_floor_loss"": 1.3862943611198906, ""step_ms"": 152.15100000204984}","{""torch"":""2.14.0"",""device_name"":""Apple M1 Pro"",""seed"":1234,""git_commit"":""fd532446b10740da6a025ff593b3b290f44a5141"",""code_sha256"":""0176831a9269ba58"",""hostname"":""Kims-MacBook-Pro-16.local""}"
20260919_full,2026-09-19T15:50:03.397+07:00,transformer,cpu,Apple M1 Pro,gpt,synthetic_markov,16,256,fp32,measure,6,154.06050000092364,26586.957720995604,tokens/s,,,8.186463356018066,,ok,,,"{""n_params"": 4273664, ""d_model"": 256, ""n_layers"": 4, ""n_heads"": 4, ""tokens_per_step"": 4096, ""entropy_floor_loss"": 1.3862943611198906, ""step_ms"": 154.06050000092364}","{""torch"":""2.14.0"",""device_name"":""Apple M1 Pro"",""seed"":1234,""git_commit"":""fd532446b10740da6a025ff593b3b290f44a5141"",""code_sha256"":""0176831a9269ba58"",""hostname"":""Kims-MacBook-Pro-16.local""}"
20260919_full,2026-09-19T15:50:03.554+07:00,transformer,cpu,Apple M1 Pro,gpt,synthetic_markov,16,256,fp32,measure,7,156.46987500076648,26177.56293331183,tokens/s,,,8.18299388885498,,ok,,,"{""n_params"": 4273664, ""d_model"": 256, ""n_layers"": 4, ""n_heads"": 4, ""tokens_per_step"": 4096, ""entropy_floor_loss"": 1.3862943611198906, ""step_ms"": 156.46987500076648}","{""torch"":""2.14.0"",""device_name"":""Apple M1 Pro"",""seed"":1234,""git_commit"":""fd532446b10740da6a025ff593b3b290f44a5141"",""code_sha256"":""0176831a9269ba58"",""hostname"":""Kims-MacBook-Pro-16.local""}"
20260919_full,2026-09-19T15:50:03.711+07:00,transformer,cpu,Apple M1 Pro,gpt,synthetic_markov,16,256,fp32,measure,8,157.12204199735424,26068.90763339858,tokens/s,,,8.163226127624512,,ok,,,"{""n_params"": 4273664, ""d_model"": 256, ""n_layers"": 4, ""n_heads"": 4, ""tokens_per_step"": 4096, ""entropy_floor_loss"": 1.3862943611198906, ""step_ms"": 157.12204199735424}","{""torch"":""2.14.0"",""device_name"":""Apple M1 Pro"",""seed"":1234,""git_commit"":""fd532446b10740da6a025ff593b3b290f44a5141"",""code_sha256"":""0176831a9269ba58"",""hostname"":""Kims-MacBook-Pro-16.local""}"
20260919_full,2026-09-19T15:50:03.879+07:00,transformer,cpu,Apple M1 Pro,gpt,synthetic_markov,16,256,fp32,measure,9,168.34454200215987,24331.053156136466,tokens/s,,,8.132173538208008,,ok,,,"{""n_params"": 4273664, ""d_model"": 256, ""n_layers"": 4, ""n_heads"": 4, ""tokens_per_step"": 4096, ""entropy_floor_loss"": 1.3862943611198906, ""step_ms"": 168.34454200215987}","{""torch"":""2.14.0"",""device_name"":""Apple M1 Pro"",""seed"":1234,""git_commit"":""fd532446b10740da6a025ff593b3b290f44a5141"",""code_sha256"":""0176831a9269ba58"",""hostname"":""Kims-MacBook-Pro-16.local""}"
20260919_full,2026-09-19T15:50:04.044+07:00,transformer,cpu,Apple M1 Pro,gpt,synthetic_markov,16,256,fp32,measure,10,164.90845899897977,24838.022408694877,tokens/s,,,8.109682083129883,,ok,,,"{""n_params"": 4273664, ""d_model"": 256, ""n_layers"": 4, ""n_heads"": 4, ""tokens_per_step"": 4096, ""entropy_floor_loss"": 1.3862943611198906, ""step_ms"": 164.90845899897977}","{""torch"":""2.14.0"",""device_name"":""Apple M1 Pro"",""seed"":1234,""git_commit"":""fd532446b10740da6a025ff593b3b290f44a5141"",""code_sha256"":""0176831a9269ba58"",""hostname"":""Kims-MacBook-Pro-16.local""}"
20260919_full,2026-09-19T15:50:04.205+07:00,transformer,cpu,Apple M1 Pro,gpt,synthetic_markov,16,256,fp32,measure,11,161.0342079984548,25435.589437241204,tokens/s,,,8.086843490600586,,ok,,,"{""n_params"": 4273664, ""d_model"": 256, ""n_layers"": 4, ""n_heads"": 4, ""tokens_per_step"": 4096, ""entropy_floor_loss"": 1.3862943611198906, ""step_ms"": 161.0342079984548}","{""torch"":""2.14.0"",""device_name"":""Apple M1 Pro"",""seed"":1234,""git_commit"":""fd532446b10740da6a025ff593b3b290f44a5141"",""code_sha256"":""0176831a9269ba58"",""hostname"":""Kims-MacBook-Pro-16.local""}"
20260919_full,2026-09-19T15:50:04.360+07:00,transformer,cpu,Apple M1 Pro,gpt,synthetic_markov,16,256,fp32,measure,12,154.3131660000654,26543.42533545235,tokens/s,,,8.074984550476074,,ok,,,"{""n_params"": 4273664, ""d_model"": 256, ""n_layers"": 4, ""n_heads"": 4, ""tokens_per_step"": 4096, ""entropy_floor_loss"": 1.3862943611198906, ""step_ms"": 154.3131660000654}","{""torch"":""2.14.0"",""device_name"":""Apple M1 Pro"",""seed"":1234,""git_commit"":""fd532446b10740da6a025ff593b3b290f44a5141"",""code_sha256"":""0176831a9269ba58"",""hostname"":""Kims-MacBook-Pro-16.local""}"
20260919_full,2026-09-19T15:50:04.516+07:00,transformer,cpu,Apple M1 Pro,gpt,synthetic_markov,16,256,fp32,measure,13,155.73979200053145,26300.27912189598,tokens/s,,,8.052841186523438,,ok,,,"{""n_params"": 4273664, ""d_model"": 256, ""n_layers"": 4, ""n_heads"": 4, ""tokens_per_step"": 4096, ""entropy_floor_loss"": 1.3862943611198906, ""step_ms"": 155.73979200053145}","{""torch"":""2.14.0"",""device_name"":""Apple M1 Pro"",""seed"":1234,""git_commit"":""fd532446b10740da6a025ff593b3b290f44a5141"",""code_sha256"":""0176831a9269ba58"",""hostname"":""Kims-MacBook-Pro-16.local""}"
20260919_full,2026-09-19T15:50:04.670+07:00,transformer,cpu,Apple M1 Pro,gpt,synthetic_markov,16,256,fp32,measure,14,153.88295899902005,26617.6321708636,tokens/s,,,8.036215782165527,,ok,,,"{""n_params"": 4273664, ""d_model"": 256, ""n_layers"": 4, ""n_heads"": 4, ""tokens_per_step"": 4096, ""entropy_floor_loss"": 1.3862943611198906, ""step_ms"": 153.88295899902005}","{""torch"":""2.14.0"",""device_name"":""Apple M1 Pro"",""seed"":1234,""git_commit"":""fd532446b10740da6a025ff593b3b290f44a5141"",""code_sha256"":""0176831a9269ba58"",""hostname"":""Kims-MacBook-Pro-16.local""}"
20260919_full,2026-09-19T15:50:04.819+07:00,transformer,cpu,Apple M1 Pro,gpt,synthetic_markov,16,256,fp32,measure,15,148.8120419999177,27524.654221210574,tokens/s,,,8.010066032409668,,ok,,,"{""n_params"": 4273664, ""d_model"": 256, ""n_layers"": 4, ""n_heads"": 4, ""tokens_per_step"": 4096, ""entropy_floor_loss"": 1.3862943611198906, ""step_ms"": 148.8120419999177}","{""torch"":""2.14.0"",""device_name"":""Apple M1 Pro"",""seed"":1234,""git_commit"":""fd532446b10740da6a025ff593b3b290f44a5141"",""code_sha256"":""0176831a9269ba58"",""hostname"":""Kims-MacBook-Pro-16.local""}"
20260919_full,2026-09-19T15:50:04.967+07:00,transformer,cpu,Apple M1 Pro,gpt,synthetic_markov,16,256,fp32,measure,16,147.64162500068778,27742.85368357954,tokens/s,,,8.010038375854492,,ok,,,"{""n_params"": 4273664, ""d_model"": 256, ""n_layers"": 4, ""n_heads"": 4, ""tokens_per_step"": 4096, ""entropy_floor_loss"": 1.3862943611198906, ""step_ms"": 147.64162500068778}","{""torch"":""2.14.0"",""device_name"":""Apple M1 Pro"",""seed"":1234,""git_commit"":""fd532446b10740da6a025ff593b3b290f44a5141"",""code_sha256"":""0176831a9269ba58"",""hostname"":""Kims-MacBook-Pro-16.local""}"
20260919_full,2026-09-19T15:50:05.108+07:00,transformer,cpu,Apple M1 Pro,gpt,synthetic_markov,16,256,fp32,measure,17,140.9360839970759,29062.81971113219,tokens/s,,,7.988719463348389,,ok,,,"{""n_params"": 4273664, ""d_model"": 256, ""n_layers"": 4, ""n_heads"": 4, ""tokens_per_step"": 4096, ""entropy_floor_loss"": 1.3862943611198906, ""step_ms"": 140.9360839970759}","{""torch"":""2.14.0"",""device_name"":""Apple M1 Pro"",""seed"":1234,""git_commit"":""fd532446b10740da6a025ff593b3b290f44a5141"",""code_sha256"":""0176831a9269ba58"",""hostname"":""Kims-MacBook-Pro-16.local""}"
20260919_full,2026-09-19T15:50:05.251+07:00,transformer,cpu,Apple M1 Pro,gpt,synthetic_markov,16,256,fp32,measure,18,143.40766700115637,28561.931768731527,tokens/s,,,7.969691276550293,,ok,,,"{""n_params"": 4273664, ""d_model"": 256, ""n_layers"": 4, ""n_heads"": 4, ""tokens_per_step"": 4096, ""entropy_floor_loss"": 1.3862943611198906, ""step_ms"": 143.40766700115637}","{""torch"":""2.14.0"",""device_name"":""Apple M1 Pro"",""seed"":1234,""git_commit"":""fd532446b10740da6a025ff593b3b290f44a5141"",""code_sha256"":""0176831a9269ba58"",""hostname"":""Kims-MacBook-Pro-16.local""}"
20260919_full,2026-09-19T15:50:05.396+07:00,transformer,cpu,Apple M1 Pro,gpt,synthetic_markov,16,256,fp32,measure,19,144.25375000064378,28394.409157347523,tokens/s,,,7.935308933258057,,ok,,,"{""n_params"": 4273664, ""d_model"": 256, ""n_layers"": 4, ""n_heads"": 4, ""tokens_per_step"": 4096, ""entropy_floor_loss"": 1.3862943611198906, ""step_ms"": 144.25375000064378}","{""torch"":""2.14.0"",""device_name"":""Apple M1 Pro"",""seed"":1234,""git_commit"":""fd532446b10740da6a025ff593b3b290f44a5141"",""code_sha256"":""0176831a9269ba58"",""hostname"":""Kims-MacBook-Pro-16.local""}"
20260919_full,2026-09-19T15:50:05.396+07:00,transformer,cpu,Apple M1 Pro,gpt,synthetic_markov,16,256,fp32,config,,,,,1272.609375,process_rss (snapshot after work; includes Python/torch baseline),,,ok,,,"{""n_params"": 4273664, ""d_model"": 256, ""n_layers"": 4, ""n_heads"": 4, ""tokens_per_step"": 4096, ""entropy_floor_loss"": 1.3862943611198906, ""process_rss_mb"": 1272.609375}","{""torch"":""2.14.0"",""device_name"":""Apple M1 Pro"",""seed"":1234,""git_commit"":""fd532446b10740da6a025ff593b3b290f44a5141"",""code_sha256"":""0176831a9269ba58"",""hostname"":""Kims-MacBook-Pro-16.local""}"
20260919_full,2026-09-19T15:50:05.949+07:00,transformer,cpu,Apple M1 Pro,gpt,synthetic_markov,16,512,fp32,warmup,0,423.9920420004637,19321.117352459743,tokens/s,,,8.365612030029297,,ok,,,"{""n_params"": 4339200, ""d_model"": 256, ""n_layers"": 4, ""n_heads"": 4, ""tokens_per_step"": 8192, ""entropy_floor_loss"": 1.3862943611198906, ""step_ms"": 423.9920420004637}","{""torch"":""2.14.0"",""device_name"":""Apple M1 Pro"",""seed"":1234,""git_commit"":""fd532446b10740da6a025ff593b3b290f44a5141"",""code_sha256"":""0176831a9269ba58"",""hostname"":""Kims-MacBook-Pro-16.local""}"
20260919_full,2026-09-19T15:50:06.251+07:00,transformer,cpu,Apple M1 Pro,gpt,synthetic_markov,16,512,fp32,warmup,1,301.8433750003169,27139.903269340928,tokens/s,,,8.327529907226562,,ok,,,"{""n_params"": 4339200, ""d_model"": 256, ""n_layers"": 4, ""n_heads"": 4, ""tokens_per_step"": 8192, ""entropy_floor_loss"": 1.3862943611198906, ""step_ms"": 301.8433750003169}","{""torch"":""2.14.0"",""device_name"":""Apple M1 Pro"",""seed"":1234,""git_commit"":""fd532446b10740da6a025ff593b3b290f44a5141"",""code_sha256"":""0176831a9269ba58"",""hostname"":""Kims-MacBook-Pro-16.local""}"
20260919_full,2026-09-19T15:50:06.547+07:00,transformer,cpu,Apple M1 Pro,gpt,synthetic_markov,16,512,fp32,warmup,2,295.8317080010602,27691.41974453476,tokens/s,,,8.297154426574707,,ok,,,"{""n_params"": 4339200, ""d_model"": 256, ""n_layers"": 4, ""n_heads"": 4, ""tokens_per_step"": 8192, ""entropy_floor_loss"": 1.3862943611198906, ""step_ms"": 295.8317080010602}","{""torch"":""2.14.0"",""device_name"":""Apple M1 Pro"",""seed"":1234,""git_commit"":""fd532446b10740da6a025ff593b3b290f44a5141"",""code_sha256"":""0176831a9269ba58"",""hostname"":""Kims-MacBook-Pro-16.local""}"
20260919_full,2026-09-19T15:50:06.847+07:00,transformer,cpu,Apple M1 Pro,gpt,synthetic_markov,16,512,fp32,measure,0,300.0191659994016,27304.922246255224,tokens/s,,,8.275205612182617,,ok,,,"{""n_params"": 4339200, ""d_model"": 256, ""n_layers"": 4, ""n_heads"": 4, ""tokens_per_step"": 8192, ""entropy_floor_loss"": 1.3862943611198906, ""step_ms"": 300.0191659994016}","{""torch"":""2.14.0"",""device_name"":""Apple M1 Pro"",""seed"":1234,""git_commit"":""fd532446b10740da6a025ff593b3b290f44a5141"",""code_sha256"":""0176831a9269ba58"",""hostname"":""Kims-MacBook-Pro-16.local""}"
20260919_full,2026-09-19T15:50:07.146+07:00,transformer,cpu,Apple M1 Pro,gpt,synthetic_markov,16,512,fp32,measure,1,298.8974580002832,27407.392671744426,tokens/s,,,8.244916915893555,,ok,,,"{""n_params"": 4339200, ""d_model"": 256, ""n_layers"": 4, ""n_heads"": 4, ""tokens_per_step"": 8192, ""entropy_floor_loss"": 1.3862943611198906, ""step_ms"": 298.8974580002832}","{""torch"":""2.14.0"",""device_name"":""Apple M1 Pro"",""seed"":1234,""git_commit"":""fd532446b10740da6a025ff593b3b290f44a5141"",""code_sha256"":""0176831a9269ba58"",""hostname"":""Kims-MacBook-Pro-16.local""}"
20260919_full,2026-09-19T15:50:07.432+07:00,transformer,cpu,Apple M1 Pro,gpt,synthetic_markov,16,512,fp32,measure,2,285.66083399709896,28677.36499041095,tokens/s,,,8.210187911987305,,ok,,,"{""n_params"": 4339200, ""d_model"": 256, ""n_layers"": 4, ""n_heads"": 4, ""tokens_per_step"": 8192, ""entropy_floor_loss"": 1.3862943611198906, ""step_ms"": 285.66083399709896}","{""torch"":""2.14.0"",""device_name"":""Apple M1 Pro"",""seed"":1234,""git_commit"":""fd532446b10740da6a025ff593b3b290f44a5141"",""code_sha256"":""0176831a9269ba58"",""hostname"":""Kims-MacBook-Pro-16.local""}"
20260919_full,2026-09-19T15:50:07.721+07:00,transformer,cpu,Apple M1 Pro,gpt,synthetic_markov,16,512,fp32,measure,3,289.73129099904327,28274.47450274555,tokens/s,,,8.181862831115723,,ok,,,"{""n_params"": 4339200, ""d_model"": 256, ""n_layers"": 4, ""n_heads"": 4, ""tokens_per_step"": 8192, ""entropy_floor_loss"": 1.3862943611198906, ""step_ms"": 289.73129099904327}","{""torch"":""2.14.0"",""device_name"":""Apple M1 Pro"",""seed"":1234,""git_commit"":""fd532446b10740da6a025ff593b3b290f44a5141"",""code_sha256"":""0176831a9269ba58"",""hostname"":""Kims-MacBook-Pro-16.local""}"
20260919_full,2026-09-19T15:50:08.009+07:00,transformer,cpu,Apple M1 Pro,gpt,synthetic_markov,16,512,fp32,measure,4,287.36241700244136,28507.55532144067,tokens/s,,,8.159143447875977,,ok,,,"{""n_params"": 4339200, ""d_model"": 256, ""n_layers"": 4, ""n_heads"": 4, ""tokens_per_step"": 8192, ""entropy_floor_loss"": 1.3862943611198906, ""step_ms"": 287.36241700244136}","{""torch"":""2.14.0"",""device_name"":""Apple M1 Pro"",""seed"":1234,""git_commit"":""fd532446b10740da6a025ff593b3b290f44a5141"",""code_sha256"":""0176831a9269ba58"",""hostname"":""Kims-MacBook-Pro-16.local""}"
20260919_full,2026-09-19T15:50:08.295+07:00,transformer,cpu,Apple M1 Pro,gpt,synthetic_markov,16,512,fp32,measure,5,286.4410410002165,28599.25369421419,tokens/s,,,8.115188598632812,,ok,,,"{""n_params"": 4339200, ""d_model"": 256, ""n_layers"": 4, ""n_heads"": 4, ""tokens_per_step"": 8192, ""entropy_floor_loss"": 1.3862943611198906, ""step_ms"": 286.4410410002165}","{""torch"":""2.14.0"",""device_name"":""Apple M1 Pro"",""seed"":1234,""git_commit"":""fd532446b10740da6a025ff593b3b290f44a5141"",""code_sha256"":""0176831a9269ba58"",""hostname"":""Kims-MacBook-Pro-16.local""}"
20260919_full,2026-09-19T15:50:08.588+07:00,transformer,cpu,Apple M1 Pro,gpt,synthetic_markov,16,512,fp32,measure,6,292.776166999829,27980.419594757466,tokens/s,,,8.109375953674316,,ok,,,"{""n_params"": 4339200, ""d_model"": 256, ""n_layers"": 4, ""n_heads"": 4, ""tokens_per_step"": 8192, ""entropy_floor_loss"": 1.3862943611198906, ""step_ms"": 292.776166999829}","{""torch"":""2.14.0"",""device_name"":""Apple M1 Pro"",""seed"":1234,""git_commit"":""fd532446b10740da6a025ff593b3b290f44a5141"",""code_sha256"":""0176831a9269ba58"",""hostname"":""Kims-MacBook-Pro-16.local""}"
20260919_full,2026-09-19T15:50:08.900+07:00,transformer,cpu,Apple M1 Pro,gpt,synthetic_markov,16,512,fp32,measure,7,311.5797089994885,26291.82762351655,tokens/s,,,8.070186614990234,,ok,,,"{""n_params"": 4339200, ""d_model"": 256, ""n_layers"": 4, ""n_heads"": 4, ""tokens_per_step"": 8192, ""entropy_floor_loss"": 1.3862943611198906, ""step_ms"": 311.5797089994885}","{""torch"":""2.14.0"",""device_name"":""Apple M1 Pro"",""seed"":1234,""git_commit"":""fd532446b10740da6a025ff593b3b290f44a5141"",""code_sha256"":""0176831a9269ba58"",""hostname"":""Kims-MacBook-Pro-16.local""}"
20260919_full,2026-09-19T15:50:09.218+07:00,transformer,cpu,Apple M1 Pro,gpt,synthetic_markov,16,512,fp32,measure,8,317.3517079994781,25813.63135443869,tokens/s,,,8.044516563415527,,ok,,,"{""n_params"": 4339200, ""d_model"": 256, ""n_layers"": 4, ""n_heads"": 4, ""tokens_per_step"": 8192, ""entropy_floor_loss"": 1.3862943611198906, ""step_ms"": 317.3517079994781}","{""torch"":""2.14.0"",""device_name"":""Apple M1 Pro"",""seed"":1234,""git_commit"":""fd532446b10740da6a025ff593b3b290f44a5141"",""code_sha256"":""0176831a9269ba58"",""hostname"":""Kims-MacBook-Pro-16.local""}"
20260919_full,2026-09-19T15:50:09.509+07:00,transformer,cpu,Apple M1 Pro,gpt,synthetic_markov,16,512,fp32,measure,9,291.04212500169524,28147.128186176775,tokens/s,,,8.021337509155273,,ok,,,"{""n_params"": 4339200, ""d_model"": 256, ""n_layers"": 4, ""n_heads"": 4, ""tokens_per_step"": 8192, ""entropy_floor_loss"": 1.3862943611198906, ""step_ms"": 291.04212500169524}","{""torch"":""2.14.0"",""device_name"":""Apple M1 Pro"",""seed"":1234,""git_commit"":""fd532446b10740da6a025ff593b3b290f44a5141"",""code_sha256"":""0176831a9269ba58"",""hostname"":""Kims-MacBook-Pro-16.local""}"
20260919_full,2026-09-19T15:50:09.804+07:00,transformer,cpu,Apple M1 Pro,gpt,synthetic_markov,16,512,fp32,measure,10,294.81695800132,27786.73267486642,tokens/s,,,7.993056297302246,,ok,,,"{""n_params"": 4339200, ""d_model"": 256, ""n_layers"": 4, ""n_heads"": 4, ""tokens_per_step"": 8192, ""entropy_floor_loss"": 1.3862943611198906, ""step_ms"": 294.81695800132}","{""torch"":""2.14.0"",""device_name"":""Apple M1 Pro"",""seed"":1234,""git_commit"":""fd532446b10740da6a025ff593b3b290f44a5141"",""code_sha256"":""0176831a9269ba58"",""hostname"":""Kims-MacBook-Pro-16.local""}"
20260919_full,2026-09-19T15:50:10.113+07:00,transformer,cpu,Apple M1 Pro,gpt,synthetic_markov,16,512,fp32,measure,11,309.49854199934634,26468.622265811195,tokens/s,,,7.9653239250183105,,ok,,,"{""n_params"": 4339200, ""d_model"": 256, ""n_layers"": 4, ""n_heads"": 4, ""tokens_per_step"": 8192, ""entropy_floor_loss"": 1.3862943611198906, ""step_ms"": 309.49854199934634}","{""torch"":""2.14.0"",""device_name"":""Apple M1 Pro"",""seed"":1234,""git_commit"":""fd532446b10740da6a025ff593b3b290f44a5141"",""code_sha256"":""0176831a9269ba58"",""hostname"":""Kims-MacBook-Pro-16.local""}"
20260919_full,2026-09-19T15:50:10.402+07:00,transformer,cpu,Apple M1 Pro,gpt,synthetic_markov,16,512,fp32,measure,12,288.68558300018776,28376.8933483411,tokens/s,,,7.946084022521973,,ok,,,"{""n_params"": 4339200, ""d_model"": 256, ""n_layers"": 4, ""n_heads"": 4, ""tokens_per_step"": 8192, ""entropy_floor_loss"": 1.3862943611198906, ""step_ms"": 288.68558300018776}","{""torch"":""2.14.0"",""device_name"":""Apple M1 Pro"",""seed"":1234,""git_commit"":""fd532446b10740da6a025ff593b3b290f44a5141"",""code_sha256"":""0176831a9269ba58"",""hostname"":""Kims-MacBook-Pro-16.local""}"
20260919_full,2026-09-19T15:50:10.689+07:00,transformer,cpu,Apple M1 Pro,gpt,synthetic_markov,16,512,fp32,measure,13,286.7602500009525,28567.41825260924,tokens/s,,,7.912240505218506,,ok,,,"{""n_params"": 4339200, ""d_model"": 256, ""n_layers"": 4, ""n_heads"": 4, ""tokens_per_step"": 8192, ""entropy_floor_loss"": 1.3862943611198906, ""step_ms"": 286.7602500009525}","{""torch"":""2.14.0"",""device_name"":""Apple M1 Pro"",""seed"":1234,""git_commit"":""fd532446b10740da6a025ff593b3b290f44a5141"",""code_sha256"":""0176831a9269ba58"",""hostname"":""Kims-MacBook-Pro-16.local""}"
20260919_full,2026-09-19T15:50:10.980+07:00,transformer,cpu,Apple M1 Pro,gpt,synthetic_markov,16,512,fp32,measure,14,290.3709999991406,28212.183723664708,tokens/s,,,7.886265277862549,,ok,,,"{""n_params"": 4339200, ""d_model"": 256, ""n_layers"": 4, ""n_heads"": 4, ""tokens_per_step"": 8192, ""entropy_floor_loss"": 1.3862943611198906, ""step_ms"": 290.3709999991406}","{""torch"":""2.14.0"",""device_name"":""Apple M1 Pro"",""seed"":1234,""git_commit"":""fd532446b10740da6a025ff593b3b290f44a5141"",""code_sha256"":""0176831a9269ba58"",""hostname"":""Kims-MacBook-Pro-16.local""}"
20260919_full,2026-09-19T15:50:11.290+07:00,transformer,cpu,Apple M1 Pro,gpt,synthetic_markov,16,512,fp32,measure,15,310.56504199659685,26377.72734282749,tokens/s,,,7.864110946655273,,ok,,,"{""n_params"": 4339200, ""d_model"": 256, ""n_layers"": 4, ""n_heads"": 4, ""tokens_per_step"": 8192, ""entropy_floor_loss"": 1.3862943611198906, ""step_ms"": 310.56504199659685}","{""torch"":""2.14.0"",""device_name"":""Apple M1 Pro"",""seed"":1234,""git_commit"":""fd532446b10740da6a025ff593b3b290f44a5141"",""code_sha256"":""0176831a9269ba58"",""hostname"":""Kims-MacBook-Pro-16.local""}"
20260919_full,2026-09-19T15:50:11.583+07:00,transformer,cpu,Apple M1 Pro,gpt,synthetic_markov,16,512,fp32,measure,16,292.13216599964653,28042.10201217593,tokens/s,,,7.852682590484619,,ok,,,"{""n_params"": 4339200, ""d_model"": 256, ""n_layers"": 4, ""n_heads"": 4, ""tokens_per_step"": 8192, ""entropy_floor_loss"": 1.3862943611198906, ""step_ms"": 292.13216599964653}","{""torch"":""2.14.0"",""device_name"":""Apple M1 Pro"",""seed"":1234,""git_commit"":""fd532446b10740da6a025ff593b3b290f44a5141"",""code_sha256"":""0176831a9269ba58"",""hostname"":""Kims-MacBook-Pro-16.local""}"
20260919_full,2026-09-19T15:50:11.870+07:00,transformer,cpu,Apple M1 Pro,gpt,synthetic_markov,16,512,fp32,measure,17,286.87904099933803,28555.589043602886,tokens/s,,,7.8211283683776855,,ok,,,"{""n_params"": 4339200, ""d_model"": 256, ""n_layers"": 4, ""n_heads"": 4, ""tokens_per_step"": 8192, ""entropy_floor_loss"": 1.3862943611198906, ""step_ms"": 286.87904099933803}","{""torch"":""2.14.0"",""device_name"":""Apple M1 Pro"",""seed"":1234,""git_commit"":""fd532446b10740da6a025ff593b3b290f44a5141"",""code_sha256"":""0176831a9269ba58"",""hostname"":""Kims-MacBook-Pro-16.local""}"
20260919_full,2026-09-19T15:50:12.162+07:00,transformer,cpu,Apple M1 Pro,gpt,synthetic_markov,16,512,fp32,measure,18,292.33570900032646,28022.577289696936,tokens/s,,,7.793489933013916,,ok,,,"{""n_params"": 4339200, ""d_model"": 256, ""n_layers"": 4, ""n_heads"": 4, ""tokens_per_step"": 8192, ""entropy_floor_loss"": 1.3862943611198906, ""step_ms"": 292.33570900032646}","{""torch"":""2.14.0"",""device_name"":""Apple M1 Pro"",""seed"":1234,""git_commit"":""fd532446b10740da6a025ff593b3b290f44a5141"",""code_sha256"":""0176831a9269ba58"",""hostname"":""Kims-MacBook-Pro-16.local""}"
20260919_full,2026-09-19T15:50:12.446+07:00,transformer,cpu,Apple M1 Pro,gpt,synthetic_markov,16,512,fp32,measure,19,283.6007919977419,28885.673916119482,tokens/s,,,7.752979278564453,,ok,,,"{""n_params"": 4339200, ""d_model"": 256, ""n_layers"": 4, ""n_heads"": 4, ""tokens_per_step"": 8192, ""entropy_floor_loss"": 1.3862943611198906, ""step_ms"": 283.6007919977419}","{""torch"":""2.14.0"",""device_name"":""Apple M1 Pro"",""seed"":1234,""git_commit"":""fd532446b10740da6a025ff593b3b290f44a5141"",""code_sha256"":""0176831a9269ba58"",""hostname"":""Kims-MacBook-Pro-16.local""}"
20260919_full,2026-09-19T15:50:12.446+07:00,transformer,cpu,Apple M1 Pro,gpt,synthetic_markov,16,512,fp32,config,,,,,1806.171875,process_rss (snapshot after work; includes Python/torch baseline),,,ok,,,"{""n_params"": 4339200, ""d_model"": 256, ""n_layers"": 4, ""n_heads"": 4, ""tokens_per_step"": 8192, ""entropy_floor_loss"": 1.3862943611198906, ""process_rss_mb"": 1806.171875}","{""torch"":""2.14.0"",""device_name"":""Apple M1 Pro"",""seed"":1234,""git_commit"":""fd532446b10740da6a025ff593b3b290f44a5141"",""code_sha256"":""0176831a9269ba58"",""hostname"":""Kims-MacBook-Pro-16.local""}"
20260919_full,2026-09-19T15:50:12.729+07:00,transformer,cpu,Apple M1 Pro,gpt,synthetic_markov,32,128,fp32,warmup,0,165.5295839991595,24744.82144545713,tokens/s,,,8.368165016174316,,ok,,,"{""n_params"": 4240896, ""d_model"": 256, ""n_layers"": 4, ""n_heads"": 4, ""tokens_per_step"": 4096, ""entropy_floor_loss"": 1.3862943611198906, ""step_ms"": 165.5295839991595}","{""torch"":""2.14.0"",""device_name"":""Apple M1 Pro"",""seed"":1234,""git_commit"":""fd532446b10740da6a025ff593b3b290f44a5141"",""code_sha256"":""0176831a9269ba58"",""hostname"":""Kims-MacBook-Pro-16.local""}"
20260919_full,2026-09-19T15:50:12.871+07:00,transformer,cpu,Apple M1 Pro,gpt,synthetic_markov,32,128,fp32,warmup,1,141.68429100027424,28909.34464987422,tokens/s,,,8.33637809753418,,ok,,,"{""n_params"": 4240896, ""d_model"": 256, ""n_layers"": 4, ""n_heads"": 4, ""tokens_per_step"": 4096, ""entropy_floor_loss"": 1.3862943611198906, ""step_ms"": 141.68429100027424}","{""torch"":""2.14.0"",""device_name"":""Apple M1 Pro"",""seed"":1234,""git_commit"":""fd532446b10740da6a025ff593b3b290f44a5141"",""code_sha256"":""0176831a9269ba58"",""hostname"":""Kims-MacBook-Pro-16.local""}"
20260919_full,2026-09-19T15:50:13.014+07:00,transformer,cpu,Apple M1 Pro,gpt,synthetic_markov,32,128,fp32,warmup,2,143.08362499650684,28626.616079233365,tokens/s,,,8.325089454650879,,ok,,,"{""n_params"": 4240896, ""d_model"": 256, ""n_layers"": 4, ""n_heads"": 4, ""tokens_per_step"": 4096, ""entropy_floor_loss"": 1.3862943611198906, ""step_ms"": 143.08362499650684}","{""torch"":""2.14.0"",""device_name"":""Apple M1 Pro"",""seed"":1234,""git_commit"":""fd532446b10740da6a025ff593b3b290f44a5141"",""code_sha256"":""0176831a9269ba58"",""hostname"":""Kims-MacBook-Pro-16.local""}"
20260919_full,2026-09-19T15:50:13.166+07:00,transformer,cpu,Apple M1 Pro,gpt,synthetic_markov,32,128,fp32,measure,0,151.62004100056947,27014.89837998801,tokens/s,,,8.302081108093262,,ok,,,"{""n_params"": 4240896, ""d_model"": 256, ""n_layers"": 4, ""n_heads"": 4, ""tokens_per_step"": 4096, ""entropy_floor_loss"": 1.3862943611198906, ""step_ms"": 151.62004100056947}","{""torch"":""2.14.0"",""device_name"":""Apple M1 Pro"",""seed"":1234,""git_commit"":""fd532446b10740da6a025ff593b3b290f44a5141"",""code_sha256"":""0176831a9269ba58"",""hostname"":""Kims-MacBook-Pro-16.local""}"
20260919_full,2026-09-19T15:50:13.317+07:00,transformer,cpu,Apple M1 Pro,gpt,synthetic_markov,32,128,fp32,measure,1,151.04620900092414,27117.529311675342,tokens/s,,,8.292572975158691,,ok,,,"{""n_params"": 4240896, ""d_model"": 256, ""n_layers"": 4, ""n_heads"": 4, ""tokens_per_step"": 4096, ""entropy_floor_loss"": 1.3862943611198906, ""step_ms"": 151.04620900092414}","{""torch"":""2.14.0"",""device_name"":""Apple M1 Pro"",""seed"":1234,""git_commit"":""fd532446b10740da6a025ff593b3b290f44a5141"",""code_sha256"":""0176831a9269ba58"",""hostname"":""Kims-MacBook-Pro-16.local""}"
20260919_full,2026-09-19T15:50:13.467+07:00,transformer,cpu,Apple M1 Pro,gpt,synthetic_markov,32,128,fp32,measure,2,149.71266599968658,27359.074615694673,tokens/s,,,8.273284912109375,,ok,,,"{""n_params"": 4240896, ""d_model"": 256, ""n_layers"": 4, ""n_heads"": 4, ""tokens_per_step"": 4096, ""entropy_floor_loss"": 1.3862943611198906, ""step_ms"": 149.71266599968658}","{""torch"":""2.14.0"",""device_name"":""Apple M1 Pro"",""seed"":1234,""git_commit"":""fd532446b10740da6a025ff593b3b290f44a5141"",""code_sha256"":""0176831a9269ba58"",""hostname"":""Kims-MacBook-Pro-16.local""}"
20260919_full,2026-09-19T15:50:13.610+07:00,transformer,cpu,Apple M1 Pro,gpt,synthetic_markov,32,128,fp32,measure,3,142.72025000173016,28699.501296770046,tokens/s,,,8.26712703704834,,ok,,,"{""n_params"": 4240896, ""d_model"": 256, ""n_layers"": 4, ""n_heads"": 4, ""tokens_per_step"": 4096, ""entropy_floor_loss"": 1.3862943611198906, ""step_ms"": 142.72025000173016}","{""torch"":""2.14.0"",""device_name"":""Apple M1 Pro"",""seed"":1234,""git_commit"":""fd532446b10740da6a025ff593b3b290f44a5141"",""code_sha256"":""0176831a9269ba58"",""hostname"":""Kims-MacBook-Pro-16.local""}"
20260919_full,2026-09-19T15:50:13.746+07:00,transformer,cpu,Apple M1 Pro,gpt,synthetic_markov,32,128,fp32,measure,4,135.85074999718927,30150.735274444534,tokens/s,,,8.240314483642578,,ok,,,"{""n_params"": 4240896, ""d_model"": 256, ""n_layers"": 4, ""n_heads"": 4, ""tokens_per_step"": 4096, ""entropy_floor_loss"": 1.3862943611198906, ""step_ms"": 135.85074999718927}","{""torch"":""2.14.0"",""device_name"":""Apple M1 Pro"",""seed"":1234,""git_commit"":""fd532446b10740da6a025ff593b3b290f44a5141"",""code_sha256"":""0176831a9269ba58"",""hostname"":""Kims-MacBook-Pro-16.local""}"
20260919_full,2026-09-19T15:50:13.885+07:00,transformer,cpu,Apple M1 Pro,gpt,synthetic_markov,32,128,fp32,measure,5,139.34395899923402,29394.88751013968,tokens/s,,,8.231390953063965,,ok,,,"{""n_params"": 4240896, ""d_model"": 256, ""n_layers"": 4, ""n_heads"": 4, ""tokens_per_step"": 4096, ""entropy_floor_loss"": 1.3862943611198906, ""step_ms"": 139.34395899923402}","{""torch"":""2.14.0"",""device_name"":""Apple M1 Pro"",""seed"":1234,""git_commit"":""fd532446b10740da6a025ff593b3b290f44a5141"",""code_sha256"":""0176831a9269ba58"",""hostname"":""Kims-MacBook-Pro-16.local""}"
20260919_full,2026-09-19T15:50:14.081+07:00,transformer,cpu,Apple M1 Pro,gpt,synthetic_markov,32,128,fp32,measure,6,195.94133300051908,20904.21626349326,tokens/s,,,8.212105751037598,,ok,,,"{""n_params"": 4240896, ""d_model"": 256, ""n_layers"": 4, ""n_heads"": 4, ""tokens_per_step"": 4096, ""entropy_floor_loss"": 1.3862943611198906, ""step_ms"": 195.94133300051908}","{""torch"":""2.14.0"",""device_name"":""Apple M1 Pro"",""seed"":1234,""git_commit"":""fd532446b10740da6a025ff593b3b290f44a5141"",""code_sha256"":""0176831a9269ba58"",""hostname"":""Kims-MacBook-Pro-16.local""}"
20260919_full,2026-09-19T15:50:14.253+07:00,transformer,cpu,Apple M1 Pro,gpt,synthetic_markov,32,128,fp32,measure,7,171.56954100209987,23873.701451179313,tokens/s,,,8.198431015014648,,ok,,,"{""n_params"": 4240896, ""d_model"": 256, ""n_layers"": 4, ""n_heads"": 4, ""tokens_per_step"": 4096, ""entropy_floor_loss"": 1.3862943611198906, ""step_ms"": 171.56954100209987}","{""torch"":""2.14.0"",""device_name"":""Apple M1 Pro"",""seed"":1234,""git_commit"":""fd532446b10740da6a025ff593b3b290f44a5141"",""code_sha256"":""0176831a9269ba58"",""hostname"":""Kims-MacBook-Pro-16.local""}"
20260919_full,2026-09-19T15:50:14.418+07:00,transformer,cpu,Apple M1 Pro,gpt,synthetic_markov,32,128,fp32,measure,8,164.36995799813303,24919.395550654845,tokens/s,,,8.175413131713867,,ok,,,"{""n_params"": 4240896, ""d_model"": 256, ""n_layers"": 4, ""n_heads"": 4, ""tokens_per_step"": 4096, ""entropy_floor_loss"": 1.3862943611198906, ""step_ms"": 164.36995799813303}","{""torch"":""2.14.0"",""device_name"":""Apple M1 Pro"",""seed"":1234,""git_commit"":""fd532446b10740da6a025ff593b3b290f44a5141"",""code_sha256"":""0176831a9269ba58"",""hostname"":""Kims-MacBook-Pro-16.local""}"
20260919_full,2026-09-19T15:50:14.573+07:00,transformer,cpu,Apple M1 Pro,gpt,synthetic_markov,32,128,fp32,measure,9,155.7064589978836,26305.909378208093,tokens/s,,,8.168388366699219,,ok,,,"{""n_params"": 4240896, ""d_model"": 256, ""n_layers"": 4, ""n_heads"": 4, ""tokens_per_step"": 4096, ""entropy_floor_loss"": 1.3862943611198906, ""step_ms"": 155.7064589978836}","{""torch"":""2.14.0"",""device_name"":""Apple M1 Pro"",""seed"":1234,""git_commit"":""fd532446b10740da6a025ff593b3b290f44a5141"",""code_sha256"":""0176831a9269ba58"",""hostname"":""Kims-MacBook-Pro-16.local""}"
20260919_full,2026-09-19T15:50:14.778+07:00,transformer,cpu,Apple M1 Pro,gpt,synthetic_markov,32,128,fp32,measure,10,204.57208300285856,20022.282316706747,tokens/s,,,8.149539947509766,,ok,,,"{""n_params"": 4240896, ""d_model"": 256, ""n_layers"": 4, ""n_heads"": 4, ""tokens_per_step"": 4096, ""entropy_floor_loss"": 1.3862943611198906, ""step_ms"": 204.57208300285856}","{""torch"":""2.14.0"",""device_name"":""Apple M1 Pro"",""seed"":1234,""git_commit"":""fd532446b10740da6a025ff593b3b290f44a5141"",""code_sha256"":""0176831a9269ba58"",""hostname"":""Kims-MacBook-Pro-16.local""}"
20260919_full,2026-09-19T15:50:14.951+07:00,transformer,cpu,Apple M1 Pro,gpt,synthetic_markov,32,128,fp32,measure,11,172.39933400196605,23758.79247859095,tokens/s,,,8.131224632263184,,ok,,,"{""n_params"": 4240896, ""d_model"": 256, ""n_layers"": 4, ""n_heads"": 4, ""tokens_per_step"": 4096, ""entropy_floor_loss"": 1.3862943611198906, ""step_ms"": 172.39933400196605}","{""torch"":""2.14.0"",""device_name"":""Apple M1 Pro"",""seed"":1234,""git_commit"":""fd532446b10740da6a025ff593b3b290f44a5141"",""code_sha256"":""0176831a9269ba58"",""hostname"":""Kims-MacBook-Pro-16.local""}"
20260919_full,2026-09-19T15:50:15.102+07:00,transformer,cpu,Apple M1 Pro,gpt,synthetic_markov,32,128,fp32,measure,12,150.78654100216227,27164.22813851313,tokens/s,,,8.116076469421387,,ok,,,"{""n_params"": 4240896, ""d_model"": 256, ""n_layers"": 4, ""n_heads"": 4, ""tokens_per_step"": 4096, ""entropy_floor_loss"": 1.3862943611198906, ""step_ms"": 150.78654100216227}","{""torch"":""2.14.0"",""device_name"":""Apple M1 Pro"",""seed"":1234,""git_commit"":""fd532446b10740da6a025ff593b3b290f44a5141"",""code_sha256"":""0176831a9269ba58"",""hostname"":""Kims-MacBook-Pro-16.local""}"
20260919_full,2026-09-19T15:50:15.258+07:00,transformer,cpu,Apple M1 Pro,gpt,synthetic_markov,32,128,fp32,measure,13,156.24920800109976,26214.53287603973,tokens/s,,,8.09229564666748,,ok,,,"{""n_params"": 4240896, ""d_model"": 256, ""n_layers"": 4, ""n_heads"": 4, ""tokens_per_step"": 4096, ""entropy_floor_loss"": 1.3862943611198906, ""step_ms"": 156.24920800109976}","{""torch"":""2.14.0"",""device_name"":""Apple M1 Pro"",""seed"":1234,""git_commit"":""fd532446b10740da6a025ff593b3b290f44a5141"",""code_sha256"":""0176831a9269ba58"",""hostname"":""Kims-MacBook-Pro-16.local""}"
20260919_full,2026-09-19T15:50:15.428+07:00,transformer,cpu,Apple M1 Pro,gpt,synthetic_markov,32,128,fp32,measure,14,169.20666700025322,24207.083991518313,tokens/s,,,8.08319091796875,,ok,,,"{""n_params"": 4240896, ""d_model"": 256, ""n_layers"": 4, ""n_heads"": 4, ""tokens_per_step"": 4096, ""entropy_floor_loss"": 1.3862943611198906, ""step_ms"": 169.20666700025322}","{""torch"":""2.14.0"",""device_name"":""Apple M1 Pro"",""seed"":1234,""git_commit"":""fd532446b10740da6a025ff593b3b290f44a5141"",""code_sha256"":""0176831a9269ba58"",""hostname"":""Kims-MacBook-Pro-16.local""}"
20260919_full,2026-09-19T15:50:15.585+07:00,transformer,cpu,Apple M1 Pro,gpt,synthetic_markov,32,128,fp32,measure,15,156.79362499940908,26123.51108034805,tokens/s,,,8.064092636108398,,ok,,,"{""n_params"": 4240896, ""d_model"": 256, ""n_layers"": 4, ""n_heads"": 4, ""tokens_per_step"": 4096, ""entropy_floor_loss"": 1.3862943611198906, ""step_ms"": 156.79362499940908}","{""torch"":""2.14.0"",""device_name"":""Apple M1 Pro"",""seed"":1234,""git_commit"":""fd532446b10740da6a025ff593b3b290f44a5141"",""code_sha256"":""0176831a9269ba58"",""hostname"":""Kims-MacBook-Pro-16.local""}"
20260919_full,2026-09-19T15:50:15.723+07:00,transformer,cpu,Apple M1 Pro,gpt,synthetic_markov,32,128,fp32,measure,16,138.3377499987546,29608.69321668796,tokens/s,,,8.036686897277832,,ok,,,"{""n_params"": 4240896, ""d_model"": 256, ""n_layers"": 4, ""n_heads"": 4, ""tokens_per_step"": 4096, ""entropy_floor_loss"": 1.3862943611198906, ""step_ms"": 138.3377499987546}","{""torch"":""2.14.0"",""device_name"":""Apple M1 Pro"",""seed"":1234,""git_commit"":""fd532446b10740da6a025ff593b3b290f44a5141"",""code_sha256"":""0176831a9269ba58"",""hostname"":""Kims-MacBook-Pro-16.local""}"
20260919_full,2026-09-19T15:50:15.859+07:00,transformer,cpu,Apple M1 Pro,gpt,synthetic_markov,32,128,fp32,measure,17,136.1485419984092,30084.78783450989,tokens/s,,,8.025151252746582,,ok,,,"{""n_params"": 4240896, ""d_model"": 256, ""n_layers"": 4, ""n_heads"": 4, ""tokens_per_step"": 4096, ""entropy_floor_loss"": 1.3862943611198906, ""step_ms"": 136.1485419984092}","{""torch"":""2.14.0"",""device_name"":""Apple M1 Pro"",""seed"":1234,""git_commit"":""fd532446b10740da6a025ff593b3b290f44a5141"",""code_sha256"":""0176831a9269ba58"",""hostname"":""Kims-MacBook-Pro-16.local""}"
20260919_full,2026-09-19T15:50:15.998+07:00,transformer,cpu,Apple M1 Pro,gpt,synthetic_markov,32,128,fp32,measure,18,138.66187500025262,29539.482283739042,tokens/s,,,8.008234024047852,,ok,,,"{""n_params"": 4240896, ""d_model"": 256, ""n_layers"": 4, ""n_heads"": 4, ""tokens_per_step"": 4096, ""entropy_floor_loss"": 1.3862943611198906, ""step_ms"": 138.66187500025262}","{""torch"":""2.14.0"",""device_name"":""Apple M1 Pro"",""seed"":1234,""git_commit"":""fd532446b10740da6a025ff593b3b290f44a5141"",""code_sha256"":""0176831a9269ba58"",""hostname"":""Kims-MacBook-Pro-16.local""}"
20260919_full,2026-09-19T15:50:16.135+07:00,transformer,cpu,Apple M1 Pro,gpt,synthetic_markov,32,128,fp32,measure,19,136.78508299926762,29944.785719228836,tokens/s,,,7.985576152801514,,ok,,,"{""n_params"": 4240896, ""d_model"": 256, ""n_layers"": 4, ""n_heads"": 4, ""tokens_per_step"": 4096, ""entropy_floor_loss"": 1.3862943611198906, ""step_ms"": 136.78508299926762}","{""torch"":""2.14.0"",""device_name"":""Apple M1 Pro"",""seed"":1234,""git_commit"":""fd532446b10740da6a025ff593b3b290f44a5141"",""code_sha256"":""0176831a9269ba58"",""hostname"":""Kims-MacBook-Pro-16.local""}"
20260919_full,2026-09-19T15:50:16.135+07:00,transformer,cpu,Apple M1 Pro,gpt,synthetic_markov,32,128,fp32,config,,,,,1494.203125,process_rss (snapshot after work; includes Python/torch baseline),,,ok,,,"{""n_params"": 4240896, ""d_model"": 256, ""n_layers"": 4, ""n_heads"": 4, ""tokens_per_step"": 4096, ""entropy_floor_loss"": 1.3862943611198906, ""process_rss_mb"": 1494.203125}","{""torch"":""2.14.0"",""device_name"":""Apple M1 Pro"",""seed"":1234,""git_commit"":""fd532446b10740da6a025ff593b3b290f44a5141"",""code_sha256"":""0176831a9269ba58"",""hostname"":""Kims-MacBook-Pro-16.local""}"
20260919_full,2026-09-19T15:50:16.585+07:00,transformer,cpu,Apple M1 Pro,gpt,synthetic_markov,32,256,fp32,warmup,0,325.47716699991724,25169.200271434347,tokens/s,,,8.377711296081543,,ok,,,"{""n_params"": 4273664, ""d_model"": 256, ""n_layers"": 4, ""n_heads"": 4, ""tokens_per_step"": 8192, ""entropy_floor_loss"": 1.3862943611198906, ""step_ms"": 325.47716699991724}","{""torch"":""2.14.0"",""device_name"":""Apple M1 Pro"",""seed"":1234,""git_commit"":""fd532446b10740da6a025ff593b3b290f44a5141"",""code_sha256"":""0176831a9269ba58"",""hostname"":""Kims-MacBook-Pro-16.local""}"
20260919_full,2026-09-19T15:50:16.840+07:00,transformer,cpu,Apple M1 Pro,gpt,synthetic_markov,32,256,fp32,warmup,1,254.4224999983271,32198.410125102397,tokens/s,,,8.330018043518066,,ok,,,"{""n_params"": 4273664, ""d_model"": 256, ""n_layers"": 4, ""n_heads"": 4, ""tokens_per_step"": 8192, ""entropy_floor_loss"": 1.3862943611198906, ""step_ms"": 254.4224999983271}","{""torch"":""2.14.0"",""device_name"":""Apple M1 Pro"",""seed"":1234,""git_commit"":""fd532446b10740da6a025ff593b3b290f44a5141"",""code_sha256"":""0176831a9269ba58"",""hostname"":""Kims-MacBook-Pro-16.local""}"
20260919_full,2026-09-19T15:50:17.095+07:00,transformer,cpu,Apple M1 Pro,gpt,synthetic_markov,32,256,fp32,warmup,2,255.14129200018942,32107.69976031131,tokens/s,,,8.301959037780762,,ok,,,"{""n_params"": 4273664, ""d_model"": 256, ""n_layers"": 4, ""n_heads"": 4, ""tokens_per_step"": 8192, ""entropy_floor_loss"": 1.3862943611198906, ""step_ms"": 255.14129200018942}","{""torch"":""2.14.0"",""device_name"":""Apple M1 Pro"",""seed"":1234,""git_commit"":""fd532446b10740da6a025ff593b3b290f44a5141"",""code_sha256"":""0176831a9269ba58"",""hostname"":""Kims-MacBook-Pro-16.local""}"
20260919_full,2026-09-19T15:50:17.352+07:00,transformer,cpu,Apple M1 Pro,gpt,synthetic_markov,32,256,fp32,measure,0,256.1959590020706,31975.523860365774,tokens/s,,,8.280314445495605,,ok,,,"{""n_params"": 4273664, ""d_model"": 256, ""n_layers"": 4, ""n_heads"": 4, ""tokens_per_step"": 8192, ""entropy_floor_loss"": 1.3862943611198906, ""step_ms"": 256.1959590020706}","{""torch"":""2.14.0"",""device_name"":""Apple M1 Pro"",""seed"":1234,""git_commit"":""fd532446b10740da6a025ff593b3b290f44a5141"",""code_sha256"":""0176831a9269ba58"",""hostname"":""Kims-MacBook-Pro-16.local""}"
20260919_full,2026-09-19T15:50:17.604+07:00,transformer,cpu,Apple M1 Pro,gpt,synthetic_markov,32,256,fp32,measure,1,251.9255000006524,32517.549831115888,tokens/s,,,8.254743576049805,,ok,,,"{""n_params"": 4273664, ""d_model"": 256, ""n_layers"": 4, ""n_heads"": 4, ""tokens_per_step"": 8192, ""entropy_floor_loss"": 1.3862943611198906, ""step_ms"": 251.9255000006524}","{""torch"":""2.14.0"",""device_name"":""Apple M1 Pro"",""seed"":1234,""git_commit"":""fd532446b10740da6a025ff593b3b290f44a5141"",""code_sha256"":""0176831a9269ba58"",""hostname"":""Kims-MacBook-Pro-16.local""}"
20260919_full,2026-09-19T15:50:17.855+07:00,transformer,cpu,Apple M1 Pro,gpt,synthetic_markov,32,256,fp32,measure,2,251.00250000105007,32637.125128099236,tokens/s,,,8.236943244934082,,ok,,,"{""n_params"": 4273664, ""d_model"": 256, ""n_layers"": 4, ""n_heads"": 4, ""tokens_per_step"": 8192, ""entropy_floor_loss"": 1.3862943611198906, ""step_ms"": 251.00250000105007}","{""torch"":""2.14.0"",""device_name"":""Apple M1 Pro"",""seed"":1234,""git_commit"":""fd532446b10740da6a025ff593b3b290f44a5141"",""code_sha256"":""0176831a9269ba58"",""hostname"":""Kims-MacBook-Pro-16.local""}"
20260919_full,2026-09-19T15:50:18.109+07:00,transformer,cpu,Apple M1 Pro,gpt,synthetic_markov,32,256,fp32,measure,3,253.74141700012842,32284.83586499343,tokens/s,,,8.196625709533691,,ok,,,"{""n_params"": 4273664, ""d_model"": 256, ""n_layers"": 4, ""n_heads"": 4, ""tokens_per_step"": 8192, ""entropy_floor_loss"": 1.3862943611198906, ""step_ms"": 253.74141700012842}","{""torch"":""2.14.0"",""device_name"":""Apple M1 Pro"",""seed"":1234,""git_commit"":""fd532446b10740da6a025ff593b3b290f44a5141"",""code_sha256"":""0176831a9269ba58"",""hostname"":""Kims-MacBook-Pro-16.local""}"
20260919_full,2026-09-19T15:50:18.373+07:00,transformer,cpu,Apple M1 Pro,gpt,synthetic_markov,32,256,fp32,measure,4,263.92150000174297,31039.532588083574,tokens/s,,,8.16736125946045,,ok,,,"{""n_params"": 4273664, ""d_model"": 256, ""n_layers"": 4, ""n_heads"": 4, ""tokens_per_step"": 8192, ""entropy_floor_loss"": 1.3862943611198906, ""step_ms"": 263.92150000174297}","{""torch"":""2.14.0"",""device_name"":""Apple M1 Pro"",""seed"":1234,""git_commit"":""fd532446b10740da6a025ff593b3b290f44a5141"",""code_sha256"":""0176831a9269ba58"",""hostname"":""Kims-MacBook-Pro-16.local""}"
20260919_full,2026-09-19T15:50:18.629+07:00,transformer,cpu,Apple M1 Pro,gpt,synthetic_markov,32,256,fp32,measure,5,256.340416999592,31957.504383762625,tokens/s,,,8.147969245910645,,ok,,,"{""n_params"": 4273664, ""d_model"": 256, ""n_layers"": 4, ""n_heads"": 4, ""tokens_per_step"": 8192, ""entropy_floor_loss"": 1.3862943611198906, ""step_ms"": 256.340416999592}","{""torch"":""2.14.0"",""device_name"":""Apple M1 Pro"",""seed"":1234,""git_commit"":""fd532446b10740da6a025ff593b3b290f44a5141"",""code_sha256"":""0176831a9269ba58"",""hostname"":""Kims-MacBook-Pro-16.local""}"
20260919_full,2026-09-19T15:50:18.885+07:00,transformer,cpu,Apple M1 Pro,gpt,synthetic_markov,32,256,fp32,measure,6,255.32162500167033,32085.022175252125,tokens/s,,,8.120763778686523,,ok,,,"{""n_params"": 4273664, ""d_model"": 256, ""n_layers"": 4, ""n_heads"": 4, ""tokens_per_step"": 8192, ""entropy_floor_loss"": 1.3862943611198906, ""step_ms"": 255.32162500167033}","{""torch"":""2.14.0"",""device_name"":""Apple M1 Pro"",""seed"":1234,""git_commit"":""fd532446b10740da6a025ff593b3b290f44a5141"",""code_sha256"":""0176831a9269ba58"",""hostname"":""Kims-MacBook-Pro-16.local""}"
20260919_full,2026-09-19T15:50:19.194+07:00,transformer,cpu,Apple M1 Pro,gpt,synthetic_markov,32,256,fp32,measure,7,309.1599170002155,26497.613531169016,tokens/s,,,8.102112770080566,,ok,,,"{""n_params"": 4273664, ""d_model"": 256, ""n_layers"": 4, ""n_heads"": 4, ""tokens_per_step"": 8192, ""entropy_floor_loss"": 1.3862943611198906, ""step_ms"": 309.1599170002155}","{""torch"":""2.14.0"",""device_name"":""Apple M1 Pro"",""seed"":1234,""git_commit"":""fd532446b10740da6a025ff593b3b290f44a5141"",""code_sha256"":""0176831a9269ba58"",""hostname"":""Kims-MacBook-Pro-16.local""}"
20260919_full,2026-09-19T15:50:19.480+07:00,transformer,cpu,Apple M1 Pro,gpt,synthetic_markov,32,256,fp32,measure,8,285.9519999983604,28648.16472711144,tokens/s,,,8.071489334106445,,ok,,,"{""n_params"": 4273664, ""d_model"": 256, ""n_layers"": 4, ""n_heads"": 4, ""tokens_per_step"": 8192, ""entropy_floor_loss"": 1.3862943611198906, ""step_ms"": 285.9519999983604}","{""torch"":""2.14.0"",""device_name"":""Apple M1 Pro"",""seed"":1234,""git_commit"":""fd532446b10740da6a025ff593b3b290f44a5141"",""code_sha256"":""0176831a9269ba58"",""hostname"":""Kims-MacBook-Pro-16.local""}"
20260919_full,2026-09-19T15:50:19.746+07:00,transformer,cpu,Apple M1 Pro,gpt,synthetic_markov,32,256,fp32,measure,9,265.9052079980029,30807.971237861304,tokens/s,,,8.043913841247559,,ok,,,"{""n_params"": 4273664, ""d_model"": 256, ""n_layers"": 4, ""n_heads"": 4, ""tokens_per_step"": 8192, ""entropy_floor_loss"": 1.3862943611198906, ""step_ms"": 265.9052079980029}","{""torch"":""2.14.0"",""device_name"":""Apple M1 Pro"",""seed"":1234,""git_commit"":""fd532446b10740da6a025ff593b3b290f44a5141"",""code_sha256"":""0176831a9269ba58"",""hostname"":""Kims-MacBook-Pro-16.local""}"
20260919_full,2026-09-19T15:50:20.040+07:00,transformer,cpu,Apple M1 Pro,gpt,synthetic_markov,32,256,fp32,measure,10,293.71908299799543,27890.595041984074,tokens/s,,,8.020719528198242,,ok,,,"{""n_params"": 4273664, ""d_model"": 256, ""n_layers"": 4, ""n_heads"": 4, ""tokens_per_step"": 8192, ""entropy_floor_loss"": 1.3862943611198906, ""step_ms"": 293.71908299799543}","{""torch"":""2.14.0"",""device_name"":""Apple M1 Pro"",""seed"":1234,""git_commit"":""fd532446b10740da6a025ff593b3b290f44a5141"",""code_sha256"":""0176831a9269ba58"",""hostname"":""Kims-MacBook-Pro-16.local""}"
20260919_full,2026-09-19T15:50:20.353+07:00,transformer,cpu,Apple M1 Pro,gpt,synthetic_markov,32,256,fp32,measure,11,312.34887500249897,26227.08341733089,tokens/s,,,8.000519752502441,,ok,,,"{""n_params"": 4273664, ""d_model"": 256, ""n_layers"": 4, ""n_heads"": 4, ""tokens_per_step"": 8192, ""entropy_floor_loss"": 1.3862943611198906, ""step_ms"": 312.34887500249897}","{""torch"":""2.14.0"",""device_name"":""Apple M1 Pro"",""seed"":1234,""git_commit"":""fd532446b10740da6a025ff593b3b290f44a5141"",""code_sha256"":""0176831a9269ba58"",""hostname"":""Kims-MacBook-Pro-16.local""}"
20260919_full,2026-09-19T15:50:20.784+07:00,transformer,cpu,Apple M1 Pro,gpt,synthetic_markov,32,256,fp32,measure,12,431.58812500041677,18981.059777750117,tokens/s,,,7.962892532348633,,ok,,,"{""n_params"": 4273664, ""d_model"": 256, ""n_layers"": 4, ""n_heads"": 4, ""tokens_per_step"": 8192, ""entropy_floor_loss"": 1.3862943611198906, ""step_ms"": 431.58812500041677}","{""torch"":""2.14.0"",""device_name"":""Apple M1 Pro"",""seed"":1234,""git_commit"":""fd532446b10740da6a025ff593b3b290f44a5141"",""code_sha256"":""0176831a9269ba58"",""hostname"":""Kims-MacBook-Pro-16.local""}"
20260919_full,2026-09-19T15:50:21.122+07:00,transformer,cpu,Apple M1 Pro,gpt,synthetic_markov,32,256,fp32,measure,13,337.2647500000312,24289.523289935405,tokens/s,,,7.945847034454346,,ok,,,"{""n_params"": 4273664, ""d_model"": 256, ""n_layers"": 4, ""n_heads"": 4, ""tokens_per_step"": 8192, ""entropy_floor_loss"": 1.3862943611198906, ""step_ms"": 337.2647500000312}","{""torch"":""2.14.0"",""device_name"":""Apple M1 Pro"",""seed"":1234,""git_commit"":""fd532446b10740da6a025ff593b3b290f44a5141"",""code_sha256"":""0176831a9269ba58"",""hostname"":""Kims-MacBook-Pro-16.local""}"
20260919_full,2026-09-19T15:50:21.542+07:00,transformer,cpu,Apple M1 Pro,gpt,synthetic_markov,32,256,fp32,measure,14,420.3888750016631,19486.719290484532,tokens/s,,,7.916052341461182,,ok,,,"{""n_params"": 4273664, ""d_model"": 256, ""n_layers"": 4, ""n_heads"": 4, ""tokens_per_step"": 8192, ""entropy_floor_loss"": 1.3862943611198906, ""step_ms"": 420.3888750016631}","{""torch"":""2.14.0"",""device_name"":""Apple M1 Pro"",""seed"":1234,""git_commit"":""fd532446b10740da6a025ff593b3b290f44a5141"",""code_sha256"":""0176831a9269ba58"",""hostname"":""Kims-MacBook-Pro-16.local""}"
20260919_full,2026-09-19T15:50:21.864+07:00,transformer,cpu,Apple M1 Pro,gpt,synthetic_markov,32,256,fp32,measure,15,321.44474999950035,25484.939480307996,tokens/s,,,7.8977885246276855,,ok,,,"{""n_params"": 4273664, ""d_model"": 256, ""n_layers"": 4, ""n_heads"": 4, ""tokens_per_step"": 8192, ""entropy_floor_loss"": 1.3862943611198906, ""step_ms"": 321.44474999950035}","{""torch"":""2.14.0"",""device_name"":""Apple M1 Pro"",""seed"":1234,""git_commit"":""fd532446b10740da6a025ff593b3b290f44a5141"",""code_sha256"":""0176831a9269ba58"",""hostname"":""Kims-MacBook-Pro-16.local""}"
20260919_full,2026-09-19T15:50:22.204+07:00,transformer,cpu,Apple M1 Pro,gpt,synthetic_markov,32,256,fp32,measure,16,339.65475000150036,24118.608675320495,tokens/s,,,7.856263160705566,,ok,,,"{""n_params"": 4273664, ""d_model"": 256, ""n_layers"": 4, ""n_heads"": 4, ""tokens_per_step"": 8192, ""entropy_floor_loss"": 1.3862943611198906, ""step_ms"": 339.65475000150036}","{""torch"":""2.14.0"",""device_name"":""Apple M1 Pro"",""seed"":1234,""git_commit"":""fd532446b10740da6a025ff593b3b290f44a5141"",""code_sha256"":""0176831a9269ba58"",""hostname"":""Kims-MacBook-Pro-16.local""}"
20260919_full,2026-09-19T15:50:22.652+07:00,transformer,cpu,Apple M1 Pro,gpt,synthetic_markov,32,256,fp32,measure,17,448.54741699964507,18263.39800326279,tokens/s,,,7.834067344665527,,ok,,,"{""n_params"": 4273664, ""d_model"": 256, ""n_layers"": 4, ""n_heads"": 4, ""tokens_per_step"": 8192, ""entropy_floor_loss"": 1.3862943611198906, ""step_ms"": 448.54741699964507}","{""torch"":""2.14.0"",""device_name"":""Apple M1 Pro"",""seed"":1234,""git_commit"":""fd532446b10740da6a025ff593b3b290f44a5141"",""code_sha256"":""0176831a9269ba58"",""hostname"":""Kims-MacBook-Pro-16.local""}"
20260919_full,2026-09-19T15:50:23.006+07:00,transformer,cpu,Apple M1 Pro,gpt,synthetic_markov,32,256,fp32,measure,18,353.3699580002576,23182.50268460577,tokens/s,,,7.805290222167969,,ok,,,"{""n_params"": 4273664, ""d_model"": 256, ""n_layers"": 4, ""n_heads"": 4, ""tokens_per_step"": 8192, ""entropy_floor_loss"": 1.3862943611198906, ""step_ms"": 353.3699580002576}","{""torch"":""2.14.0"",""device_name"":""Apple M1 Pro"",""seed"":1234,""git_commit"":""fd532446b10740da6a025ff593b3b290f44a5141"",""code_sha256"":""0176831a9269ba58"",""hostname"":""Kims-MacBook-Pro-16.local""}"
20260919_full,2026-09-19T15:50:23.368+07:00,transformer,cpu,Apple M1 Pro,gpt,synthetic_markov,32,256,fp32,measure,19,361.44958400109317,22664.295001582363,tokens/s,,,7.773318767547607,,ok,,,"{""n_params"": 4273664, ""d_model"": 256, ""n_layers"": 4, ""n_heads"": 4, ""tokens_per_step"": 8192, ""entropy_floor_loss"": 1.3862943611198906, ""step_ms"": 361.44958400109317}","{""torch"":""2.14.0"",""device_name"":""Apple M1 Pro"",""seed"":1234,""git_commit"":""fd532446b10740da6a025ff593b3b290f44a5141"",""code_sha256"":""0176831a9269ba58"",""hostname"":""Kims-MacBook-Pro-16.local""}"
20260919_full,2026-09-19T15:50:23.368+07:00,transformer,cpu,Apple M1 Pro,gpt,synthetic_markov,32,256,fp32,config,,,,,1802.234375,process_rss (snapshot after work; includes Python/torch baseline),,,ok,,,"{""n_params"": 4273664, ""d_model"": 256, ""n_layers"": 4, ""n_heads"": 4, ""tokens_per_step"": 8192, ""entropy_floor_loss"": 1.3862943611198906, ""process_rss_mb"": 1802.234375}","{""torch"":""2.14.0"",""device_name"":""Apple M1 Pro"",""seed"":1234,""git_commit"":""fd532446b10740da6a025ff593b3b290f44a5141"",""code_sha256"":""0176831a9269ba58"",""hostname"":""Kims-MacBook-Pro-16.local""}"
20260919_full,2026-09-19T15:50:24.838+07:00,transformer,cpu,Apple M1 Pro,gpt,synthetic_markov,32,512,fp32,warmup,0,1325.5141250010638,12360.48691671758,tokens/s,,,8.36662769317627,,ok,,,"{""n_params"": 4339200, ""d_model"": 256, ""n_layers"": 4, ""n_heads"": 4, ""tokens_per_step"": 16384, ""entropy_floor_loss"": 1.3862943611198906, ""step_ms"": 1325.5141250010638}","{""torch"":""2.14.0"",""device_name"":""Apple M1 Pro"",""seed"":1234,""git_commit"":""fd532446b10740da6a025ff593b3b290f44a5141"",""code_sha256"":""0176831a9269ba58"",""hostname"":""Kims-MacBook-Pro-16.local""}"
20260919_full,2026-09-19T15:50:25.517+07:00,transformer,cpu,Apple M1 Pro,gpt,synthetic_markov,32,512,fp32,warmup,1,679.4339170010062,24114.192109099164,tokens/s,,,8.31826400756836,,ok,,,"{""n_params"": 4339200, ""d_model"": 256, ""n_layers"": 4, ""n_heads"": 4, ""tokens_per_step"": 16384, ""entropy_floor_loss"": 1.3862943611198906, ""step_ms"": 679.4339170010062}","{""torch"":""2.14.0"",""device_name"":""Apple M1 Pro"",""seed"":1234,""git_commit"":""fd532446b10740da6a025ff593b3b290f44a5141"",""code_sha256"":""0176831a9269ba58"",""hostname"":""Kims-MacBook-Pro-16.local""}"
20260919_full,2026-09-19T15:50:26.193+07:00,transformer,cpu,Apple M1 Pro,gpt,synthetic_markov,32,512,fp32,warmup,2,675.226625000505,24264.446029490835,tokens/s,,,8.284736633300781,,ok,,,"{""n_params"": 4339200, ""d_model"": 256, ""n_layers"": 4, ""n_heads"": 4, ""tokens_per_step"": 16384, ""entropy_floor_loss"": 1.3862943611198906, ""step_ms"": 675.226625000505}","{""torch"":""2.14.0"",""device_name"":""Apple M1 Pro"",""seed"":1234,""git_commit"":""fd532446b10740da6a025ff593b3b290f44a5141"",""code_sha256"":""0176831a9269ba58"",""hostname"":""Kims-MacBook-Pro-16.local""}"
20260919_full,2026-09-19T15:50:26.940+07:00,transformer,cpu,Apple M1 Pro,gpt,synthetic_markov,32,512,fp32,measure,0,747.1739160027937,21927.960343758492,tokens/s,,,8.247682571411133,,ok,,,"{""n_params"": 4339200, ""d_model"": 256, ""n_layers"": 4, ""n_heads"": 4, ""tokens_per_step"": 16384, ""entropy_floor_loss"": 1.3862943611198906, ""step_ms"": 747.1739160027937}","{""torch"":""2.14.0"",""device_name"":""Apple M1 Pro"",""seed"":1234,""git_commit"":""fd532446b10740da6a025ff593b3b290f44a5141"",""code_sha256"":""0176831a9269ba58"",""hostname"":""Kims-MacBook-Pro-16.local""}"
20260919_full,2026-09-19T15:50:27.628+07:00,transformer,cpu,Apple M1 Pro,gpt,synthetic_markov,32,512,fp32,measure,1,687.8740829997696,23818.312689657603,tokens/s,,,8.20025634765625,,ok,,,"{""n_params"": 4339200, ""d_model"": 256, ""n_layers"": 4, ""n_heads"": 4, ""tokens_per_step"": 16384, ""entropy_floor_loss"": 1.3862943611198906, ""step_ms"": 687.8740829997696}","{""torch"":""2.14.0"",""device_name"":""Apple M1 Pro"",""seed"":1234,""git_commit"":""fd532446b10740da6a025ff593b3b290f44a5141"",""code_sha256"":""0176831a9269ba58"",""hostname"":""Kims-MacBook-Pro-16.local""}"
20260919_full,2026-09-19T15:50:28.349+07:00,transformer,cpu,Apple M1 Pro,gpt,synthetic_markov,32,512,fp32,measure,2,720.7542500000272,22731.742476717107,tokens/s,,,8.168621063232422,,ok,,,"{""n_params"": 4339200, ""d_model"": 256, ""n_layers"": 4, ""n_heads"": 4, ""tokens_per_step"": 16384, ""entropy_floor_loss"": 1.3862943611198906, ""step_ms"": 720.7542500000272}","{""torch"":""2.14.0"",""device_name"":""Apple M1 Pro"",""seed"":1234,""git_commit"":""fd532446b10740da6a025ff593b3b290f44a5141"",""code_sha256"":""0176831a9269ba58"",""hostname"":""Kims-MacBook-Pro-16.local""}"
20260919_full,2026-09-19T15:50:29.212+07:00,transformer,cpu,Apple M1 Pro,gpt,synthetic_markov,32,512,fp32,measure,3,862.7528329998313,18990.37519590875,tokens/s,,,8.131532669067383,,ok,,,"{""n_params"": 4339200, ""d_model"": 256, ""n_layers"": 4, ""n_heads"": 4, ""tokens_per_step"": 16384, ""entropy_floor_loss"": 1.3862943611198906, ""step_ms"": 862.7528329998313}","{""torch"":""2.14.0"",""device_name"":""Apple M1 Pro"",""seed"":1234,""git_commit"":""fd532446b10740da6a025ff593b3b290f44a5141"",""code_sha256"":""0176831a9269ba58"",""hostname"":""Kims-MacBook-Pro-16.local""}"
20260919_full,2026-09-19T15:50:29.908+07:00,transformer,cpu,Apple M1 Pro,gpt,synthetic_markov,32,512,fp32,measure,4,695.4897500036168,23557.500308113522,tokens/s,,,8.09682559967041,,ok,,,"{""n_params"": 4339200, ""d_model"": 256, ""n_layers"": 4, ""n_heads"": 4, ""tokens_per_step"": 16384, ""entropy_floor_loss"": 1.3862943611198906, ""step_ms"": 695.4897500036168}","{""torch"":""2.14.0"",""device_name"":""Apple M1 Pro"",""seed"":1234,""git_commit"":""fd532446b10740da6a025ff593b3b290f44a5141"",""code_sha256"":""0176831a9269ba58"",""hostname"":""Kims-MacBook-Pro-16.local""}"
20260919_full,2026-09-19T15:50:30.553+07:00,transformer,cpu,Apple M1 Pro,gpt,synthetic_markov,32,512,fp32,measure,5,644.8551659996156,25407.255557304114,tokens/s,,,8.058110237121582,,ok,,,"{""n_params"": 4339200, ""d_model"": 256, ""n_layers"": 4, ""n_heads"": 4, ""tokens_per_step"": 16384, ""entropy_floor_loss"": 1.3862943611198906, ""step_ms"": 644.8551659996156}","{""torch"":""2.14.0"",""device_name"":""Apple M1 Pro"",""seed"":1234,""git_commit"":""fd532446b10740da6a025ff593b3b290f44a5141"",""code_sha256"":""0176831a9269ba58"",""hostname"":""Kims-MacBook-Pro-16.local""}"
20260919_full,2026-09-19T15:50:31.202+07:00,transformer,cpu,Apple M1 Pro,gpt,synthetic_markov,32,512,fp32,measure,6,648.8465000002179,25250.96459639452,tokens/s,,,8.033080101013184,,ok,,,"{""n_params"": 4339200, ""d_model"": 256, ""n_layers"": 4, ""n_heads"": 4, ""tokens_per_step"": 16384, ""entropy_floor_loss"": 1.3862943611198906, ""step_ms"": 648.8465000002179}","{""torch"":""2.14.0"",""device_name"":""Apple M1 Pro"",""seed"":1234,""git_commit"":""fd532446b10740da6a025ff593b3b290f44a5141"",""code_sha256"":""0176831a9269ba58"",""hostname"":""Kims-MacBook-Pro-16.local""}"
20260919_full,2026-09-19T15:50:31.853+07:00,transformer,cpu,Apple M1 Pro,gpt,synthetic_markov,32,512,fp32,measure,7,651.283457998943,25156.481097093347,tokens/s,,,8.001245498657227,,ok,,,"{""n_params"": 4339200, ""d_model"": 256, ""n_layers"": 4, ""n_heads"": 4, ""tokens_per_step"": 16384, ""entropy_floor_loss"": 1.3862943611198906, ""step_ms"": 651.283457998943}","{""torch"":""2.14.0"",""device_name"":""Apple M1 Pro"",""seed"":1234,""git_commit"":""fd532446b10740da6a025ff593b3b290f44a5141"",""code_sha256"":""0176831a9269ba58"",""hostname"":""Kims-MacBook-Pro-16.local""}"
20260919_full,2026-09-19T15:50:32.489+07:00,transformer,cpu,Apple M1 Pro,gpt,synthetic_markov,32,512,fp32,measure,8,635.5543339996075,25779.070527131546,tokens/s,,,7.960997581481934,,ok,,,"{""n_params"": 4339200, ""d_model"": 256, ""n_layers"": 4, ""n_heads"": 4, ""tokens_per_step"": 16384, ""entropy_floor_loss"": 1.3862943611198906, ""step_ms"": 635.5543339996075}","{""torch"":""2.14.0"",""device_name"":""Apple M1 Pro"",""seed"":1234,""git_commit"":""fd532446b10740da6a025ff593b3b290f44a5141"",""code_sha256"":""0176831a9269ba58"",""hostname"":""Kims-MacBook-Pro-16.local""}"
20260919_full,2026-09-19T15:50:33.153+07:00,transformer,cpu,Apple M1 Pro,gpt,synthetic_markov,32,512,fp32,measure,9,663.3793749970209,24697.78322558427,tokens/s,,,7.932684898376465,,ok,,,"{""n_params"": 4339200, ""d_model"": 256, ""n_layers"": 4, ""n_heads"": 4, ""tokens_per_step"": 16384, ""entropy_floor_loss"": 1.3862943611198906, ""step_ms"": 663.3793749970209}","{""torch"":""2.14.0"",""device_name"":""Apple M1 Pro"",""seed"":1234,""git_commit"":""fd532446b10740da6a025ff593b3b290f44a5141"",""code_sha256"":""0176831a9269ba58"",""hostname"":""Kims-MacBook-Pro-16.local""}"
20260919_full,2026-09-19T15:50:33.803+07:00,transformer,cpu,Apple M1 Pro,gpt,synthetic_markov,32,512,fp32,measure,10,650.7288329994481,25177.922306715885,tokens/s,,,7.899387359619141,,ok,,,"{""n_params"": 4339200, ""d_model"": 256, ""n_layers"": 4, ""n_heads"": 4, ""tokens_per_step"": 16384, ""entropy_floor_loss"": 1.3862943611198906, ""step_ms"": 650.7288329994481}","{""torch"":""2.14.0"",""device_name"":""Apple M1 Pro"",""seed"":1234,""git_commit"":""fd532446b10740da6a025ff593b3b290f44a5141"",""code_sha256"":""0176831a9269ba58"",""hostname"":""Kims-MacBook-Pro-16.local""}"
20260919_full,2026-09-19T15:50:34.537+07:00,transformer,cpu,Apple M1 Pro,gpt,synthetic_markov,32,512,fp32,measure,11,733.7667499996314,22328.62145907842,tokens/s,,,7.86627721786499,,ok,,,"{""n_params"": 4339200, ""d_model"": 256, ""n_layers"": 4, ""n_heads"": 4, ""tokens_per_step"": 16384, ""entropy_floor_loss"": 1.3862943611198906, ""step_ms"": 733.7667499996314}","{""torch"":""2.14.0"",""device_name"":""Apple M1 Pro"",""seed"":1234,""git_commit"":""fd532446b10740da6a025ff593b3b290f44a5141"",""code_sha256"":""0176831a9269ba58"",""hostname"":""Kims-MacBook-Pro-16.local""}"
20260919_full,2026-09-19T15:50:35.114+07:00,transformer,cpu,Apple M1 Pro,gpt,synthetic_markov,32,512,fp32,measure,12,576.7420419979317,28407.847541758983,tokens/s,,,7.832270622253418,,ok,,,"{""n_params"": 4339200, ""d_model"": 256, ""n_layers"": 4, ""n_heads"": 4, ""tokens_per_step"": 16384, ""entropy_floor_loss"": 1.3862943611198906, ""step_ms"": 576.7420419979317}","{""torch"":""2.14.0"",""device_name"":""Apple M1 Pro"",""seed"":1234,""git_commit"":""fd532446b10740da6a025ff593b3b290f44a5141"",""code_sha256"":""0176831a9269ba58"",""hostname"":""Kims-MacBook-Pro-16.local""}"
20260919_full,2026-09-19T15:50:35.691+07:00,transformer,cpu,Apple M1 Pro,gpt,synthetic_markov,32,512,fp32,measure,13,576.3825840003847,28425.563947971517,tokens/s,,,7.806038856506348,,ok,,,"{""n_params"": 4339200, ""d_model"": 256, ""n_layers"": 4, ""n_heads"": 4, ""tokens_per_step"": 16384, ""entropy_floor_loss"": 1.3862943611198906, ""step_ms"": 576.3825840003847}","{""torch"":""2.14.0"",""device_name"":""Apple M1 Pro"",""seed"":1234,""git_commit"":""fd532446b10740da6a025ff593b3b290f44a5141"",""code_sha256"":""0176831a9269ba58"",""hostname"":""Kims-MacBook-Pro-16.local""}"
20260919_full,2026-09-19T15:50:36.247+07:00,transformer,cpu,Apple M1 Pro,gpt,synthetic_markov,32,512,fp32,measure,14,555.7158750016242,29482.69203206065,tokens/s,,,7.771326065063477,,ok,,,"{""n_params"": 4339200, ""d_model"": 256, ""n_layers"": 4, ""n_heads"": 4, ""tokens_per_step"": 16384, ""entropy_floor_loss"": 1.3862943611198906, ""step_ms"": 555.7158750016242}","{""torch"":""2.14.0"",""device_name"":""Apple M1 Pro"",""seed"":1234,""git_commit"":""fd532446b10740da6a025ff593b3b290f44a5141"",""code_sha256"":""0176831a9269ba58"",""hostname"":""Kims-MacBook-Pro-16.local""}"
20260919_full,2026-09-19T15:50:36.806+07:00,transformer,cpu,Apple M1 Pro,gpt,synthetic_markov,32,512,fp32,measure,15,559.1014999990875,29304.16033587236,tokens/s,,,7.745755672454834,,ok,,,"{""n_params"": 4339200, ""d_model"": 256, ""n_layers"": 4, ""n_heads"": 4, ""tokens_per_step"": 16384, ""entropy_floor_loss"": 1.3862943611198906, ""step_ms"": 559.1014999990875}","{""torch"":""2.14.0"",""device_name"":""Apple M1 Pro"",""seed"":1234,""git_commit"":""fd532446b10740da6a025ff593b3b290f44a5141"",""code_sha256"":""0176831a9269ba58"",""hostname"":""Kims-MacBook-Pro-16.local""}"
20260919_full,2026-09-19T15:50:37.414+07:00,transformer,cpu,Apple M1 Pro,gpt,synthetic_markov,32,512,fp32,measure,16,608.0112079980609,26946.87167683306,tokens/s,,,7.709479331970215,,ok,,,"{""n_params"": 4339200, ""d_model"": 256, ""n_layers"": 4, ""n_heads"": 4, ""tokens_per_step"": 16384, ""entropy_floor_loss"": 1.3862943611198906, ""step_ms"": 608.0112079980609}","{""torch"":""2.14.0"",""device_name"":""Apple M1 Pro"",""seed"":1234,""git_commit"":""fd532446b10740da6a025ff593b3b290f44a5141"",""code_sha256"":""0176831a9269ba58"",""hostname"":""Kims-MacBook-Pro-16.local""}"
20260919_full,2026-09-19T15:50:37.976+07:00,transformer,cpu,Apple M1 Pro,gpt,synthetic_markov,32,512,fp32,measure,17,561.75920899841,29165.520987563148,tokens/s,,,7.681744575500488,,ok,,,"{""n_params"": 4339200, ""d_model"": 256, ""n_layers"": 4, ""n_heads"": 4, ""tokens_per_step"": 16384, ""entropy_floor_loss"": 1.3862943611198906, ""step_ms"": 561.75920899841}","{""torch"":""2.14.0"",""device_name"":""Apple M1 Pro"",""seed"":1234,""git_commit"":""fd532446b10740da6a025ff593b3b290f44a5141"",""code_sha256"":""0176831a9269ba58"",""hostname"":""Kims-MacBook-Pro-16.local""}"
20260919_full,2026-09-19T15:50:38.534+07:00,transformer,cpu,Apple M1 Pro,gpt,synthetic_markov,32,512,fp32,measure,18,557.8479590003553,29370.0097592175,tokens/s,,,7.6435866355896,,ok,,,"{""n_params"": 4339200, ""d_model"": 256, ""n_layers"": 4, ""n_heads"": 4, ""tokens_per_step"": 16384, ""entropy_floor_loss"": 1.3862943611198906, ""step_ms"": 557.8479590003553}","{""torch"":""2.14.0"",""device_name"":""Apple M1 Pro"",""seed"":1234,""git_commit"":""fd532446b10740da6a025ff593b3b290f44a5141"",""code_sha256"":""0176831a9269ba58"",""hostname"":""Kims-MacBook-Pro-16.local""}"
20260919_full,2026-09-19T15:50:39.111+07:00,transformer,cpu,Apple M1 Pro,gpt,synthetic_markov,32,512,fp32,measure,19,576.7186669982038,28408.99894098803,tokens/s,,,7.602056980133057,,ok,,,"{""n_params"": 4339200, ""d_model"": 256, ""n_layers"": 4, ""n_heads"": 4, ""tokens_per_step"": 16384, ""entropy_floor_loss"": 1.3862943611198906, ""step_ms"": 576.7186669982038}","{""torch"":""2.14.0"",""device_name"":""Apple M1 Pro"",""seed"":1234,""git_commit"":""fd532446b10740da6a025ff593b3b290f44a5141"",""code_sha256"":""0176831a9269ba58"",""hostname"":""Kims-MacBook-Pro-16.local""}"
20260919_full,2026-09-19T15:50:39.111+07:00,transformer,cpu,Apple M1 Pro,gpt,synthetic_markov,32,512,fp32,config,,,,,3005.078125,process_rss (snapshot after work; includes Python/torch baseline),,,ok,,,"{""n_params"": 4339200, ""d_model"": 256, ""n_layers"": 4, ""n_heads"": 4, ""tokens_per_step"": 16384, ""entropy_floor_loss"": 1.3862943611198906, ""process_rss_mb"": 3005.078125}","{""torch"":""2.14.0"",""device_name"":""Apple M1 Pro"",""seed"":1234,""git_commit"":""fd532446b10740da6a025ff593b3b290f44a5141"",""code_sha256"":""0176831a9269ba58"",""hostname"":""Kims-MacBook-Pro-16.local""}"
