run_id,timestamp,experiment,backend,device,model,dataset,batch_size,sequence_length,precision,phase,iteration,latency_ms,throughput,throughput_unit,memory_mb,memory_kind,loss,accuracy,status,error_type,error,extra,metadata
20260919T172639,2026-09-19T17:26:42.003+07:00,matmul,mps,Apple M1 Pro (16-core GPU),matmul,,,,float32,warmup,0,2.107291998981964,1019.072652977116,GFLOPS,32.390625,"mps_driver_allocated_memory (snapshot after work, not a peak; includes allocator cache)",,,ok,,,"{""matrix_size"": 1024, ""matmuls_per_sec"": 474.5426834454369, ""flops_per_matmul"": 2147483648.0, ""rel_err_vs_cpu_fp32"": 0.0, ""reduced_for_time_budget"": false}","{""torch"":""2.14.0"",""device_name"":""Apple M1 Pro (16-core GPU)"",""seed"":1234,""git_commit"":""2c24789d48523ca307f7e9c6d6bded783520cc40"",""code_sha256"":""ad2062058ca50491"",""hostname"":""Kims-MacBook-Pro-16.local""}"
20260919T172639,2026-09-19T17:26:42.004+07:00,matmul,mps,Apple M1 Pro (16-core GPU),matmul,,,,float32,warmup,1,1.6289170016534626,1318.3505640988194,GFLOPS,32.390625,"mps_driver_allocated_memory (snapshot after work, not a peak; includes allocator cache)",,,ok,,,"{""matrix_size"": 1024, ""matmuls_per_sec"": 613.9048208011404, ""flops_per_matmul"": 2147483648.0, ""rel_err_vs_cpu_fp32"": 0.0, ""reduced_for_time_budget"": false}","{""torch"":""2.14.0"",""device_name"":""Apple M1 Pro (16-core GPU)"",""seed"":1234,""git_commit"":""2c24789d48523ca307f7e9c6d6bded783520cc40"",""code_sha256"":""ad2062058ca50491"",""hostname"":""Kims-MacBook-Pro-16.local""}"
20260919T172639,2026-09-19T17:26:42.004+07:00,matmul,mps,Apple M1 Pro (16-core GPU),matmul,,,,float32,warmup,2,1.9605830020736903,1095.3291167620175,GFLOPS,32.390625,"mps_driver_allocated_memory (snapshot after work, not a peak; includes allocator cache)",,,ok,,,"{""matrix_size"": 1024, ""matmuls_per_sec"": 510.05236653705015, ""flops_per_matmul"": 2147483648.0, ""rel_err_vs_cpu_fp32"": 0.0, ""reduced_for_time_budget"": false}","{""torch"":""2.14.0"",""device_name"":""Apple M1 Pro (16-core GPU)"",""seed"":1234,""git_commit"":""2c24789d48523ca307f7e9c6d6bded783520cc40"",""code_sha256"":""ad2062058ca50491"",""hostname"":""Kims-MacBook-Pro-16.local""}"
20260919T172639,2026-09-19T17:26:42.004+07:00,matmul,mps,Apple M1 Pro (16-core GPU),matmul,,,,float32,warmup,3,1.9568330026231706,1097.428163323727,GFLOPS,32.390625,"mps_driver_allocated_memory (snapshot after work, not a peak; includes allocator cache)",,,ok,,,"{""matrix_size"": 1024, ""matmuls_per_sec"": 511.02981126109466, ""flops_per_matmul"": 2147483648.0, ""rel_err_vs_cpu_fp32"": 0.0, ""reduced_for_time_budget"": false}","{""torch"":""2.14.0"",""device_name"":""Apple M1 Pro (16-core GPU)"",""seed"":1234,""git_commit"":""2c24789d48523ca307f7e9c6d6bded783520cc40"",""code_sha256"":""ad2062058ca50491"",""hostname"":""Kims-MacBook-Pro-16.local""}"
20260919T172639,2026-09-19T17:26:42.004+07:00,matmul,mps,Apple M1 Pro (16-core GPU),matmul,,,,float32,warmup,4,1.9412920009926893,1106.2136179935185,GFLOPS,32.390625,"mps_driver_allocated_memory (snapshot after work, not a peak; includes allocator cache)",,,ok,,,"{""matrix_size"": 1024, ""matmuls_per_sec"": 515.1208573922136, ""flops_per_matmul"": 2147483648.0, ""rel_err_vs_cpu_fp32"": 0.0, ""reduced_for_time_budget"": false}","{""torch"":""2.14.0"",""device_name"":""Apple M1 Pro (16-core GPU)"",""seed"":1234,""git_commit"":""2c24789d48523ca307f7e9c6d6bded783520cc40"",""code_sha256"":""ad2062058ca50491"",""hostname"":""Kims-MacBook-Pro-16.local""}"
20260919T172639,2026-09-19T17:26:42.004+07:00,matmul,mps,Apple M1 Pro (16-core GPU),matmul,,,,float32,warmup,5,1.9528750053723343,1099.6523802559302,GFLOPS,32.390625,"mps_driver_allocated_memory (snapshot after work, not a peak; includes allocator cache)",,,ok,,,"{""matrix_size"": 1024, ""matmuls_per_sec"": 512.065542980996, ""flops_per_matmul"": 2147483648.0, ""rel_err_vs_cpu_fp32"": 0.0, ""reduced_for_time_budget"": false}","{""torch"":""2.14.0"",""device_name"":""Apple M1 Pro (16-core GPU)"",""seed"":1234,""git_commit"":""2c24789d48523ca307f7e9c6d6bded783520cc40"",""code_sha256"":""ad2062058ca50491"",""hostname"":""Kims-MacBook-Pro-16.local""}"
20260919T172639,2026-09-19T17:26:42.004+07:00,matmul,mps,Apple M1 Pro (16-core GPU),matmul,,,,float32,warmup,6,1.695708000625018,1266.4230204778553,GFLOPS,32.390625,"mps_driver_allocated_memory (snapshot after work, not a peak; includes allocator cache)",,,ok,,,"{""matrix_size"": 1024, ""matmuls_per_sec"": 589.7241739918735, ""flops_per_matmul"": 2147483648.0, ""rel_err_vs_cpu_fp32"": 0.0, ""reduced_for_time_budget"": false}","{""torch"":""2.14.0"",""device_name"":""Apple M1 Pro (16-core GPU)"",""seed"":1234,""git_commit"":""2c24789d48523ca307f7e9c6d6bded783520cc40"",""code_sha256"":""ad2062058ca50491"",""hostname"":""Kims-MacBook-Pro-16.local""}"
20260919T172639,2026-09-19T17:26:42.004+07:00,matmul,mps,Apple M1 Pro (16-core GPU),matmul,,,,float32,warmup,7,1.589332998264581,1351.1854660696488,GFLOPS,32.390625,"mps_driver_allocated_memory (snapshot after work, not a peak; includes allocator cache)",,,ok,,,"{""matrix_size"": 1024, ""matmuls_per_sec"": 629.1947635215002, ""flops_per_matmul"": 2147483648.0, ""rel_err_vs_cpu_fp32"": 0.0, ""reduced_for_time_budget"": false}","{""torch"":""2.14.0"",""device_name"":""Apple M1 Pro (16-core GPU)"",""seed"":1234,""git_commit"":""2c24789d48523ca307f7e9c6d6bded783520cc40"",""code_sha256"":""ad2062058ca50491"",""hostname"":""Kims-MacBook-Pro-16.local""}"
20260919T172639,2026-09-19T17:26:42.004+07:00,matmul,mps,Apple M1 Pro (16-core GPU),matmul,,,,float32,warmup,8,1.5941249948809855,1347.1237543454536,GFLOPS,32.390625,"mps_driver_allocated_memory (snapshot after work, not a peak; includes allocator cache)",,,ok,,,"{""matrix_size"": 1024, ""matmuls_per_sec"": 627.3033816113386, ""flops_per_matmul"": 2147483648.0, ""rel_err_vs_cpu_fp32"": 0.0, ""reduced_for_time_budget"": false}","{""torch"":""2.14.0"",""device_name"":""Apple M1 Pro (16-core GPU)"",""seed"":1234,""git_commit"":""2c24789d48523ca307f7e9c6d6bded783520cc40"",""code_sha256"":""ad2062058ca50491"",""hostname"":""Kims-MacBook-Pro-16.local""}"
20260919T172639,2026-09-19T17:26:42.004+07:00,matmul,mps,Apple M1 Pro (16-core GPU),matmul,,,,float32,warmup,9,1.6001250041881576,1342.0724270786277,GFLOPS,32.390625,"mps_driver_allocated_memory (snapshot after work, not a peak; includes allocator cache)",,,ok,,,"{""matrix_size"": 1024, ""matmuls_per_sec"": 624.9511740536558, ""flops_per_matmul"": 2147483648.0, ""rel_err_vs_cpu_fp32"": 0.0, ""reduced_for_time_budget"": false}","{""torch"":""2.14.0"",""device_name"":""Apple M1 Pro (16-core GPU)"",""seed"":1234,""git_commit"":""2c24789d48523ca307f7e9c6d6bded783520cc40"",""code_sha256"":""ad2062058ca50491"",""hostname"":""Kims-MacBook-Pro-16.local""}"
20260919T172639,2026-09-19T17:26:42.004+07:00,matmul,mps,Apple M1 Pro (16-core GPU),matmul,,,,float32,warmup,10,1.6423330016550608,1307.5811335678416,GFLOPS,32.390625,"mps_driver_allocated_memory (snapshot after work, not a peak; includes allocator cache)",,,ok,,,"{""matrix_size"": 1024, ""matmuls_per_sec"": 608.889913916514, ""flops_per_matmul"": 2147483648.0, ""rel_err_vs_cpu_fp32"": 0.0, ""reduced_for_time_budget"": false}","{""torch"":""2.14.0"",""device_name"":""Apple M1 Pro (16-core GPU)"",""seed"":1234,""git_commit"":""2c24789d48523ca307f7e9c6d6bded783520cc40"",""code_sha256"":""ad2062058ca50491"",""hostname"":""Kims-MacBook-Pro-16.local""}"
20260919T172639,2026-09-19T17:26:42.004+07:00,matmul,mps,Apple M1 Pro (16-core GPU),matmul,,,,float32,warmup,11,1.4047500008018687,1528.7301276199744,GFLOPS,32.390625,"mps_driver_allocated_memory (snapshot after work, not a peak; includes allocator cache)",,,ok,,,"{""matrix_size"": 1024, ""matmuls_per_sec"": 711.8704391736418, ""flops_per_matmul"": 2147483648.0, ""rel_err_vs_cpu_fp32"": 0.0, ""reduced_for_time_budget"": false}","{""torch"":""2.14.0"",""device_name"":""Apple M1 Pro (16-core GPU)"",""seed"":1234,""git_commit"":""2c24789d48523ca307f7e9c6d6bded783520cc40"",""code_sha256"":""ad2062058ca50491"",""hostname"":""Kims-MacBook-Pro-16.local""}"
20260919T172639,2026-09-19T17:26:42.004+07:00,matmul,mps,Apple M1 Pro (16-core GPU),matmul,,,,float32,warmup,12,1.6714579978724942,1284.7966570104736,GFLOPS,32.390625,"mps_driver_allocated_memory (snapshot after work, not a peak; includes allocator cache)",,,ok,,,"{""matrix_size"": 1024, ""matmuls_per_sec"": 598.2800652321771, ""flops_per_matmul"": 2147483648.0, ""rel_err_vs_cpu_fp32"": 0.0, ""reduced_for_time_budget"": false}","{""torch"":""2.14.0"",""device_name"":""Apple M1 Pro (16-core GPU)"",""seed"":1234,""git_commit"":""2c24789d48523ca307f7e9c6d6bded783520cc40"",""code_sha256"":""ad2062058ca50491"",""hostname"":""Kims-MacBook-Pro-16.local""}"
20260919T172639,2026-09-19T17:26:42.004+07:00,matmul,mps,Apple M1 Pro (16-core GPU),matmul,,,,float32,warmup,13,1.6187500004889444,1326.6308246185954,GFLOPS,32.390625,"mps_driver_allocated_memory (snapshot after work, not a peak; includes allocator cache)",,,ok,,,"{""matrix_size"": 1024, ""matmuls_per_sec"": 617.7606175740228, ""flops_per_matmul"": 2147483648.0, ""rel_err_vs_cpu_fp32"": 0.0, ""reduced_for_time_budget"": false}","{""torch"":""2.14.0"",""device_name"":""Apple M1 Pro (16-core GPU)"",""seed"":1234,""git_commit"":""2c24789d48523ca307f7e9c6d6bded783520cc40"",""code_sha256"":""ad2062058ca50491"",""hostname"":""Kims-MacBook-Pro-16.local""}"
20260919T172639,2026-09-19T17:26:42.004+07:00,matmul,mps,Apple M1 Pro (16-core GPU),matmul,,,,float32,warmup,14,1.3536249971366487,1586.468669345363,GFLOPS,32.390625,"mps_driver_allocated_memory (snapshot after work, not a peak; includes allocator cache)",,,ok,,,"{""matrix_size"": 1024, ""matmuls_per_sec"": 738.7570428407579, ""flops_per_matmul"": 2147483648.0, ""rel_err_vs_cpu_fp32"": 0.0, ""reduced_for_time_budget"": false}","{""torch"":""2.14.0"",""device_name"":""Apple M1 Pro (16-core GPU)"",""seed"":1234,""git_commit"":""2c24789d48523ca307f7e9c6d6bded783520cc40"",""code_sha256"":""ad2062058ca50491"",""hostname"":""Kims-MacBook-Pro-16.local""}"
20260919T172639,2026-09-19T17:26:42.004+07:00,matmul,mps,Apple M1 Pro (16-core GPU),matmul,,,,float32,warmup,15,1.2872090010205284,1668.3255371096898,GFLOPS,32.390625,"mps_driver_allocated_memory (snapshot after work, not a peak; includes allocator cache)",,,ok,,,"{""matrix_size"": 1024, ""matmuls_per_sec"": 776.8746172588736, ""flops_per_matmul"": 2147483648.0, ""rel_err_vs_cpu_fp32"": 0.0, ""reduced_for_time_budget"": false}","{""torch"":""2.14.0"",""device_name"":""Apple M1 Pro (16-core GPU)"",""seed"":1234,""git_commit"":""2c24789d48523ca307f7e9c6d6bded783520cc40"",""code_sha256"":""ad2062058ca50491"",""hostname"":""Kims-MacBook-Pro-16.local""}"
20260919T172639,2026-09-19T17:26:42.004+07:00,matmul,mps,Apple M1 Pro (16-core GPU),matmul,,,,float32,warmup,16,1.2589999969350174,1705.7058405305472,GFLOPS,32.390625,"mps_driver_allocated_memory (snapshot after work, not a peak; includes allocator cache)",,,ok,,,"{""matrix_size"": 1024, ""matmuls_per_sec"": 794.281177469784, ""flops_per_matmul"": 2147483648.0, ""rel_err_vs_cpu_fp32"": 0.0, ""reduced_for_time_budget"": false}","{""torch"":""2.14.0"",""device_name"":""Apple M1 Pro (16-core GPU)"",""seed"":1234,""git_commit"":""2c24789d48523ca307f7e9c6d6bded783520cc40"",""code_sha256"":""ad2062058ca50491"",""hostname"":""Kims-MacBook-Pro-16.local""}"
20260919T172639,2026-09-19T17:26:42.004+07:00,matmul,mps,Apple M1 Pro (16-core GPU),matmul,,,,float32,warmup,17,0.9250000002793968,2321.603943082542,GFLOPS,32.390625,"mps_driver_allocated_memory (snapshot after work, not a peak; includes allocator cache)",,,ok,,,"{""matrix_size"": 1024, ""matmuls_per_sec"": 1081.08108075454, ""flops_per_matmul"": 2147483648.0, ""rel_err_vs_cpu_fp32"": 0.0, ""reduced_for_time_budget"": false}","{""torch"":""2.14.0"",""device_name"":""Apple M1 Pro (16-core GPU)"",""seed"":1234,""git_commit"":""2c24789d48523ca307f7e9c6d6bded783520cc40"",""code_sha256"":""ad2062058ca50491"",""hostname"":""Kims-MacBook-Pro-16.local""}"
20260919T172639,2026-09-19T17:26:42.004+07:00,matmul,mps,Apple M1 Pro (16-core GPU),matmul,,,,float32,warmup,18,0.7808750015101396,2750.099111697732,GFLOPS,32.390625,"mps_driver_allocated_memory (snapshot after work, not a peak; includes allocator cache)",,,ok,,,"{""matrix_size"": 1024, ""matmuls_per_sec"": 1280.614692577036, ""flops_per_matmul"": 2147483648.0, ""rel_err_vs_cpu_fp32"": 0.0, ""reduced_for_time_budget"": false}","{""torch"":""2.14.0"",""device_name"":""Apple M1 Pro (16-core GPU)"",""seed"":1234,""git_commit"":""2c24789d48523ca307f7e9c6d6bded783520cc40"",""code_sha256"":""ad2062058ca50491"",""hostname"":""Kims-MacBook-Pro-16.local""}"
20260919T172639,2026-09-19T17:26:42.004+07:00,matmul,mps,Apple M1 Pro (16-core GPU),matmul,,,,float32,warmup,19,0.7656660018255934,2804.7263988210398,GFLOPS,32.390625,"mps_driver_allocated_memory (snapshot after work, not a peak; includes allocator cache)",,,ok,,,"{""matrix_size"": 1024, ""matmuls_per_sec"": 1306.052505421005, ""flops_per_matmul"": 2147483648.0, ""rel_err_vs_cpu_fp32"": 0.0, ""reduced_for_time_budget"": false}","{""torch"":""2.14.0"",""device_name"":""Apple M1 Pro (16-core GPU)"",""seed"":1234,""git_commit"":""2c24789d48523ca307f7e9c6d6bded783520cc40"",""code_sha256"":""ad2062058ca50491"",""hostname"":""Kims-MacBook-Pro-16.local""}"
20260919T172639,2026-09-19T17:26:42.004+07:00,matmul,mps,Apple M1 Pro (16-core GPU),matmul,,,,float32,measure,0,0.7637500020791776,2811.762542918293,GFLOPS,32.390625,"mps_driver_allocated_memory (snapshot after work, not a peak; includes allocator cache)",,,ok,,,"{""matrix_size"": 1024, ""matmuls_per_sec"": 1309.3289653390148, ""flops_per_matmul"": 2147483648.0, ""rel_err_vs_cpu_fp32"": 0.0, ""reduced_for_time_budget"": false}","{""torch"":""2.14.0"",""device_name"":""Apple M1 Pro (16-core GPU)"",""seed"":1234,""git_commit"":""2c24789d48523ca307f7e9c6d6bded783520cc40"",""code_sha256"":""ad2062058ca50491"",""hostname"":""Kims-MacBook-Pro-16.local""}"
20260919T172639,2026-09-19T17:26:42.004+07:00,matmul,mps,Apple M1 Pro (16-core GPU),matmul,,,,float32,measure,1,0.7924590026959777,2709.8987338072675,GFLOPS,32.390625,"mps_driver_allocated_memory (snapshot after work, not a peak; includes allocator cache)",,,ok,,,"{""matrix_size"": 1024, ""matmuls_per_sec"": 1261.8949328583049, ""flops_per_matmul"": 2147483648.0, ""rel_err_vs_cpu_fp32"": 0.0, ""reduced_for_time_budget"": false}","{""torch"":""2.14.0"",""device_name"":""Apple M1 Pro (16-core GPU)"",""seed"":1234,""git_commit"":""2c24789d48523ca307f7e9c6d6bded783520cc40"",""code_sha256"":""ad2062058ca50491"",""hostname"":""Kims-MacBook-Pro-16.local""}"
20260919T172639,2026-09-19T17:26:42.004+07:00,matmul,mps,Apple M1 Pro (16-core GPU),matmul,,,,float32,measure,2,0.7717499975115061,2782.6156850333946,GFLOPS,32.390625,"mps_driver_allocated_memory (snapshot after work, not a peak; includes allocator cache)",,,ok,,,"{""matrix_size"": 1024, ""matmuls_per_sec"": 1295.7564019753572, ""flops_per_matmul"": 2147483648.0, ""rel_err_vs_cpu_fp32"": 0.0, ""reduced_for_time_budget"": false}","{""torch"":""2.14.0"",""device_name"":""Apple M1 Pro (16-core GPU)"",""seed"":1234,""git_commit"":""2c24789d48523ca307f7e9c6d6bded783520cc40"",""code_sha256"":""ad2062058ca50491"",""hostname"":""Kims-MacBook-Pro-16.local""}"
20260919T172639,2026-09-19T17:26:42.004+07:00,matmul,mps,Apple M1 Pro (16-core GPU),matmul,,,,float32,measure,3,0.7414579959004186,2896.2984550353644,GFLOPS,32.390625,"mps_driver_allocated_memory (snapshot after work, not a peak; includes allocator cache)",,,ok,,,"{""matrix_size"": 1024, ""matmuls_per_sec"": 1348.694066999184, ""flops_per_matmul"": 2147483648.0, ""rel_err_vs_cpu_fp32"": 0.0, ""reduced_for_time_budget"": false}","{""torch"":""2.14.0"",""device_name"":""Apple M1 Pro (16-core GPU)"",""seed"":1234,""git_commit"":""2c24789d48523ca307f7e9c6d6bded783520cc40"",""code_sha256"":""ad2062058ca50491"",""hostname"":""Kims-MacBook-Pro-16.local""}"
20260919T172639,2026-09-19T17:26:42.004+07:00,matmul,mps,Apple M1 Pro (16-core GPU),matmul,,,,float32,measure,4,0.7494160017813556,2865.5428265415326,GFLOPS,32.390625,"mps_driver_allocated_memory (snapshot after work, not a peak; includes allocator cache)",,,ok,,,"{""matrix_size"": 1024, ""matmuls_per_sec"": 1334.372361442788, ""flops_per_matmul"": 2147483648.0, ""rel_err_vs_cpu_fp32"": 0.0, ""reduced_for_time_budget"": false}","{""torch"":""2.14.0"",""device_name"":""Apple M1 Pro (16-core GPU)"",""seed"":1234,""git_commit"":""2c24789d48523ca307f7e9c6d6bded783520cc40"",""code_sha256"":""ad2062058ca50491"",""hostname"":""Kims-MacBook-Pro-16.local""}"
20260919T172639,2026-09-19T17:26:42.004+07:00,matmul,mps,Apple M1 Pro (16-core GPU),matmul,,,,float32,measure,5,0.7469589982065372,2874.9685767975875,GFLOPS,32.390625,"mps_driver_allocated_memory (snapshot after work, not a peak; includes allocator cache)",,,ok,,,"{""matrix_size"": 1024, ""matmuls_per_sec"": 1338.7615684408636, ""flops_per_matmul"": 2147483648.0, ""rel_err_vs_cpu_fp32"": 0.0, ""reduced_for_time_budget"": false}","{""torch"":""2.14.0"",""device_name"":""Apple M1 Pro (16-core GPU)"",""seed"":1234,""git_commit"":""2c24789d48523ca307f7e9c6d6bded783520cc40"",""code_sha256"":""ad2062058ca50491"",""hostname"":""Kims-MacBook-Pro-16.local""}"
20260919T172639,2026-09-19T17:26:42.004+07:00,matmul,mps,Apple M1 Pro (16-core GPU),matmul,,,,float32,measure,6,0.7307910054805689,2938.574273485773,GFLOPS,32.390625,"mps_driver_allocated_memory (snapshot after work, not a peak; includes allocator cache)",,,ok,,,"{""matrix_size"": 1024, ""matmuls_per_sec"": 1368.3802790407897, ""flops_per_matmul"": 2147483648.0, ""rel_err_vs_cpu_fp32"": 0.0, ""reduced_for_time_budget"": false}","{""torch"":""2.14.0"",""device_name"":""Apple M1 Pro (16-core GPU)"",""seed"":1234,""git_commit"":""2c24789d48523ca307f7e9c6d6bded783520cc40"",""code_sha256"":""ad2062058ca50491"",""hostname"":""Kims-MacBook-Pro-16.local""}"
20260919T172639,2026-09-19T17:26:42.004+07:00,matmul,mps,Apple M1 Pro (16-core GPU),matmul,,,,float32,measure,7,0.7275839961948805,2951.5267779815285,GFLOPS,32.390625,"mps_driver_allocated_memory (snapshot after work, not a peak; includes allocator cache)",,,ok,,,"{""matrix_size"": 1024, ""matmuls_per_sec"": 1374.4117589581424, ""flops_per_matmul"": 2147483648.0, ""rel_err_vs_cpu_fp32"": 0.0, ""reduced_for_time_budget"": false}","{""torch"":""2.14.0"",""device_name"":""Apple M1 Pro (16-core GPU)"",""seed"":1234,""git_commit"":""2c24789d48523ca307f7e9c6d6bded783520cc40"",""code_sha256"":""ad2062058ca50491"",""hostname"":""Kims-MacBook-Pro-16.local""}"
20260919T172639,2026-09-19T17:26:42.004+07:00,matmul,mps,Apple M1 Pro (16-core GPU),matmul,,,,float32,measure,8,0.7581669997307472,2832.46784516162,GFLOPS,32.390625,"mps_driver_allocated_memory (snapshot after work, not a peak; includes allocator cache)",,,ok,,,"{""matrix_size"": 1024, ""matmuls_per_sec"": 1318.9706230357383, ""flops_per_matmul"": 2147483648.0, ""rel_err_vs_cpu_fp32"": 0.0, ""reduced_for_time_budget"": false}","{""torch"":""2.14.0"",""device_name"":""Apple M1 Pro (16-core GPU)"",""seed"":1234,""git_commit"":""2c24789d48523ca307f7e9c6d6bded783520cc40"",""code_sha256"":""ad2062058ca50491"",""hostname"":""Kims-MacBook-Pro-16.local""}"
20260919T172639,2026-09-19T17:26:42.004+07:00,matmul,mps,Apple M1 Pro (16-core GPU),matmul,,,,float32,measure,9,0.7499580024159513,2863.4718758677036,GFLOPS,32.390625,"mps_driver_allocated_memory (snapshot after work, not a peak; includes allocator cache)",,,ok,,,"{""matrix_size"": 1024, ""matmuls_per_sec"": 1333.4079998860618, ""flops_per_matmul"": 2147483648.0, ""rel_err_vs_cpu_fp32"": 0.0, ""reduced_for_time_budget"": false}","{""torch"":""2.14.0"",""device_name"":""Apple M1 Pro (16-core GPU)"",""seed"":1234,""git_commit"":""2c24789d48523ca307f7e9c6d6bded783520cc40"",""code_sha256"":""ad2062058ca50491"",""hostname"":""Kims-MacBook-Pro-16.local""}"
20260919T172639,2026-09-19T17:26:42.004+07:00,matmul,mps,Apple M1 Pro (16-core GPU),matmul,,,,float32,measure,10,0.7434580038534477,2888.506999547102,GFLOPS,32.390625,"mps_driver_allocated_memory (snapshot after work, not a peak; includes allocator cache)",,,ok,,,"{""matrix_size"": 1024, ""matmuls_per_sec"": 1345.065887806519, ""flops_per_matmul"": 2147483648.0, ""rel_err_vs_cpu_fp32"": 0.0, ""reduced_for_time_budget"": false}","{""torch"":""2.14.0"",""device_name"":""Apple M1 Pro (16-core GPU)"",""seed"":1234,""git_commit"":""2c24789d48523ca307f7e9c6d6bded783520cc40"",""code_sha256"":""ad2062058ca50491"",""hostname"":""Kims-MacBook-Pro-16.local""}"
20260919T172639,2026-09-19T17:26:42.004+07:00,matmul,mps,Apple M1 Pro (16-core GPU),matmul,,,,float32,measure,11,0.7859580000513233,2732.313492400063,GFLOPS,32.390625,"mps_driver_allocated_memory (snapshot after work, not a peak; includes allocator cache)",,,ok,,,"{""matrix_size"": 1024, ""matmuls_per_sec"": 1272.3326181993182, ""flops_per_matmul"": 2147483648.0, ""rel_err_vs_cpu_fp32"": 0.0, ""reduced_for_time_budget"": false}","{""torch"":""2.14.0"",""device_name"":""Apple M1 Pro (16-core GPU)"",""seed"":1234,""git_commit"":""2c24789d48523ca307f7e9c6d6bded783520cc40"",""code_sha256"":""ad2062058ca50491"",""hostname"":""Kims-MacBook-Pro-16.local""}"
20260919T172639,2026-09-19T17:26:42.005+07:00,matmul,mps,Apple M1 Pro (16-core GPU),matmul,,,,float32,measure,12,0.7776250058668666,2761.5928394767443,GFLOPS,32.390625,"mps_driver_allocated_memory (snapshot after work, not a peak; includes allocator cache)",,,ok,,,"{""matrix_size"": 1024, ""matmuls_per_sec"": 1285.9668766505756, ""flops_per_matmul"": 2147483648.0, ""rel_err_vs_cpu_fp32"": 0.0, ""reduced_for_time_budget"": false}","{""torch"":""2.14.0"",""device_name"":""Apple M1 Pro (16-core GPU)"",""seed"":1234,""git_commit"":""2c24789d48523ca307f7e9c6d6bded783520cc40"",""code_sha256"":""ad2062058ca50491"",""hostname"":""Kims-MacBook-Pro-16.local""}"
20260919T172639,2026-09-19T17:26:42.005+07:00,matmul,mps,Apple M1 Pro (16-core GPU),matmul,,,,float32,measure,13,0.7944579992908984,2703.080150136015,GFLOPS,32.390625,"mps_driver_allocated_memory (snapshot after work, not a peak; includes allocator cache)",,,ok,,,"{""matrix_size"": 1024, ""matmuls_per_sec"": 1258.719782408334, ""flops_per_matmul"": 2147483648.0, ""rel_err_vs_cpu_fp32"": 0.0, ""reduced_for_time_budget"": false}","{""torch"":""2.14.0"",""device_name"":""Apple M1 Pro (16-core GPU)"",""seed"":1234,""git_commit"":""2c24789d48523ca307f7e9c6d6bded783520cc40"",""code_sha256"":""ad2062058ca50491"",""hostname"":""Kims-MacBook-Pro-16.local""}"
20260919T172639,2026-09-19T17:26:42.005+07:00,matmul,mps,Apple M1 Pro (16-core GPU),matmul,,,,float32,measure,14,0.8117920006043278,2645.36192325292,GFLOPS,32.390625,"mps_driver_allocated_memory (snapshot after work, not a peak; includes allocator cache)",,,ok,,,"{""matrix_size"": 1024, ""matmuls_per_sec"": 1231.8426385768316, ""flops_per_matmul"": 2147483648.0, ""rel_err_vs_cpu_fp32"": 0.0, ""reduced_for_time_budget"": false}","{""torch"":""2.14.0"",""device_name"":""Apple M1 Pro (16-core GPU)"",""seed"":1234,""git_commit"":""2c24789d48523ca307f7e9c6d6bded783520cc40"",""code_sha256"":""ad2062058ca50491"",""hostname"":""Kims-MacBook-Pro-16.local""}"
20260919T172639,2026-09-19T17:26:42.005+07:00,matmul,mps,Apple M1 Pro (16-core GPU),matmul,,,,float32,measure,15,0.8280420006485656,2593.4477312962135,GFLOPS,32.390625,"mps_driver_allocated_memory (snapshot after work, not a peak; includes allocator cache)",,,ok,,,"{""matrix_size"": 1024, ""matmuls_per_sec"": 1207.6682091207306, ""flops_per_matmul"": 2147483648.0, ""rel_err_vs_cpu_fp32"": 0.0, ""reduced_for_time_budget"": false}","{""torch"":""2.14.0"",""device_name"":""Apple M1 Pro (16-core GPU)"",""seed"":1234,""git_commit"":""2c24789d48523ca307f7e9c6d6bded783520cc40"",""code_sha256"":""ad2062058ca50491"",""hostname"":""Kims-MacBook-Pro-16.local""}"
20260919T172639,2026-09-19T17:26:42.005+07:00,matmul,mps,Apple M1 Pro (16-core GPU),matmul,,,,float32,measure,16,0.7814999989932403,2747.8997450626675,GFLOPS,32.390625,"mps_driver_allocated_memory (snapshot after work, not a peak; includes allocator cache)",,,ok,,,"{""matrix_size"": 1024, ""matmuls_per_sec"": 1279.5905326784903, ""flops_per_matmul"": 2147483648.0, ""rel_err_vs_cpu_fp32"": 0.0, ""reduced_for_time_budget"": false}","{""torch"":""2.14.0"",""device_name"":""Apple M1 Pro (16-core GPU)"",""seed"":1234,""git_commit"":""2c24789d48523ca307f7e9c6d6bded783520cc40"",""code_sha256"":""ad2062058ca50491"",""hostname"":""Kims-MacBook-Pro-16.local""}"
20260919T172639,2026-09-19T17:26:42.005+07:00,matmul,mps,Apple M1 Pro (16-core GPU),matmul,,,,float32,measure,17,0.7541250015492551,2847.649452793986,GFLOPS,32.390625,"mps_driver_allocated_memory (snapshot after work, not a peak; includes allocator cache)",,,ok,,,"{""matrix_size"": 1024, ""matmuls_per_sec"": 1326.0401099892267, ""flops_per_matmul"": 2147483648.0, ""rel_err_vs_cpu_fp32"": 0.0, ""reduced_for_time_budget"": false}","{""torch"":""2.14.0"",""device_name"":""Apple M1 Pro (16-core GPU)"",""seed"":1234,""git_commit"":""2c24789d48523ca307f7e9c6d6bded783520cc40"",""code_sha256"":""ad2062058ca50491"",""hostname"":""Kims-MacBook-Pro-16.local""}"
20260919T172639,2026-09-19T17:26:42.005+07:00,matmul,mps,Apple M1 Pro (16-core GPU),matmul,,,,float32,measure,18,0.74533299630275,2881.2405443642865,GFLOPS,32.390625,"mps_driver_allocated_memory (snapshot after work, not a peak; includes allocator cache)",,,ok,,,"{""matrix_size"": 1024, ""matmuls_per_sec"": 1341.6821809319251, ""flops_per_matmul"": 2147483648.0, ""rel_err_vs_cpu_fp32"": 0.0, ""reduced_for_time_budget"": false}","{""torch"":""2.14.0"",""device_name"":""Apple M1 Pro (16-core GPU)"",""seed"":1234,""git_commit"":""2c24789d48523ca307f7e9c6d6bded783520cc40"",""code_sha256"":""ad2062058ca50491"",""hostname"":""Kims-MacBook-Pro-16.local""}"
20260919T172639,2026-09-19T17:26:42.005+07:00,matmul,mps,Apple M1 Pro (16-core GPU),matmul,,,,float32,measure,19,0.7660000046598725,2803.503439864271,GFLOPS,32.390625,"mps_driver_allocated_memory (snapshot after work, not a peak; includes allocator cache)",,,ok,,,"{""matrix_size"": 1024, ""matmuls_per_sec"": 1305.4830207788716, ""flops_per_matmul"": 2147483648.0, ""rel_err_vs_cpu_fp32"": 0.0, ""reduced_for_time_budget"": false}","{""torch"":""2.14.0"",""device_name"":""Apple M1 Pro (16-core GPU)"",""seed"":1234,""git_commit"":""2c24789d48523ca307f7e9c6d6bded783520cc40"",""code_sha256"":""ad2062058ca50491"",""hostname"":""Kims-MacBook-Pro-16.local""}"
20260919T172639,2026-09-19T17:26:42.005+07:00,matmul,mps,Apple M1 Pro (16-core GPU),matmul,,,,float32,measure,20,0.7814170021447353,2748.1916084572727,GFLOPS,32.390625,"mps_driver_allocated_memory (snapshot after work, not a peak; includes allocator cache)",,,ok,,,"{""matrix_size"": 1024, ""matmuls_per_sec"": 1279.72644216254, ""flops_per_matmul"": 2147483648.0, ""rel_err_vs_cpu_fp32"": 0.0, ""reduced_for_time_budget"": false}","{""torch"":""2.14.0"",""device_name"":""Apple M1 Pro (16-core GPU)"",""seed"":1234,""git_commit"":""2c24789d48523ca307f7e9c6d6bded783520cc40"",""code_sha256"":""ad2062058ca50491"",""hostname"":""Kims-MacBook-Pro-16.local""}"
20260919T172639,2026-09-19T17:26:42.005+07:00,matmul,mps,Apple M1 Pro (16-core GPU),matmul,,,,float32,measure,21,0.7605419959872961,2823.6227050318876,GFLOPS,32.390625,"mps_driver_allocated_memory (snapshot after work, not a peak; includes allocator cache)",,,ok,,,"{""matrix_size"": 1024, ""matmuls_per_sec"": 1314.8517836965098, ""flops_per_matmul"": 2147483648.0, ""rel_err_vs_cpu_fp32"": 0.0, ""reduced_for_time_budget"": false}","{""torch"":""2.14.0"",""device_name"":""Apple M1 Pro (16-core GPU)"",""seed"":1234,""git_commit"":""2c24789d48523ca307f7e9c6d6bded783520cc40"",""code_sha256"":""ad2062058ca50491"",""hostname"":""Kims-MacBook-Pro-16.local""}"
20260919T172639,2026-09-19T17:26:42.005+07:00,matmul,mps,Apple M1 Pro (16-core GPU),matmul,,,,float32,measure,22,0.7697500041103922,2789.8455817247686,GFLOPS,32.390625,"mps_driver_allocated_memory (snapshot after work, not a peak; includes allocator cache)",,,ok,,,"{""matrix_size"": 1024, ""matmuls_per_sec"": 1299.1230849757644, ""flops_per_matmul"": 2147483648.0, ""rel_err_vs_cpu_fp32"": 0.0, ""reduced_for_time_budget"": false}","{""torch"":""2.14.0"",""device_name"":""Apple M1 Pro (16-core GPU)"",""seed"":1234,""git_commit"":""2c24789d48523ca307f7e9c6d6bded783520cc40"",""code_sha256"":""ad2062058ca50491"",""hostname"":""Kims-MacBook-Pro-16.local""}"
20260919T172639,2026-09-19T17:26:42.005+07:00,matmul,mps,Apple M1 Pro (16-core GPU),matmul,,,,float32,measure,23,0.8496660011587664,2527.4444841517516,GFLOPS,32.390625,"mps_driver_allocated_memory (snapshot after work, not a peak; includes allocator cache)",,,ok,,,"{""matrix_size"": 1024, ""matmuls_per_sec"": 1176.9330520889496, ""flops_per_matmul"": 2147483648.0, ""rel_err_vs_cpu_fp32"": 0.0, ""reduced_for_time_budget"": false}","{""torch"":""2.14.0"",""device_name"":""Apple M1 Pro (16-core GPU)"",""seed"":1234,""git_commit"":""2c24789d48523ca307f7e9c6d6bded783520cc40"",""code_sha256"":""ad2062058ca50491"",""hostname"":""Kims-MacBook-Pro-16.local""}"
20260919T172639,2026-09-19T17:26:42.005+07:00,matmul,mps,Apple M1 Pro (16-core GPU),matmul,,,,float32,measure,24,0.9533339980407618,2252.6036545569414,GFLOPS,32.390625,"mps_driver_allocated_memory (snapshot after work, not a peak; includes allocator cache)",,,ok,,,"{""matrix_size"": 1024, ""matmuls_per_sec"": 1048.9503175751033, ""flops_per_matmul"": 2147483648.0, ""rel_err_vs_cpu_fp32"": 0.0, ""reduced_for_time_budget"": false}","{""torch"":""2.14.0"",""device_name"":""Apple M1 Pro (16-core GPU)"",""seed"":1234,""git_commit"":""2c24789d48523ca307f7e9c6d6bded783520cc40"",""code_sha256"":""ad2062058ca50491"",""hostname"":""Kims-MacBook-Pro-16.local""}"
20260919T172639,2026-09-19T17:26:42.005+07:00,matmul,mps,Apple M1 Pro (16-core GPU),matmul,,,,float32,measure,25,0.8657910002511926,2480.371876557909,GFLOPS,32.390625,"mps_driver_allocated_memory (snapshot after work, not a peak; includes allocator cache)",,,ok,,,"{""matrix_size"": 1024, ""matmuls_per_sec"": 1155.013161039869, ""flops_per_matmul"": 2147483648.0, ""rel_err_vs_cpu_fp32"": 0.0, ""reduced_for_time_budget"": false}","{""torch"":""2.14.0"",""device_name"":""Apple M1 Pro (16-core GPU)"",""seed"":1234,""git_commit"":""2c24789d48523ca307f7e9c6d6bded783520cc40"",""code_sha256"":""ad2062058ca50491"",""hostname"":""Kims-MacBook-Pro-16.local""}"
20260919T172639,2026-09-19T17:26:42.005+07:00,matmul,mps,Apple M1 Pro (16-core GPU),matmul,,,,float32,measure,26,0.7908330007921904,2715.4704543801663,GFLOPS,32.390625,"mps_driver_allocated_memory (snapshot after work, not a peak; includes allocator cache)",,,ok,,,"{""matrix_size"": 1024, ""matmuls_per_sec"": 1264.4894674328, ""flops_per_matmul"": 2147483648.0, ""rel_err_vs_cpu_fp32"": 0.0, ""reduced_for_time_budget"": false}","{""torch"":""2.14.0"",""device_name"":""Apple M1 Pro (16-core GPU)"",""seed"":1234,""git_commit"":""2c24789d48523ca307f7e9c6d6bded783520cc40"",""code_sha256"":""ad2062058ca50491"",""hostname"":""Kims-MacBook-Pro-16.local""}"
20260919T172639,2026-09-19T17:26:42.005+07:00,matmul,mps,Apple M1 Pro (16-core GPU),matmul,,,,float32,measure,27,0.767707999330014,2797.2662130316858,GFLOPS,32.390625,"mps_driver_allocated_memory (snapshot after work, not a peak; includes allocator cache)",,,ok,,,"{""matrix_size"": 1024, ""matmuls_per_sec"": 1302.5785857027795, ""flops_per_matmul"": 2147483648.0, ""rel_err_vs_cpu_fp32"": 0.0, ""reduced_for_time_budget"": false}","{""torch"":""2.14.0"",""device_name"":""Apple M1 Pro (16-core GPU)"",""seed"":1234,""git_commit"":""2c24789d48523ca307f7e9c6d6bded783520cc40"",""code_sha256"":""ad2062058ca50491"",""hostname"":""Kims-MacBook-Pro-16.local""}"
20260919T172639,2026-09-19T17:26:42.005+07:00,matmul,mps,Apple M1 Pro (16-core GPU),matmul,,,,float32,measure,28,0.7641670017619617,2810.228187095864,GFLOPS,32.390625,"mps_driver_allocated_memory (snapshot after work, not a peak; includes allocator cache)",,,ok,,,"{""matrix_size"": 1024, ""matmuls_per_sec"": 1308.6144752315545, ""flops_per_matmul"": 2147483648.0, ""rel_err_vs_cpu_fp32"": 0.0, ""reduced_for_time_budget"": false}","{""torch"":""2.14.0"",""device_name"":""Apple M1 Pro (16-core GPU)"",""seed"":1234,""git_commit"":""2c24789d48523ca307f7e9c6d6bded783520cc40"",""code_sha256"":""ad2062058ca50491"",""hostname"":""Kims-MacBook-Pro-16.local""}"
20260919T172639,2026-09-19T17:26:42.005+07:00,matmul,mps,Apple M1 Pro (16-core GPU),matmul,,,,float32,measure,29,0.7735830004094169,2776.022284439355,GFLOPS,32.390625,"mps_driver_allocated_memory (snapshot after work, not a peak; includes allocator cache)",,,ok,,,"{""matrix_size"": 1024, ""matmuls_per_sec"": 1292.6861105670012, ""flops_per_matmul"": 2147483648.0, ""rel_err_vs_cpu_fp32"": 0.0, ""reduced_for_time_budget"": false}","{""torch"":""2.14.0"",""device_name"":""Apple M1 Pro (16-core GPU)"",""seed"":1234,""git_commit"":""2c24789d48523ca307f7e9c6d6bded783520cc40"",""code_sha256"":""ad2062058ca50491"",""hostname"":""Kims-MacBook-Pro-16.local""}"
20260919T172639,2026-09-19T17:26:42.005+07:00,matmul,mps,Apple M1 Pro (16-core GPU),matmul,,,,float32,measure,30,0.7549160000053234,2844.665695236101,GFLOPS,32.390625,"mps_driver_allocated_memory (snapshot after work, not a peak; includes allocator cache)",,,ok,,,"{""matrix_size"": 1024, ""matmuls_per_sec"": 1324.650689603808, ""flops_per_matmul"": 2147483648.0, ""rel_err_vs_cpu_fp32"": 0.0, ""reduced_for_time_budget"": false}","{""torch"":""2.14.0"",""device_name"":""Apple M1 Pro (16-core GPU)"",""seed"":1234,""git_commit"":""2c24789d48523ca307f7e9c6d6bded783520cc40"",""code_sha256"":""ad2062058ca50491"",""hostname"":""Kims-MacBook-Pro-16.local""}"
20260919T172639,2026-09-19T17:26:42.005+07:00,matmul,mps,Apple M1 Pro (16-core GPU),matmul,,,,float32,measure,31,0.7554159965366125,2842.782861159492,GFLOPS,32.390625,"mps_driver_allocated_memory (snapshot after work, not a peak; includes allocator cache)",,,ok,,,"{""matrix_size"": 1024, ""matmuls_per_sec"": 1323.773926663907, ""flops_per_matmul"": 2147483648.0, ""rel_err_vs_cpu_fp32"": 0.0, ""reduced_for_time_budget"": false}","{""torch"":""2.14.0"",""device_name"":""Apple M1 Pro (16-core GPU)"",""seed"":1234,""git_commit"":""2c24789d48523ca307f7e9c6d6bded783520cc40"",""code_sha256"":""ad2062058ca50491"",""hostname"":""Kims-MacBook-Pro-16.local""}"
20260919T172639,2026-09-19T17:26:42.005+07:00,matmul,mps,Apple M1 Pro (16-core GPU),matmul,,,,float32,measure,32,0.7505419998778962,2861.243805608972,GFLOPS,32.390625,"mps_driver_allocated_memory (snapshot after work, not a peak; includes allocator cache)",,,ok,,,"{""matrix_size"": 1024, ""matmuls_per_sec"": 1332.3704738211686, ""flops_per_matmul"": 2147483648.0, ""rel_err_vs_cpu_fp32"": 0.0, ""reduced_for_time_budget"": false}","{""torch"":""2.14.0"",""device_name"":""Apple M1 Pro (16-core GPU)"",""seed"":1234,""git_commit"":""2c24789d48523ca307f7e9c6d6bded783520cc40"",""code_sha256"":""ad2062058ca50491"",""hostname"":""Kims-MacBook-Pro-16.local""}"
20260919T172639,2026-09-19T17:26:42.005+07:00,matmul,mps,Apple M1 Pro (16-core GPU),matmul,,,,float32,measure,33,0.7694580053794198,2790.9042897553268,GFLOPS,32.390625,"mps_driver_allocated_memory (snapshot after work, not a peak; includes allocator cache)",,,ok,,,"{""matrix_size"": 1024, ""matmuls_per_sec"": 1299.6160843201571, ""flops_per_matmul"": 2147483648.0, ""rel_err_vs_cpu_fp32"": 0.0, ""reduced_for_time_budget"": false}","{""torch"":""2.14.0"",""device_name"":""Apple M1 Pro (16-core GPU)"",""seed"":1234,""git_commit"":""2c24789d48523ca307f7e9c6d6bded783520cc40"",""code_sha256"":""ad2062058ca50491"",""hostname"":""Kims-MacBook-Pro-16.local""}"
20260919T172639,2026-09-19T17:26:42.005+07:00,matmul,mps,Apple M1 Pro (16-core GPU),matmul,,,,float32,measure,34,0.8236249996116385,2607.3560771134885,GFLOPS,32.390625,"mps_driver_allocated_memory (snapshot after work, not a peak; includes allocator cache)",,,ok,,,"{""matrix_size"": 1024, ""matmuls_per_sec"": 1214.144787338324, ""flops_per_matmul"": 2147483648.0, ""rel_err_vs_cpu_fp32"": 0.0, ""reduced_for_time_budget"": false}","{""torch"":""2.14.0"",""device_name"":""Apple M1 Pro (16-core GPU)"",""seed"":1234,""git_commit"":""2c24789d48523ca307f7e9c6d6bded783520cc40"",""code_sha256"":""ad2062058ca50491"",""hostname"":""Kims-MacBook-Pro-16.local""}"
20260919T172639,2026-09-19T17:26:42.005+07:00,matmul,mps,Apple M1 Pro (16-core GPU),matmul,,,,float32,measure,35,0.7655410008737817,2805.184367067056,GFLOPS,32.390625,"mps_driver_allocated_memory (snapshot after work, not a peak; includes allocator cache)",,,ok,,,"{""matrix_size"": 1024, ""matmuls_per_sec"": 1306.2657635039911, ""flops_per_matmul"": 2147483648.0, ""rel_err_vs_cpu_fp32"": 0.0, ""reduced_for_time_budget"": false}","{""torch"":""2.14.0"",""device_name"":""Apple M1 Pro (16-core GPU)"",""seed"":1234,""git_commit"":""2c24789d48523ca307f7e9c6d6bded783520cc40"",""code_sha256"":""ad2062058ca50491"",""hostname"":""Kims-MacBook-Pro-16.local""}"
20260919T172639,2026-09-19T17:26:42.005+07:00,matmul,mps,Apple M1 Pro (16-core GPU),matmul,,,,float32,measure,36,0.7634169960510917,2812.9890467571927,GFLOPS,32.390625,"mps_driver_allocated_memory (snapshot after work, not a peak; includes allocator cache)",,,ok,,,"{""matrix_size"": 1024, ""matmuls_per_sec"": 1309.9001006955248, ""flops_per_matmul"": 2147483648.0, ""rel_err_vs_cpu_fp32"": 0.0, ""reduced_for_time_budget"": false}","{""torch"":""2.14.0"",""device_name"":""Apple M1 Pro (16-core GPU)"",""seed"":1234,""git_commit"":""2c24789d48523ca307f7e9c6d6bded783520cc40"",""code_sha256"":""ad2062058ca50491"",""hostname"":""Kims-MacBook-Pro-16.local""}"
20260919T172639,2026-09-19T17:26:42.005+07:00,matmul,mps,Apple M1 Pro (16-core GPU),matmul,,,,float32,measure,37,0.7587909931316972,2830.13855915298,GFLOPS,32.390625,"mps_driver_allocated_memory (snapshot after work, not a peak; includes allocator cache)",,,ok,,,"{""matrix_size"": 1024, ""matmuls_per_sec"": 1317.885964714447, ""flops_per_matmul"": 2147483648.0, ""rel_err_vs_cpu_fp32"": 0.0, ""reduced_for_time_budget"": false}","{""torch"":""2.14.0"",""device_name"":""Apple M1 Pro (16-core GPU)"",""seed"":1234,""git_commit"":""2c24789d48523ca307f7e9c6d6bded783520cc40"",""code_sha256"":""ad2062058ca50491"",""hostname"":""Kims-MacBook-Pro-16.local""}"
20260919T172639,2026-09-19T17:26:42.005+07:00,matmul,mps,Apple M1 Pro (16-core GPU),matmul,,,,float32,measure,38,0.7708339981036261,2785.922329948018,GFLOPS,32.390625,"mps_driver_allocated_memory (snapshot after work, not a peak; includes allocator cache)",,,ok,,,"{""matrix_size"": 1024, ""matmuls_per_sec"": 1297.2961785029704, ""flops_per_matmul"": 2147483648.0, ""rel_err_vs_cpu_fp32"": 0.0, ""reduced_for_time_budget"": false}","{""torch"":""2.14.0"",""device_name"":""Apple M1 Pro (16-core GPU)"",""seed"":1234,""git_commit"":""2c24789d48523ca307f7e9c6d6bded783520cc40"",""code_sha256"":""ad2062058ca50491"",""hostname"":""Kims-MacBook-Pro-16.local""}"
20260919T172639,2026-09-19T17:26:42.005+07:00,matmul,mps,Apple M1 Pro (16-core GPU),matmul,,,,float32,measure,39,0.7529169961344451,2852.21831759066,GFLOPS,32.390625,"mps_driver_allocated_memory (snapshot after work, not a peak; includes allocator cache)",,,ok,,,"{""matrix_size"": 1024, ""matmuls_per_sec"": 1328.1676534519809, ""flops_per_matmul"": 2147483648.0, ""rel_err_vs_cpu_fp32"": 0.0, ""reduced_for_time_budget"": false}","{""torch"":""2.14.0"",""device_name"":""Apple M1 Pro (16-core GPU)"",""seed"":1234,""git_commit"":""2c24789d48523ca307f7e9c6d6bded783520cc40"",""code_sha256"":""ad2062058ca50491"",""hostname"":""Kims-MacBook-Pro-16.local""}"
20260919T172639,2026-09-19T17:26:42.005+07:00,matmul,mps,Apple M1 Pro (16-core GPU),matmul,,,,float32,measure,40,0.774375002947636,2773.183069992789,GFLOPS,32.390625,"mps_driver_allocated_memory (snapshot after work, not a peak; includes allocator cache)",,,ok,,,"{""matrix_size"": 1024, ""matmuls_per_sec"": 1291.3639983128705, ""flops_per_matmul"": 2147483648.0, ""rel_err_vs_cpu_fp32"": 0.0, ""reduced_for_time_budget"": false}","{""torch"":""2.14.0"",""device_name"":""Apple M1 Pro (16-core GPU)"",""seed"":1234,""git_commit"":""2c24789d48523ca307f7e9c6d6bded783520cc40"",""code_sha256"":""ad2062058ca50491"",""hostname"":""Kims-MacBook-Pro-16.local""}"
20260919T172639,2026-09-19T17:26:42.005+07:00,matmul,mps,Apple M1 Pro (16-core GPU),matmul,,,,float32,measure,41,0.755208995542489,2843.5620611979057,GFLOPS,32.390625,"mps_driver_allocated_memory (snapshot after work, not a peak; includes allocator cache)",,,ok,,,"{""matrix_size"": 1024, ""matmuls_per_sec"": 1324.1367699568652, ""flops_per_matmul"": 2147483648.0, ""rel_err_vs_cpu_fp32"": 0.0, ""reduced_for_time_budget"": false}","{""torch"":""2.14.0"",""device_name"":""Apple M1 Pro (16-core GPU)"",""seed"":1234,""git_commit"":""2c24789d48523ca307f7e9c6d6bded783520cc40"",""code_sha256"":""ad2062058ca50491"",""hostname"":""Kims-MacBook-Pro-16.local""}"
20260919T172639,2026-09-19T17:26:42.005+07:00,matmul,mps,Apple M1 Pro (16-core GPU),matmul,,,,float32,measure,42,0.7397500012302771,2902.9856633031745,GFLOPS,32.390625,"mps_driver_allocated_memory (snapshot after work, not a peak; includes allocator cache)",,,ok,,,"{""matrix_size"": 1024, ""matmuls_per_sec"": 1351.8080410096675, ""flops_per_matmul"": 2147483648.0, ""rel_err_vs_cpu_fp32"": 0.0, ""reduced_for_time_budget"": false}","{""torch"":""2.14.0"",""device_name"":""Apple M1 Pro (16-core GPU)"",""seed"":1234,""git_commit"":""2c24789d48523ca307f7e9c6d6bded783520cc40"",""code_sha256"":""ad2062058ca50491"",""hostname"":""Kims-MacBook-Pro-16.local""}"
20260919T172639,2026-09-19T17:26:42.005+07:00,matmul,mps,Apple M1 Pro (16-core GPU),matmul,,,,float32,measure,43,0.749708000512328,2864.4267455228887,GFLOPS,32.390625,"mps_driver_allocated_memory (snapshot after work, not a peak; includes allocator cache)",,,ok,,,"{""matrix_size"": 1024, ""matmuls_per_sec"": 1333.8526457189064, ""flops_per_matmul"": 2147483648.0, ""rel_err_vs_cpu_fp32"": 0.0, ""reduced_for_time_budget"": false}","{""torch"":""2.14.0"",""device_name"":""Apple M1 Pro (16-core GPU)"",""seed"":1234,""git_commit"":""2c24789d48523ca307f7e9c6d6bded783520cc40"",""code_sha256"":""ad2062058ca50491"",""hostname"":""Kims-MacBook-Pro-16.local""}"
20260919T172639,2026-09-19T17:26:42.005+07:00,matmul,mps,Apple M1 Pro (16-core GPU),matmul,,,,float32,measure,44,0.7587500003864989,2830.291462149714,GFLOPS,32.390625,"mps_driver_allocated_memory (snapshot after work, not a peak; includes allocator cache)",,,ok,,,"{""matrix_size"": 1024, ""matmuls_per_sec"": 1317.9571657207393, ""flops_per_matmul"": 2147483648.0, ""rel_err_vs_cpu_fp32"": 0.0, ""reduced_for_time_budget"": false}","{""torch"":""2.14.0"",""device_name"":""Apple M1 Pro (16-core GPU)"",""seed"":1234,""git_commit"":""2c24789d48523ca307f7e9c6d6bded783520cc40"",""code_sha256"":""ad2062058ca50491"",""hostname"":""Kims-MacBook-Pro-16.local""}"
20260919T172639,2026-09-19T17:26:42.005+07:00,matmul,mps,Apple M1 Pro (16-core GPU),matmul,,,,float32,measure,45,0.7574170012958348,2835.272570230078,GFLOPS,32.390625,"mps_driver_allocated_memory (snapshot after work, not a peak; includes allocator cache)",,,ok,,,"{""matrix_size"": 1024, ""matmuls_per_sec"": 1320.2766749216607, ""flops_per_matmul"": 2147483648.0, ""rel_err_vs_cpu_fp32"": 0.0, ""reduced_for_time_budget"": false}","{""torch"":""2.14.0"",""device_name"":""Apple M1 Pro (16-core GPU)"",""seed"":1234,""git_commit"":""2c24789d48523ca307f7e9c6d6bded783520cc40"",""code_sha256"":""ad2062058ca50491"",""hostname"":""Kims-MacBook-Pro-16.local""}"
20260919T172639,2026-09-19T17:26:42.005+07:00,matmul,mps,Apple M1 Pro (16-core GPU),matmul,,,,float32,measure,46,0.7519580030930229,2855.8558312655396,GFLOPS,32.390625,"mps_driver_allocated_memory (snapshot after work, not a peak; includes allocator cache)",,,ok,,,"{""matrix_size"": 1024, ""matmuls_per_sec"": 1329.861502752425, ""flops_per_matmul"": 2147483648.0, ""rel_err_vs_cpu_fp32"": 0.0, ""reduced_for_time_budget"": false}","{""torch"":""2.14.0"",""device_name"":""Apple M1 Pro (16-core GPU)"",""seed"":1234,""git_commit"":""2c24789d48523ca307f7e9c6d6bded783520cc40"",""code_sha256"":""ad2062058ca50491"",""hostname"":""Kims-MacBook-Pro-16.local""}"
20260919T172639,2026-09-19T17:26:42.005+07:00,matmul,mps,Apple M1 Pro (16-core GPU),matmul,,,,float32,measure,47,0.756124994950369,2840.11725884152,GFLOPS,32.390625,"mps_driver_allocated_memory (snapshot after work, not a peak; includes allocator cache)",,,ok,,,"{""matrix_size"": 1024, ""matmuls_per_sec"": 1322.53265885707, ""flops_per_matmul"": 2147483648.0, ""rel_err_vs_cpu_fp32"": 0.0, ""reduced_for_time_budget"": false}","{""torch"":""2.14.0"",""device_name"":""Apple M1 Pro (16-core GPU)"",""seed"":1234,""git_commit"":""2c24789d48523ca307f7e9c6d6bded783520cc40"",""code_sha256"":""ad2062058ca50491"",""hostname"":""Kims-MacBook-Pro-16.local""}"
20260919T172639,2026-09-19T17:26:42.005+07:00,matmul,mps,Apple M1 Pro (16-core GPU),matmul,,,,float32,measure,48,0.7452079953509383,2881.723842735601,GFLOPS,32.390625,"mps_driver_allocated_memory (snapshot after work, not a peak; includes allocator cache)",,,ok,,,"{""matrix_size"": 1024, ""matmuls_per_sec"": 1341.9072342736652, ""flops_per_matmul"": 2147483648.0, ""rel_err_vs_cpu_fp32"": 0.0, ""reduced_for_time_budget"": false}","{""torch"":""2.14.0"",""device_name"":""Apple M1 Pro (16-core GPU)"",""seed"":1234,""git_commit"":""2c24789d48523ca307f7e9c6d6bded783520cc40"",""code_sha256"":""ad2062058ca50491"",""hostname"":""Kims-MacBook-Pro-16.local""}"
20260919T172639,2026-09-19T17:26:42.006+07:00,matmul,mps,Apple M1 Pro (16-core GPU),matmul,,,,float32,measure,49,0.7497499973396771,2864.266296258584,GFLOPS,32.390625,"mps_driver_allocated_memory (snapshot after work, not a peak; includes allocator cache)",,,ok,,,"{""matrix_size"": 1024, ""matmuls_per_sec"": 1333.7779307079427, ""flops_per_matmul"": 2147483648.0, ""rel_err_vs_cpu_fp32"": 0.0, ""reduced_for_time_budget"": false}","{""torch"":""2.14.0"",""device_name"":""Apple M1 Pro (16-core GPU)"",""seed"":1234,""git_commit"":""2c24789d48523ca307f7e9c6d6bded783520cc40"",""code_sha256"":""ad2062058ca50491"",""hostname"":""Kims-MacBook-Pro-16.local""}"
20260919T172639,2026-09-19T17:26:42.006+07:00,matmul,mps,Apple M1 Pro (16-core GPU),matmul,,,,float32,measure,50,0.7323749960050918,2932.2186853919707,GFLOPS,32.390625,"mps_driver_allocated_memory (snapshot after work, not a peak; includes allocator cache)",,,ok,,,"{""matrix_size"": 1024, ""matmuls_per_sec"": 1365.420727707432, ""flops_per_matmul"": 2147483648.0, ""rel_err_vs_cpu_fp32"": 0.0, ""reduced_for_time_budget"": false}","{""torch"":""2.14.0"",""device_name"":""Apple M1 Pro (16-core GPU)"",""seed"":1234,""git_commit"":""2c24789d48523ca307f7e9c6d6bded783520cc40"",""code_sha256"":""ad2062058ca50491"",""hostname"":""Kims-MacBook-Pro-16.local""}"
20260919T172639,2026-09-19T17:26:42.006+07:00,matmul,mps,Apple M1 Pro (16-core GPU),matmul,,,,float32,measure,51,0.8145000028889626,2636.5667776342016,GFLOPS,32.390625,"mps_driver_allocated_memory (snapshot after work, not a peak; includes allocator cache)",,,ok,,,"{""matrix_size"": 1024, ""matmuls_per_sec"": 1227.7470797459603, ""flops_per_matmul"": 2147483648.0, ""rel_err_vs_cpu_fp32"": 0.0, ""reduced_for_time_budget"": false}","{""torch"":""2.14.0"",""device_name"":""Apple M1 Pro (16-core GPU)"",""seed"":1234,""git_commit"":""2c24789d48523ca307f7e9c6d6bded783520cc40"",""code_sha256"":""ad2062058ca50491"",""hostname"":""Kims-MacBook-Pro-16.local""}"
20260919T172639,2026-09-19T17:26:42.006+07:00,matmul,mps,Apple M1 Pro (16-core GPU),matmul,,,,float32,measure,52,0.7563339968328364,2839.3324338091775,GFLOPS,32.390625,"mps_driver_allocated_memory (snapshot after work, not a peak; includes allocator cache)",,,ok,,,"{""matrix_size"": 1024, ""matmuls_per_sec"": 1322.1671962221978, ""flops_per_matmul"": 2147483648.0, ""rel_err_vs_cpu_fp32"": 0.0, ""reduced_for_time_budget"": false}","{""torch"":""2.14.0"",""device_name"":""Apple M1 Pro (16-core GPU)"",""seed"":1234,""git_commit"":""2c24789d48523ca307f7e9c6d6bded783520cc40"",""code_sha256"":""ad2062058ca50491"",""hostname"":""Kims-MacBook-Pro-16.local""}"
20260919T172639,2026-09-19T17:26:42.006+07:00,matmul,mps,Apple M1 Pro (16-core GPU),matmul,,,,float32,measure,53,0.7624580030096695,2816.5271261147295,GFLOPS,32.390625,"mps_driver_allocated_memory (snapshot after work, not a peak; includes allocator cache)",,,ok,,,"{""matrix_size"": 1024, ""matmuls_per_sec"": 1311.5476472837522, ""flops_per_matmul"": 2147483648.0, ""rel_err_vs_cpu_fp32"": 0.0, ""reduced_for_time_budget"": false}","{""torch"":""2.14.0"",""device_name"":""Apple M1 Pro (16-core GPU)"",""seed"":1234,""git_commit"":""2c24789d48523ca307f7e9c6d6bded783520cc40"",""code_sha256"":""ad2062058ca50491"",""hostname"":""Kims-MacBook-Pro-16.local""}"
20260919T172639,2026-09-19T17:26:42.006+07:00,matmul,mps,Apple M1 Pro (16-core GPU),matmul,,,,float32,measure,54,0.8186249979189597,2623.281299079742,GFLOPS,32.390625,"mps_driver_allocated_memory (snapshot after work, not a peak; includes allocator cache)",,,ok,,,"{""matrix_size"": 1024, ""matmuls_per_sec"": 1221.5605466997913, ""flops_per_matmul"": 2147483648.0, ""rel_err_vs_cpu_fp32"": 0.0, ""reduced_for_time_budget"": false}","{""torch"":""2.14.0"",""device_name"":""Apple M1 Pro (16-core GPU)"",""seed"":1234,""git_commit"":""2c24789d48523ca307f7e9c6d6bded783520cc40"",""code_sha256"":""ad2062058ca50491"",""hostname"":""Kims-MacBook-Pro-16.local""}"
20260919T172639,2026-09-19T17:26:42.006+07:00,matmul,mps,Apple M1 Pro (16-core GPU),matmul,,,,float32,measure,55,0.7894579975982197,2720.2000037156163,GFLOPS,32.390625,"mps_driver_allocated_memory (snapshot after work, not a peak; includes allocator cache)",,,ok,,,"{""matrix_size"": 1024, ""matmuls_per_sec"": 1266.691835464731, ""flops_per_matmul"": 2147483648.0, ""rel_err_vs_cpu_fp32"": 0.0, ""reduced_for_time_budget"": false}","{""torch"":""2.14.0"",""device_name"":""Apple M1 Pro (16-core GPU)"",""seed"":1234,""git_commit"":""2c24789d48523ca307f7e9c6d6bded783520cc40"",""code_sha256"":""ad2062058ca50491"",""hostname"":""Kims-MacBook-Pro-16.local""}"
20260919T172639,2026-09-19T17:26:42.006+07:00,matmul,mps,Apple M1 Pro (16-core GPU),matmul,,,,float32,measure,56,0.7388329977402464,2906.5887075539054,GFLOPS,32.390625,"mps_driver_allocated_memory (snapshot after work, not a peak; includes allocator cache)",,,ok,,,"{""matrix_size"": 1024, ""matmuls_per_sec"": 1353.4858392336896, ""flops_per_matmul"": 2147483648.0, ""rel_err_vs_cpu_fp32"": 0.0, ""reduced_for_time_budget"": false}","{""torch"":""2.14.0"",""device_name"":""Apple M1 Pro (16-core GPU)"",""seed"":1234,""git_commit"":""2c24789d48523ca307f7e9c6d6bded783520cc40"",""code_sha256"":""ad2062058ca50491"",""hostname"":""Kims-MacBook-Pro-16.local""}"
20260919T172639,2026-09-19T17:26:42.006+07:00,matmul,mps,Apple M1 Pro (16-core GPU),matmul,,,,float32,measure,57,0.7392080005956814,2905.114184734848,GFLOPS,32.390625,"mps_driver_allocated_memory (snapshot after work, not a peak; includes allocator cache)",,,ok,,,"{""matrix_size"": 1024, ""matmuls_per_sec"": 1352.7992110396028, ""flops_per_matmul"": 2147483648.0, ""rel_err_vs_cpu_fp32"": 0.0, ""reduced_for_time_budget"": false}","{""torch"":""2.14.0"",""device_name"":""Apple M1 Pro (16-core GPU)"",""seed"":1234,""git_commit"":""2c24789d48523ca307f7e9c6d6bded783520cc40"",""code_sha256"":""ad2062058ca50491"",""hostname"":""Kims-MacBook-Pro-16.local""}"
20260919T172639,2026-09-19T17:26:42.006+07:00,matmul,mps,Apple M1 Pro (16-core GPU),matmul,,,,float32,measure,58,0.7653749999008141,2805.792779066856,GFLOPS,32.390625,"mps_driver_allocated_memory (snapshot after work, not a peak; includes allocator cache)",,,ok,,,"{""matrix_size"": 1024, ""matmuls_per_sec"": 1306.5490774190314, ""flops_per_matmul"": 2147483648.0, ""rel_err_vs_cpu_fp32"": 0.0, ""reduced_for_time_budget"": false}","{""torch"":""2.14.0"",""device_name"":""Apple M1 Pro (16-core GPU)"",""seed"":1234,""git_commit"":""2c24789d48523ca307f7e9c6d6bded783520cc40"",""code_sha256"":""ad2062058ca50491"",""hostname"":""Kims-MacBook-Pro-16.local""}"
20260919T172639,2026-09-19T17:26:42.006+07:00,matmul,mps,Apple M1 Pro (16-core GPU),matmul,,,,float32,measure,59,0.7658749964321032,2803.9610354225474,GFLOPS,32.390625,"mps_driver_allocated_memory (snapshot after work, not a peak; includes allocator cache)",,,ok,,,"{""matrix_size"": 1024, ""matmuls_per_sec"": 1305.6961053156049, ""flops_per_matmul"": 2147483648.0, ""rel_err_vs_cpu_fp32"": 0.0, ""reduced_for_time_budget"": false}","{""torch"":""2.14.0"",""device_name"":""Apple M1 Pro (16-core GPU)"",""seed"":1234,""git_commit"":""2c24789d48523ca307f7e9c6d6bded783520cc40"",""code_sha256"":""ad2062058ca50491"",""hostname"":""Kims-MacBook-Pro-16.local""}"
20260919T172639,2026-09-19T17:26:42.006+07:00,matmul,mps,Apple M1 Pro (16-core GPU),matmul,,,,float32,measure,60,0.7507910049753264,2860.294854052725,GFLOPS,32.390625,"mps_driver_allocated_memory (snapshot after work, not a peak; includes allocator cache)",,,ok,,,"{""matrix_size"": 1024, ""matmuls_per_sec"": 1331.9285838178942, ""flops_per_matmul"": 2147483648.0, ""rel_err_vs_cpu_fp32"": 0.0, ""reduced_for_time_budget"": false}","{""torch"":""2.14.0"",""device_name"":""Apple M1 Pro (16-core GPU)"",""seed"":1234,""git_commit"":""2c24789d48523ca307f7e9c6d6bded783520cc40"",""code_sha256"":""ad2062058ca50491"",""hostname"":""Kims-MacBook-Pro-16.local""}"
20260919T172639,2026-09-19T17:26:42.006+07:00,matmul,mps,Apple M1 Pro (16-core GPU),matmul,,,,float32,measure,61,0.8062080014497042,2663.684364504502,GFLOPS,32.390625,"mps_driver_allocated_memory (snapshot after work, not a peak; includes allocator cache)",,,ok,,,"{""matrix_size"": 1024, ""matmuls_per_sec"": 1240.3746901566637, ""flops_per_matmul"": 2147483648.0, ""rel_err_vs_cpu_fp32"": 0.0, ""reduced_for_time_budget"": false}","{""torch"":""2.14.0"",""device_name"":""Apple M1 Pro (16-core GPU)"",""seed"":1234,""git_commit"":""2c24789d48523ca307f7e9c6d6bded783520cc40"",""code_sha256"":""ad2062058ca50491"",""hostname"":""Kims-MacBook-Pro-16.local""}"
20260919T172639,2026-09-19T17:26:42.006+07:00,matmul,mps,Apple M1 Pro (16-core GPU),matmul,,,,float32,measure,62,0.785291995271109,2734.630762737645,GFLOPS,32.390625,"mps_driver_allocated_memory (snapshot after work, not a peak; includes allocator cache)",,,ok,,,"{""matrix_size"": 1024, ""matmuls_per_sec"": 1273.4116812877567, ""flops_per_matmul"": 2147483648.0, ""rel_err_vs_cpu_fp32"": 0.0, ""reduced_for_time_budget"": false}","{""torch"":""2.14.0"",""device_name"":""Apple M1 Pro (16-core GPU)"",""seed"":1234,""git_commit"":""2c24789d48523ca307f7e9c6d6bded783520cc40"",""code_sha256"":""ad2062058ca50491"",""hostname"":""Kims-MacBook-Pro-16.local""}"
20260919T172639,2026-09-19T17:26:42.006+07:00,matmul,mps,Apple M1 Pro (16-core GPU),matmul,,,,float32,measure,63,0.7651249979971908,2806.7095619948423,GFLOPS,32.390625,"mps_driver_allocated_memory (snapshot after work, not a peak; includes allocator cache)",,,ok,,,"{""matrix_size"": 1024, ""matmuls_per_sec"": 1306.9759877374593, ""flops_per_matmul"": 2147483648.0, ""rel_err_vs_cpu_fp32"": 0.0, ""reduced_for_time_budget"": false}","{""torch"":""2.14.0"",""device_name"":""Apple M1 Pro (16-core GPU)"",""seed"":1234,""git_commit"":""2c24789d48523ca307f7e9c6d6bded783520cc40"",""code_sha256"":""ad2062058ca50491"",""hostname"":""Kims-MacBook-Pro-16.local""}"
20260919T172639,2026-09-19T17:26:42.006+07:00,matmul,mps,Apple M1 Pro (16-core GPU),matmul,,,,float32,measure,64,0.7554580006399192,2842.624800029849,GFLOPS,32.390625,"mps_driver_allocated_memory (snapshot after work, not a peak; includes allocator cache)",,,ok,,,"{""matrix_size"": 1024, ""matmuls_per_sec"": 1323.7003237148044, ""flops_per_matmul"": 2147483648.0, ""rel_err_vs_cpu_fp32"": 0.0, ""reduced_for_time_budget"": false}","{""torch"":""2.14.0"",""device_name"":""Apple M1 Pro (16-core GPU)"",""seed"":1234,""git_commit"":""2c24789d48523ca307f7e9c6d6bded783520cc40"",""code_sha256"":""ad2062058ca50491"",""hostname"":""Kims-MacBook-Pro-16.local""}"
20260919T172639,2026-09-19T17:26:42.006+07:00,matmul,mps,Apple M1 Pro (16-core GPU),matmul,,,,float32,measure,65,0.7322910023503937,2932.555010381585,GFLOPS,32.390625,"mps_driver_allocated_memory (snapshot after work, not a peak; includes allocator cache)",,,ok,,,"{""matrix_size"": 1024, ""matmuls_per_sec"": 1365.5773412350495, ""flops_per_matmul"": 2147483648.0, ""rel_err_vs_cpu_fp32"": 0.0, ""reduced_for_time_budget"": false}","{""torch"":""2.14.0"",""device_name"":""Apple M1 Pro (16-core GPU)"",""seed"":1234,""git_commit"":""2c24789d48523ca307f7e9c6d6bded783520cc40"",""code_sha256"":""ad2062058ca50491"",""hostname"":""Kims-MacBook-Pro-16.local""}"
20260919T172639,2026-09-19T17:26:42.006+07:00,matmul,mps,Apple M1 Pro (16-core GPU),matmul,,,,float32,measure,66,0.7606669969391078,2823.158697092663,GFLOPS,32.390625,"mps_driver_allocated_memory (snapshot after work, not a peak; includes allocator cache)",,,ok,,,"{""matrix_size"": 1024, ""matmuls_per_sec"": 1314.6357131622092, ""flops_per_matmul"": 2147483648.0, ""rel_err_vs_cpu_fp32"": 0.0, ""reduced_for_time_budget"": false}","{""torch"":""2.14.0"",""device_name"":""Apple M1 Pro (16-core GPU)"",""seed"":1234,""git_commit"":""2c24789d48523ca307f7e9c6d6bded783520cc40"",""code_sha256"":""ad2062058ca50491"",""hostname"":""Kims-MacBook-Pro-16.local""}"
20260919T172639,2026-09-19T17:26:42.006+07:00,matmul,mps,Apple M1 Pro (16-core GPU),matmul,,,,float32,measure,67,0.7561660022474825,2839.9632377245634,GFLOPS,32.390625,"mps_driver_allocated_memory (snapshot after work, not a peak; includes allocator cache)",,,ok,,,"{""matrix_size"": 1024, ""matmuls_per_sec"": 1322.4609371854754, ""flops_per_matmul"": 2147483648.0, ""rel_err_vs_cpu_fp32"": 0.0, ""reduced_for_time_budget"": false}","{""torch"":""2.14.0"",""device_name"":""Apple M1 Pro (16-core GPU)"",""seed"":1234,""git_commit"":""2c24789d48523ca307f7e9c6d6bded783520cc40"",""code_sha256"":""ad2062058ca50491"",""hostname"":""Kims-MacBook-Pro-16.local""}"
20260919T172639,2026-09-19T17:26:42.006+07:00,matmul,mps,Apple M1 Pro (16-core GPU),matmul,,,,float32,measure,68,0.7417080050799996,2895.3221932239703,GFLOPS,32.390625,"mps_driver_allocated_memory (snapshot after work, not a peak; includes allocator cache)",,,ok,,,"{""matrix_size"": 1024, ""matmuls_per_sec"": 1348.239459667341, ""flops_per_matmul"": 2147483648.0, ""rel_err_vs_cpu_fp32"": 0.0, ""reduced_for_time_budget"": false}","{""torch"":""2.14.0"",""device_name"":""Apple M1 Pro (16-core GPU)"",""seed"":1234,""git_commit"":""2c24789d48523ca307f7e9c6d6bded783520cc40"",""code_sha256"":""ad2062058ca50491"",""hostname"":""Kims-MacBook-Pro-16.local""}"
20260919T172639,2026-09-19T17:26:42.006+07:00,matmul,mps,Apple M1 Pro (16-core GPU),matmul,,,,float32,measure,69,0.7686669996473938,2793.7763023326133,GFLOPS,32.390625,"mps_driver_allocated_memory (snapshot after work, not a peak; includes allocator cache)",,,ok,,,"{""matrix_size"": 1024, ""matmuls_per_sec"": 1300.9534693940604, ""flops_per_matmul"": 2147483648.0, ""rel_err_vs_cpu_fp32"": 0.0, ""reduced_for_time_budget"": false}","{""torch"":""2.14.0"",""device_name"":""Apple M1 Pro (16-core GPU)"",""seed"":1234,""git_commit"":""2c24789d48523ca307f7e9c6d6bded783520cc40"",""code_sha256"":""ad2062058ca50491"",""hostname"":""Kims-MacBook-Pro-16.local""}"
20260919T172639,2026-09-19T17:26:42.006+07:00,matmul,mps,Apple M1 Pro (16-core GPU),matmul,,,,float32,measure,70,0.7600830067531206,2825.3277983065277,GFLOPS,32.390625,"mps_driver_allocated_memory (snapshot after work, not a peak; includes allocator cache)",,,ok,,,"{""matrix_size"": 1024, ""matmuls_per_sec"": 1315.6457796257585, ""flops_per_matmul"": 2147483648.0, ""rel_err_vs_cpu_fp32"": 0.0, ""reduced_for_time_budget"": false}","{""torch"":""2.14.0"",""device_name"":""Apple M1 Pro (16-core GPU)"",""seed"":1234,""git_commit"":""2c24789d48523ca307f7e9c6d6bded783520cc40"",""code_sha256"":""ad2062058ca50491"",""hostname"":""Kims-MacBook-Pro-16.local""}"
20260919T172639,2026-09-19T17:26:42.006+07:00,matmul,mps,Apple M1 Pro (16-core GPU),matmul,,,,float32,measure,71,0.7632080014445819,2813.759347301514,GFLOPS,32.390625,"mps_driver_allocated_memory (snapshot after work, not a peak; includes allocator cache)",,,ok,,,"{""matrix_size"": 1024, ""matmuls_per_sec"": 1310.2587998386073, ""flops_per_matmul"": 2147483648.0, ""rel_err_vs_cpu_fp32"": 0.0, ""reduced_for_time_budget"": false}","{""torch"":""2.14.0"",""device_name"":""Apple M1 Pro (16-core GPU)"",""seed"":1234,""git_commit"":""2c24789d48523ca307f7e9c6d6bded783520cc40"",""code_sha256"":""ad2062058ca50491"",""hostname"":""Kims-MacBook-Pro-16.local""}"
20260919T172639,2026-09-19T17:26:42.006+07:00,matmul,mps,Apple M1 Pro (16-core GPU),matmul,,,,float32,measure,72,0.7755829938105308,2768.863764597467,GFLOPS,32.390625,"mps_driver_allocated_memory (snapshot after work, not a peak; includes allocator cache)",,,ok,,,"{""matrix_size"": 1024, ""matmuls_per_sec"": 1289.3526650022095, ""flops_per_matmul"": 2147483648.0, ""rel_err_vs_cpu_fp32"": 0.0, ""reduced_for_time_budget"": false}","{""torch"":""2.14.0"",""device_name"":""Apple M1 Pro (16-core GPU)"",""seed"":1234,""git_commit"":""2c24789d48523ca307f7e9c6d6bded783520cc40"",""code_sha256"":""ad2062058ca50491"",""hostname"":""Kims-MacBook-Pro-16.local""}"
20260919T172639,2026-09-19T17:26:42.006+07:00,matmul,mps,Apple M1 Pro (16-core GPU),matmul,,,,float32,measure,73,0.7545830012531951,2845.9210510089756,GFLOPS,32.390625,"mps_driver_allocated_memory (snapshot after work, not a peak; includes allocator cache)",,,ok,,,"{""matrix_size"": 1024, ""matmuls_per_sec"": 1325.2352601890339, ""flops_per_matmul"": 2147483648.0, ""rel_err_vs_cpu_fp32"": 0.0, ""reduced_for_time_budget"": false}","{""torch"":""2.14.0"",""device_name"":""Apple M1 Pro (16-core GPU)"",""seed"":1234,""git_commit"":""2c24789d48523ca307f7e9c6d6bded783520cc40"",""code_sha256"":""ad2062058ca50491"",""hostname"":""Kims-MacBook-Pro-16.local""}"
20260919T172639,2026-09-19T17:26:42.006+07:00,matmul,mps,Apple M1 Pro (16-core GPU),matmul,,,,float32,measure,74,0.7414589999825694,2896.294532874352,GFLOPS,32.390625,"mps_driver_allocated_memory (snapshot after work, not a peak; includes allocator cache)",,,ok,,,"{""matrix_size"": 1024, ""matmuls_per_sec"": 1348.6922406006381, ""flops_per_matmul"": 2147483648.0, ""rel_err_vs_cpu_fp32"": 0.0, ""reduced_for_time_budget"": false}","{""torch"":""2.14.0"",""device_name"":""Apple M1 Pro (16-core GPU)"",""seed"":1234,""git_commit"":""2c24789d48523ca307f7e9c6d6bded783520cc40"",""code_sha256"":""ad2062058ca50491"",""hostname"":""Kims-MacBook-Pro-16.local""}"
20260919T172639,2026-09-19T17:26:42.006+07:00,matmul,mps,Apple M1 Pro (16-core GPU),matmul,,,,float32,measure,75,0.7794579942128621,2755.0986248702757,GFLOPS,32.390625,"mps_driver_allocated_memory (snapshot after work, not a peak; includes allocator cache)",,,ok,,,"{""matrix_size"": 1024, ""matmuls_per_sec"": 1282.9427723168749, ""flops_per_matmul"": 2147483648.0, ""rel_err_vs_cpu_fp32"": 0.0, ""reduced_for_time_budget"": false}","{""torch"":""2.14.0"",""device_name"":""Apple M1 Pro (16-core GPU)"",""seed"":1234,""git_commit"":""2c24789d48523ca307f7e9c6d6bded783520cc40"",""code_sha256"":""ad2062058ca50491"",""hostname"":""Kims-MacBook-Pro-16.local""}"
20260919T172639,2026-09-19T17:26:42.006+07:00,matmul,mps,Apple M1 Pro (16-core GPU),matmul,,,,float32,measure,76,0.7501250001951121,2862.8343908567595,GFLOPS,32.390625,"mps_driver_allocated_memory (snapshot after work, not a peak; includes allocator cache)",,,ok,,,"{""matrix_size"": 1024, ""matmuls_per_sec"": 1333.111147795226, ""flops_per_matmul"": 2147483648.0, ""rel_err_vs_cpu_fp32"": 0.0, ""reduced_for_time_budget"": false}","{""torch"":""2.14.0"",""device_name"":""Apple M1 Pro (16-core GPU)"",""seed"":1234,""git_commit"":""2c24789d48523ca307f7e9c6d6bded783520cc40"",""code_sha256"":""ad2062058ca50491"",""hostname"":""Kims-MacBook-Pro-16.local""}"
20260919T172639,2026-09-19T17:26:42.006+07:00,matmul,mps,Apple M1 Pro (16-core GPU),matmul,,,,float32,measure,77,0.7649999970453791,2807.168178162245,GFLOPS,32.390625,"mps_driver_allocated_memory (snapshot after work, not a peak; includes allocator cache)",,,ok,,,"{""matrix_size"": 1024, ""matmuls_per_sec"": 1307.1895475323522, ""flops_per_matmul"": 2147483648.0, ""rel_err_vs_cpu_fp32"": 0.0, ""reduced_for_time_budget"": false}","{""torch"":""2.14.0"",""device_name"":""Apple M1 Pro (16-core GPU)"",""seed"":1234,""git_commit"":""2c24789d48523ca307f7e9c6d6bded783520cc40"",""code_sha256"":""ad2062058ca50491"",""hostname"":""Kims-MacBook-Pro-16.local""}"
20260919T172639,2026-09-19T17:26:42.006+07:00,matmul,mps,Apple M1 Pro (16-core GPU),matmul,,,,float32,measure,78,0.7751250013825484,2770.4997828345754,GFLOPS,32.390625,"mps_driver_allocated_memory (snapshot after work, not a peak; includes allocator cache)",,,ok,,,"{""matrix_size"": 1024, ""matmuls_per_sec"": 1290.1144953605603, ""flops_per_matmul"": 2147483648.0, ""rel_err_vs_cpu_fp32"": 0.0, ""reduced_for_time_budget"": false}","{""torch"":""2.14.0"",""device_name"":""Apple M1 Pro (16-core GPU)"",""seed"":1234,""git_commit"":""2c24789d48523ca307f7e9c6d6bded783520cc40"",""code_sha256"":""ad2062058ca50491"",""hostname"":""Kims-MacBook-Pro-16.local""}"
20260919T172639,2026-09-19T17:26:42.006+07:00,matmul,mps,Apple M1 Pro (16-core GPU),matmul,,,,float32,measure,79,0.7401670009130612,2901.350161991672,GFLOPS,32.390625,"mps_driver_allocated_memory (snapshot after work, not a peak; includes allocator cache)",,,ok,,,"{""matrix_size"": 1024, ""matmuls_per_sec"": 1351.0464513635598, ""flops_per_matmul"": 2147483648.0, ""rel_err_vs_cpu_fp32"": 0.0, ""reduced_for_time_budget"": false}","{""torch"":""2.14.0"",""device_name"":""Apple M1 Pro (16-core GPU)"",""seed"":1234,""git_commit"":""2c24789d48523ca307f7e9c6d6bded783520cc40"",""code_sha256"":""ad2062058ca50491"",""hostname"":""Kims-MacBook-Pro-16.local""}"
20260919T172639,2026-09-19T17:26:42.006+07:00,matmul,mps,Apple M1 Pro (16-core GPU),matmul,,,,float32,measure,80,0.7448329997714609,2883.1746829946014,GFLOPS,32.390625,"mps_driver_allocated_memory (snapshot after work, not a peak; includes allocator cache)",,,ok,,,"{""matrix_size"": 1024, ""matmuls_per_sec"": 1342.5828344163492, ""flops_per_matmul"": 2147483648.0, ""rel_err_vs_cpu_fp32"": 0.0, ""reduced_for_time_budget"": false}","{""torch"":""2.14.0"",""device_name"":""Apple M1 Pro (16-core GPU)"",""seed"":1234,""git_commit"":""2c24789d48523ca307f7e9c6d6bded783520cc40"",""code_sha256"":""ad2062058ca50491"",""hostname"":""Kims-MacBook-Pro-16.local""}"
20260919T172639,2026-09-19T17:26:42.006+07:00,matmul,mps,Apple M1 Pro (16-core GPU),matmul,,,,float32,measure,81,0.7542919993284158,2847.0189925281093,GFLOPS,32.390625,"mps_driver_allocated_memory (snapshot after work, not a peak; includes allocator cache)",,,ok,,,"{""matrix_size"": 1024, ""matmuls_per_sec"": 1325.7465290502223, ""flops_per_matmul"": 2147483648.0, ""rel_err_vs_cpu_fp32"": 0.0, ""reduced_for_time_budget"": false}","{""torch"":""2.14.0"",""device_name"":""Apple M1 Pro (16-core GPU)"",""seed"":1234,""git_commit"":""2c24789d48523ca307f7e9c6d6bded783520cc40"",""code_sha256"":""ad2062058ca50491"",""hostname"":""Kims-MacBook-Pro-16.local""}"
20260919T172639,2026-09-19T17:26:42.006+07:00,matmul,mps,Apple M1 Pro (16-core GPU),matmul,,,,float32,measure,82,0.7522910018451512,2854.591697538382,GFLOPS,32.390625,"mps_driver_allocated_memory (snapshot after work, not a peak; includes allocator cache)",,,ok,,,"{""matrix_size"": 1024, ""matmuls_per_sec"": 1329.2728446137075, ""flops_per_matmul"": 2147483648.0, ""rel_err_vs_cpu_fp32"": 0.0, ""reduced_for_time_budget"": false}","{""torch"":""2.14.0"",""device_name"":""Apple M1 Pro (16-core GPU)"",""seed"":1234,""git_commit"":""2c24789d48523ca307f7e9c6d6bded783520cc40"",""code_sha256"":""ad2062058ca50491"",""hostname"":""Kims-MacBook-Pro-16.local""}"
20260919T172639,2026-09-19T17:26:42.006+07:00,matmul,mps,Apple M1 Pro (16-core GPU),matmul,,,,float32,measure,83,0.7542079983977601,2847.336083099245,GFLOPS,32.390625,"mps_driver_allocated_memory (snapshot after work, not a peak; includes allocator cache)",,,ok,,,"{""matrix_size"": 1024, ""matmuls_per_sec"": 1325.8941858537705, ""flops_per_matmul"": 2147483648.0, ""rel_err_vs_cpu_fp32"": 0.0, ""reduced_for_time_budget"": false}","{""torch"":""2.14.0"",""device_name"":""Apple M1 Pro (16-core GPU)"",""seed"":1234,""git_commit"":""2c24789d48523ca307f7e9c6d6bded783520cc40"",""code_sha256"":""ad2062058ca50491"",""hostname"":""Kims-MacBook-Pro-16.local""}"
20260919T172639,2026-09-19T17:26:42.006+07:00,matmul,mps,Apple M1 Pro (16-core GPU),matmul,,,,float32,measure,84,0.7641670017619617,2810.228187095864,GFLOPS,32.390625,"mps_driver_allocated_memory (snapshot after work, not a peak; includes allocator cache)",,,ok,,,"{""matrix_size"": 1024, ""matmuls_per_sec"": 1308.6144752315545, ""flops_per_matmul"": 2147483648.0, ""rel_err_vs_cpu_fp32"": 0.0, ""reduced_for_time_budget"": false}","{""torch"":""2.14.0"",""device_name"":""Apple M1 Pro (16-core GPU)"",""seed"":1234,""git_commit"":""2c24789d48523ca307f7e9c6d6bded783520cc40"",""code_sha256"":""ad2062058ca50491"",""hostname"":""Kims-MacBook-Pro-16.local""}"
20260919T172639,2026-09-19T17:26:42.006+07:00,matmul,mps,Apple M1 Pro (16-core GPU),matmul,,,,float32,measure,85,0.7895829985500313,2719.769361730914,GFLOPS,32.390625,"mps_driver_allocated_memory (snapshot after work, not a peak; includes allocator cache)",,,ok,,,"{""matrix_size"": 1024, ""matmuls_per_sec"": 1266.4913021637658, ""flops_per_matmul"": 2147483648.0, ""rel_err_vs_cpu_fp32"": 0.0, ""reduced_for_time_budget"": false}","{""torch"":""2.14.0"",""device_name"":""Apple M1 Pro (16-core GPU)"",""seed"":1234,""git_commit"":""2c24789d48523ca307f7e9c6d6bded783520cc40"",""code_sha256"":""ad2062058ca50491"",""hostname"":""Kims-MacBook-Pro-16.local""}"
20260919T172639,2026-09-19T17:26:42.006+07:00,matmul,mps,Apple M1 Pro (16-core GPU),matmul,,,,float32,measure,86,0.7621250042575411,2817.7577641506055,GFLOPS,32.390625,"mps_driver_allocated_memory (snapshot after work, not a peak; includes allocator cache)",,,ok,,,"{""matrix_size"": 1024, ""matmuls_per_sec"": 1312.120707775748, ""flops_per_matmul"": 2147483648.0, ""rel_err_vs_cpu_fp32"": 0.0, ""reduced_for_time_budget"": false}","{""torch"":""2.14.0"",""device_name"":""Apple M1 Pro (16-core GPU)"",""seed"":1234,""git_commit"":""2c24789d48523ca307f7e9c6d6bded783520cc40"",""code_sha256"":""ad2062058ca50491"",""hostname"":""Kims-MacBook-Pro-16.local""}"
20260919T172639,2026-09-19T17:26:42.007+07:00,matmul,mps,Apple M1 Pro (16-core GPU),matmul,,,,float32,measure,87,0.742500000342261,2892.2338680270723,GFLOPS,32.390625,"mps_driver_allocated_memory (snapshot after work, not a peak; includes allocator cache)",,,ok,,,"{""matrix_size"": 1024, ""matmuls_per_sec"": 1346.8013461805285, ""flops_per_matmul"": 2147483648.0, ""rel_err_vs_cpu_fp32"": 0.0, ""reduced_for_time_budget"": false}","{""torch"":""2.14.0"",""device_name"":""Apple M1 Pro (16-core GPU)"",""seed"":1234,""git_commit"":""2c24789d48523ca307f7e9c6d6bded783520cc40"",""code_sha256"":""ad2062058ca50491"",""hostname"":""Kims-MacBook-Pro-16.local""}"
20260919T172639,2026-09-19T17:26:42.007+07:00,matmul,mps,Apple M1 Pro (16-core GPU),matmul,,,,float32,measure,88,0.7421670015901327,2893.5315682304667,GFLOPS,32.390625,"mps_driver_allocated_memory (snapshot after work, not a peak; includes allocator cache)",,,ok,,,"{""matrix_size"": 1024, ""matmuls_per_sec"": 1347.4056349277807, ""flops_per_matmul"": 2147483648.0, ""rel_err_vs_cpu_fp32"": 0.0, ""reduced_for_time_budget"": false}","{""torch"":""2.14.0"",""device_name"":""Apple M1 Pro (16-core GPU)"",""seed"":1234,""git_commit"":""2c24789d48523ca307f7e9c6d6bded783520cc40"",""code_sha256"":""ad2062058ca50491"",""hostname"":""Kims-MacBook-Pro-16.local""}"
20260919T172639,2026-09-19T17:26:42.007+07:00,matmul,mps,Apple M1 Pro (16-core GPU),matmul,,,,float32,measure,89,0.7576670031994581,2834.3370358371913,GFLOPS,32.390625,"mps_driver_allocated_memory (snapshot after work, not a peak; includes allocator cache)",,,ok,,,"{""matrix_size"": 1024, ""matmuls_per_sec"": 1319.8410327719484, ""flops_per_matmul"": 2147483648.0, ""rel_err_vs_cpu_fp32"": 0.0, ""reduced_for_time_budget"": false}","{""torch"":""2.14.0"",""device_name"":""Apple M1 Pro (16-core GPU)"",""seed"":1234,""git_commit"":""2c24789d48523ca307f7e9c6d6bded783520cc40"",""code_sha256"":""ad2062058ca50491"",""hostname"":""Kims-MacBook-Pro-16.local""}"
20260919T172639,2026-09-19T17:26:42.007+07:00,matmul,mps,Apple M1 Pro (16-core GPU),matmul,,,,float32,measure,90,0.7619159950991161,2818.5307328016365,GFLOPS,32.390625,"mps_driver_allocated_memory (snapshot after work, not a peak; includes allocator cache)",,,ok,,,"{""matrix_size"": 1024, ""matmuls_per_sec"": 1312.4806493528358, ""flops_per_matmul"": 2147483648.0, ""rel_err_vs_cpu_fp32"": 0.0, ""reduced_for_time_budget"": false}","{""torch"":""2.14.0"",""device_name"":""Apple M1 Pro (16-core GPU)"",""seed"":1234,""git_commit"":""2c24789d48523ca307f7e9c6d6bded783520cc40"",""code_sha256"":""ad2062058ca50491"",""hostname"":""Kims-MacBook-Pro-16.local""}"
20260919T172639,2026-09-19T17:26:42.007+07:00,matmul,mps,Apple M1 Pro (16-core GPU),matmul,,,,float32,measure,91,0.7410420002997853,2897.9243377989974,GFLOPS,32.390625,"mps_driver_allocated_memory (snapshot after work, not a peak; includes allocator cache)",,,ok,,,"{""matrix_size"": 1024, ""matmuls_per_sec"": 1349.451177659909, ""flops_per_matmul"": 2147483648.0, ""rel_err_vs_cpu_fp32"": 0.0, ""reduced_for_time_budget"": false}","{""torch"":""2.14.0"",""device_name"":""Apple M1 Pro (16-core GPU)"",""seed"":1234,""git_commit"":""2c24789d48523ca307f7e9c6d6bded783520cc40"",""code_sha256"":""ad2062058ca50491"",""hostname"":""Kims-MacBook-Pro-16.local""}"
20260919T172639,2026-09-19T17:26:42.007+07:00,matmul,mps,Apple M1 Pro (16-core GPU),matmul,,,,float32,measure,92,0.7525419932790101,2853.6396203524628,GFLOPS,32.390625,"mps_driver_allocated_memory (snapshot after work, not a peak; includes allocator cache)",,,ok,,,"{""matrix_size"": 1024, ""matmuls_per_sec"": 1328.8294991256962, ""flops_per_matmul"": 2147483648.0, ""rel_err_vs_cpu_fp32"": 0.0, ""reduced_for_time_budget"": false}","{""torch"":""2.14.0"",""device_name"":""Apple M1 Pro (16-core GPU)"",""seed"":1234,""git_commit"":""2c24789d48523ca307f7e9c6d6bded783520cc40"",""code_sha256"":""ad2062058ca50491"",""hostname"":""Kims-MacBook-Pro-16.local""}"
20260919T172639,2026-09-19T17:26:42.007+07:00,matmul,mps,Apple M1 Pro (16-core GPU),matmul,,,,float32,measure,93,0.7569590015918948,2836.988058116508,GFLOPS,32.390625,"mps_driver_allocated_memory (snapshot after work, not a peak; includes allocator cache)",,,ok,,,"{""matrix_size"": 1024, ""matmuls_per_sec"": 1321.0755112192164, ""flops_per_matmul"": 2147483648.0, ""rel_err_vs_cpu_fp32"": 0.0, ""reduced_for_time_budget"": false}","{""torch"":""2.14.0"",""device_name"":""Apple M1 Pro (16-core GPU)"",""seed"":1234,""git_commit"":""2c24789d48523ca307f7e9c6d6bded783520cc40"",""code_sha256"":""ad2062058ca50491"",""hostname"":""Kims-MacBook-Pro-16.local""}"
20260919T172639,2026-09-19T17:26:42.007+07:00,matmul,mps,Apple M1 Pro (16-core GPU),matmul,,,,float32,measure,94,0.7674579974263906,2798.177431470407,GFLOPS,32.390625,"mps_driver_allocated_memory (snapshot after work, not a peak; includes allocator cache)",,,ok,,,"{""matrix_size"": 1024, ""matmuls_per_sec"": 1303.0029048539732, ""flops_per_matmul"": 2147483648.0, ""rel_err_vs_cpu_fp32"": 0.0, ""reduced_for_time_budget"": false}","{""torch"":""2.14.0"",""device_name"":""Apple M1 Pro (16-core GPU)"",""seed"":1234,""git_commit"":""2c24789d48523ca307f7e9c6d6bded783520cc40"",""code_sha256"":""ad2062058ca50491"",""hostname"":""Kims-MacBook-Pro-16.local""}"
20260919T172639,2026-09-19T17:26:42.007+07:00,matmul,mps,Apple M1 Pro (16-core GPU),matmul,,,,float32,measure,95,0.7651249979971908,2806.7095619948423,GFLOPS,32.390625,"mps_driver_allocated_memory (snapshot after work, not a peak; includes allocator cache)",,,ok,,,"{""matrix_size"": 1024, ""matmuls_per_sec"": 1306.9759877374593, ""flops_per_matmul"": 2147483648.0, ""rel_err_vs_cpu_fp32"": 0.0, ""reduced_for_time_budget"": false}","{""torch"":""2.14.0"",""device_name"":""Apple M1 Pro (16-core GPU)"",""seed"":1234,""git_commit"":""2c24789d48523ca307f7e9c6d6bded783520cc40"",""code_sha256"":""ad2062058ca50491"",""hostname"":""Kims-MacBook-Pro-16.local""}"
20260919T172639,2026-09-19T17:26:42.007+07:00,matmul,mps,Apple M1 Pro (16-core GPU),matmul,,,,float32,measure,96,0.75545900472207,2842.621021891254,GFLOPS,32.390625,"mps_driver_allocated_memory (snapshot after work, not a peak; includes allocator cache)",,,ok,,,"{""matrix_size"": 1024, ""matmuls_per_sec"": 1323.6985643819226, ""flops_per_matmul"": 2147483648.0, ""rel_err_vs_cpu_fp32"": 0.0, ""reduced_for_time_budget"": false}","{""torch"":""2.14.0"",""device_name"":""Apple M1 Pro (16-core GPU)"",""seed"":1234,""git_commit"":""2c24789d48523ca307f7e9c6d6bded783520cc40"",""code_sha256"":""ad2062058ca50491"",""hostname"":""Kims-MacBook-Pro-16.local""}"
20260919T172639,2026-09-19T17:26:42.007+07:00,matmul,mps,Apple M1 Pro (16-core GPU),matmul,,,,float32,measure,97,0.7969590005814098,2694.597396394714,GFLOPS,32.390625,"mps_driver_allocated_memory (snapshot after work, not a peak; includes allocator cache)",,,ok,,,"{""matrix_size"": 1024, ""matmuls_per_sec"": 1254.769692381245, ""flops_per_matmul"": 2147483648.0, ""rel_err_vs_cpu_fp32"": 0.0, ""reduced_for_time_budget"": false}","{""torch"":""2.14.0"",""device_name"":""Apple M1 Pro (16-core GPU)"",""seed"":1234,""git_commit"":""2c24789d48523ca307f7e9c6d6bded783520cc40"",""code_sha256"":""ad2062058ca50491"",""hostname"":""Kims-MacBook-Pro-16.local""}"
20260919T172639,2026-09-19T17:26:42.007+07:00,matmul,mps,Apple M1 Pro (16-core GPU),matmul,,,,float32,measure,98,0.7763339963275939,2766.1852477909706,GFLOPS,32.390625,"mps_driver_allocated_memory (snapshot after work, not a peak; includes allocator cache)",,,ok,,,"{""matrix_size"": 1024, ""matmuls_per_sec"": 1288.1053834180211, ""flops_per_matmul"": 2147483648.0, ""rel_err_vs_cpu_fp32"": 0.0, ""reduced_for_time_budget"": false}","{""torch"":""2.14.0"",""device_name"":""Apple M1 Pro (16-core GPU)"",""seed"":1234,""git_commit"":""2c24789d48523ca307f7e9c6d6bded783520cc40"",""code_sha256"":""ad2062058ca50491"",""hostname"":""Kims-MacBook-Pro-16.local""}"
20260919T172639,2026-09-19T17:26:42.007+07:00,matmul,mps,Apple M1 Pro (16-core GPU),matmul,,,,float32,measure,99,0.8170419969246723,2628.363849206137,GFLOPS,32.390625,"mps_driver_allocated_memory (snapshot after work, not a peak; includes allocator cache)",,,ok,,,"{""matrix_size"": 1024, ""matmuls_per_sec"": 1223.9272935344543, ""flops_per_matmul"": 2147483648.0, ""rel_err_vs_cpu_fp32"": 0.0, ""reduced_for_time_budget"": false}","{""torch"":""2.14.0"",""device_name"":""Apple M1 Pro (16-core GPU)"",""seed"":1234,""git_commit"":""2c24789d48523ca307f7e9c6d6bded783520cc40"",""code_sha256"":""ad2062058ca50491"",""hostname"":""Kims-MacBook-Pro-16.local""}"
20260919T172639,2026-09-19T17:26:42.483+07:00,matmul,mps,Apple M1 Pro (16-core GPU),matmul,,,,float32,warmup,0,4.947083005390596,3472.727092971744,GFLOPS,1024.390625,"mps_driver_allocated_memory (snapshot after work, not a peak; includes allocator cache)",,,ok,,,"{""matrix_size"": 2048, ""matmuls_per_sec"": 202.13932107271066, ""flops_per_matmul"": 17179869184.0, ""rel_err_vs_cpu_fp32"": 0.0, ""reduced_for_time_budget"": false}","{""torch"":""2.14.0"",""device_name"":""Apple M1 Pro (16-core GPU)"",""seed"":1234,""git_commit"":""2c24789d48523ca307f7e9c6d6bded783520cc40"",""code_sha256"":""ad2062058ca50491"",""hostname"":""Kims-MacBook-Pro-16.local""}"
20260919T172639,2026-09-19T17:26:42.483+07:00,matmul,mps,Apple M1 Pro (16-core GPU),matmul,,,,float32,warmup,1,4.339209001045674,3959.2168019240257,GFLOPS,1024.390625,"mps_driver_allocated_memory (snapshot after work, not a peak; includes allocator cache)",,,ok,,,"{""matrix_size"": 2048, ""matmuls_per_sec"": 230.45674908929655, ""flops_per_matmul"": 17179869184.0, ""rel_err_vs_cpu_fp32"": 0.0, ""reduced_for_time_budget"": false}","{""torch"":""2.14.0"",""device_name"":""Apple M1 Pro (16-core GPU)"",""seed"":1234,""git_commit"":""2c24789d48523ca307f7e9c6d6bded783520cc40"",""code_sha256"":""ad2062058ca50491"",""hostname"":""Kims-MacBook-Pro-16.local""}"
20260919T172639,2026-09-19T17:26:42.483+07:00,matmul,mps,Apple M1 Pro (16-core GPU),matmul,,,,float32,warmup,2,4.297542000131216,3997.6035565156667,GFLOPS,1024.390625,"mps_driver_allocated_memory (snapshot after work, not a peak; includes allocator cache)",,,ok,,,"{""matrix_size"": 2048, ""matmuls_per_sec"": 232.69115228413526, ""flops_per_matmul"": 17179869184.0, ""rel_err_vs_cpu_fp32"": 0.0, ""reduced_for_time_budget"": false}","{""torch"":""2.14.0"",""device_name"":""Apple M1 Pro (16-core GPU)"",""seed"":1234,""git_commit"":""2c24789d48523ca307f7e9c6d6bded783520cc40"",""code_sha256"":""ad2062058ca50491"",""hostname"":""Kims-MacBook-Pro-16.local""}"
20260919T172639,2026-09-19T17:26:42.483+07:00,matmul,mps,Apple M1 Pro (16-core GPU),matmul,,,,float32,warmup,3,4.230624996125698,4060.834793850294,GFLOPS,1024.390625,"mps_driver_allocated_memory (snapshot after work, not a peak; includes allocator cache)",,,ok,,,"{""matrix_size"": 2048, ""matmuls_per_sec"": 236.37169470604823, ""flops_per_matmul"": 17179869184.0, ""rel_err_vs_cpu_fp32"": 0.0, ""reduced_for_time_budget"": false}","{""torch"":""2.14.0"",""device_name"":""Apple M1 Pro (16-core GPU)"",""seed"":1234,""git_commit"":""2c24789d48523ca307f7e9c6d6bded783520cc40"",""code_sha256"":""ad2062058ca50491"",""hostname"":""Kims-MacBook-Pro-16.local""}"
20260919T172639,2026-09-19T17:26:42.483+07:00,matmul,mps,Apple M1 Pro (16-core GPU),matmul,,,,float32,warmup,4,4.185624995443504,4104.493164748898,GFLOPS,1024.390625,"mps_driver_allocated_memory (snapshot after work, not a peak; includes allocator cache)",,,ok,,,"{""matrix_size"": 2048, ""matmuls_per_sec"": 238.91294635534857, ""flops_per_matmul"": 17179869184.0, ""rel_err_vs_cpu_fp32"": 0.0, ""reduced_for_time_budget"": false}","{""torch"":""2.14.0"",""device_name"":""Apple M1 Pro (16-core GPU)"",""seed"":1234,""git_commit"":""2c24789d48523ca307f7e9c6d6bded783520cc40"",""code_sha256"":""ad2062058ca50491"",""hostname"":""Kims-MacBook-Pro-16.local""}"
20260919T172639,2026-09-19T17:26:42.484+07:00,matmul,mps,Apple M1 Pro (16-core GPU),matmul,,,,float32,warmup,5,4.2019590036943555,4088.5380292609916,GFLOPS,1024.390625,"mps_driver_allocated_memory (snapshot after work, not a peak; includes allocator cache)",,,ok,,,"{""matrix_size"": 2048, ""matmuls_per_sec"": 237.9842352390401, ""flops_per_matmul"": 17179869184.0, ""rel_err_vs_cpu_fp32"": 0.0, ""reduced_for_time_budget"": false}","{""torch"":""2.14.0"",""device_name"":""Apple M1 Pro (16-core GPU)"",""seed"":1234,""git_commit"":""2c24789d48523ca307f7e9c6d6bded783520cc40"",""code_sha256"":""ad2062058ca50491"",""hostname"":""Kims-MacBook-Pro-16.local""}"
20260919T172639,2026-09-19T17:26:42.484+07:00,matmul,mps,Apple M1 Pro (16-core GPU),matmul,,,,float32,warmup,6,4.177499999059364,4112.476167054061,GFLOPS,1024.390625,"mps_driver_allocated_memory (snapshot after work, not a peak; includes allocator cache)",,,ok,,,"{""matrix_size"": 2048, ""matmuls_per_sec"": 239.37761824659896, ""flops_per_matmul"": 17179869184.0, ""rel_err_vs_cpu_fp32"": 0.0, ""reduced_for_time_budget"": false}","{""torch"":""2.14.0"",""device_name"":""Apple M1 Pro (16-core GPU)"",""seed"":1234,""git_commit"":""2c24789d48523ca307f7e9c6d6bded783520cc40"",""code_sha256"":""ad2062058ca50491"",""hostname"":""Kims-MacBook-Pro-16.local""}"
20260919T172639,2026-09-19T17:26:42.484+07:00,matmul,mps,Apple M1 Pro (16-core GPU),matmul,,,,float32,warmup,7,4.275417006283533,4018.2908845501943,GFLOPS,1024.390625,"mps_driver_allocated_memory (snapshot after work, not a peak; includes allocator cache)",,,ok,,,"{""matrix_size"": 2048, ""matmuls_per_sec"": 233.89531325957472, ""flops_per_matmul"": 17179869184.0, ""rel_err_vs_cpu_fp32"": 0.0, ""reduced_for_time_budget"": false}","{""torch"":""2.14.0"",""device_name"":""Apple M1 Pro (16-core GPU)"",""seed"":1234,""git_commit"":""2c24789d48523ca307f7e9c6d6bded783520cc40"",""code_sha256"":""ad2062058ca50491"",""hostname"":""Kims-MacBook-Pro-16.local""}"
20260919T172639,2026-09-19T17:26:42.484+07:00,matmul,mps,Apple M1 Pro (16-core GPU),matmul,,,,float32,warmup,8,4.218834001221694,4072.1842051678345,GFLOPS,1024.390625,"mps_driver_allocated_memory (snapshot after work, not a peak; includes allocator cache)",,,ok,,,"{""matrix_size"": 2048, ""matmuls_per_sec"": 237.0323173915871, ""flops_per_matmul"": 17179869184.0, ""rel_err_vs_cpu_fp32"": 0.0, ""reduced_for_time_budget"": false}","{""torch"":""2.14.0"",""device_name"":""Apple M1 Pro (16-core GPU)"",""seed"":1234,""git_commit"":""2c24789d48523ca307f7e9c6d6bded783520cc40"",""code_sha256"":""ad2062058ca50491"",""hostname"":""Kims-MacBook-Pro-16.local""}"
20260919T172639,2026-09-19T17:26:42.484+07:00,matmul,mps,Apple M1 Pro (16-core GPU),matmul,,,,float32,warmup,9,4.1685000032885,4121.35520461723,GFLOPS,1024.390625,"mps_driver_allocated_memory (snapshot after work, not a peak; includes allocator cache)",,,ok,,,"{""matrix_size"": 2048, ""matmuls_per_sec"": 239.8944462543138, ""flops_per_matmul"": 17179869184.0, ""rel_err_vs_cpu_fp32"": 0.0, ""reduced_for_time_budget"": false}","{""torch"":""2.14.0"",""device_name"":""Apple M1 Pro (16-core GPU)"",""seed"":1234,""git_commit"":""2c24789d48523ca307f7e9c6d6bded783520cc40"",""code_sha256"":""ad2062058ca50491"",""hostname"":""Kims-MacBook-Pro-16.local""}"
20260919T172639,2026-09-19T17:26:42.484+07:00,matmul,mps,Apple M1 Pro (16-core GPU),matmul,,,,float32,measure,0,4.296624996641185,3998.4567416123296,GFLOPS,1024.390625,"mps_driver_allocated_memory (snapshot after work, not a peak; includes allocator cache)",,,ok,,,"{""matrix_size"": 2048, ""matmuls_per_sec"": 232.74081419293825, ""flops_per_matmul"": 17179869184.0, ""rel_err_vs_cpu_fp32"": 0.0, ""reduced_for_time_budget"": false}","{""torch"":""2.14.0"",""device_name"":""Apple M1 Pro (16-core GPU)"",""seed"":1234,""git_commit"":""2c24789d48523ca307f7e9c6d6bded783520cc40"",""code_sha256"":""ad2062058ca50491"",""hostname"":""Kims-MacBook-Pro-16.local""}"
20260919T172639,2026-09-19T17:26:42.484+07:00,matmul,mps,Apple M1 Pro (16-core GPU),matmul,,,,float32,measure,1,4.316875005315524,3979.7003996747203,GFLOPS,1024.390625,"mps_driver_allocated_memory (snapshot after work, not a peak; includes allocator cache)",,,ok,,,"{""matrix_size"": 2048, ""matmuls_per_sec"": 231.64905140145683, ""flops_per_matmul"": 17179869184.0, ""rel_err_vs_cpu_fp32"": 0.0, ""reduced_for_time_budget"": false}","{""torch"":""2.14.0"",""device_name"":""Apple M1 Pro (16-core GPU)"",""seed"":1234,""git_commit"":""2c24789d48523ca307f7e9c6d6bded783520cc40"",""code_sha256"":""ad2062058ca50491"",""hostname"":""Kims-MacBook-Pro-16.local""}"
20260919T172639,2026-09-19T17:26:42.484+07:00,matmul,mps,Apple M1 Pro (16-core GPU),matmul,,,,float32,measure,2,4.253416998835746,4039.074745951904,GFLOPS,1024.390625,"mps_driver_allocated_memory (snapshot after work, not a peak; includes allocator cache)",,,ok,,,"{""matrix_size"": 2048, ""matmuls_per_sec"": 235.10509321651793, ""flops_per_matmul"": 17179869184.0, ""rel_err_vs_cpu_fp32"": 0.0, ""reduced_for_time_budget"": false}","{""torch"":""2.14.0"",""device_name"":""Apple M1 Pro (16-core GPU)"",""seed"":1234,""git_commit"":""2c24789d48523ca307f7e9c6d6bded783520cc40"",""code_sha256"":""ad2062058ca50491"",""hostname"":""Kims-MacBook-Pro-16.local""}"
20260919T172639,2026-09-19T17:26:42.484+07:00,matmul,mps,Apple M1 Pro (16-core GPU),matmul,,,,float32,measure,3,4.211833002045751,4078.9530771176064,GFLOPS,1024.390625,"mps_driver_allocated_memory (snapshot after work, not a peak; includes allocator cache)",,,ok,,,"{""matrix_size"": 2048, ""matmuls_per_sec"": 237.4263175948061, ""flops_per_matmul"": 17179869184.0, ""rel_err_vs_cpu_fp32"": 0.0, ""reduced_for_time_budget"": false}","{""torch"":""2.14.0"",""device_name"":""Apple M1 Pro (16-core GPU)"",""seed"":1234,""git_commit"":""2c24789d48523ca307f7e9c6d6bded783520cc40"",""code_sha256"":""ad2062058ca50491"",""hostname"":""Kims-MacBook-Pro-16.local""}"
20260919T172639,2026-09-19T17:26:42.484+07:00,matmul,mps,Apple M1 Pro (16-core GPU),matmul,,,,float32,measure,4,4.266165997250937,4027.004386390611,GFLOPS,1024.390625,"mps_driver_allocated_memory (snapshot after work, not a peak; includes allocator cache)",,,ok,,,"{""matrix_size"": 2048, ""matmuls_per_sec"": 234.4025058200706, ""flops_per_matmul"": 17179869184.0, ""rel_err_vs_cpu_fp32"": 0.0, ""reduced_for_time_budget"": false}","{""torch"":""2.14.0"",""device_name"":""Apple M1 Pro (16-core GPU)"",""seed"":1234,""git_commit"":""2c24789d48523ca307f7e9c6d6bded783520cc40"",""code_sha256"":""ad2062058ca50491"",""hostname"":""Kims-MacBook-Pro-16.local""}"
20260919T172639,2026-09-19T17:26:42.484+07:00,matmul,mps,Apple M1 Pro (16-core GPU),matmul,,,,float32,measure,5,4.270917001122143,4022.524712956527,GFLOPS,1024.390625,"mps_driver_allocated_memory (snapshot after work, not a peak; includes allocator cache)",,,ok,,,"{""matrix_size"": 2048, ""matmuls_per_sec"": 234.14175450781633, ""flops_per_matmul"": 17179869184.0, ""rel_err_vs_cpu_fp32"": 0.0, ""reduced_for_time_budget"": false}","{""torch"":""2.14.0"",""device_name"":""Apple M1 Pro (16-core GPU)"",""seed"":1234,""git_commit"":""2c24789d48523ca307f7e9c6d6bded783520cc40"",""code_sha256"":""ad2062058ca50491"",""hostname"":""Kims-MacBook-Pro-16.local""}"
20260919T172639,2026-09-19T17:26:42.484+07:00,matmul,mps,Apple M1 Pro (16-core GPU),matmul,,,,float32,measure,6,4.2235840010107495,4067.604475224992,GFLOPS,1024.390625,"mps_driver_allocated_memory (snapshot after work, not a peak; includes allocator cache)",,,ok,,,"{""matrix_size"": 2048, ""matmuls_per_sec"": 236.76574202399885, ""flops_per_matmul"": 17179869184.0, ""rel_err_vs_cpu_fp32"": 0.0, ""reduced_for_time_budget"": false}","{""torch"":""2.14.0"",""device_name"":""Apple M1 Pro (16-core GPU)"",""seed"":1234,""git_commit"":""2c24789d48523ca307f7e9c6d6bded783520cc40"",""code_sha256"":""ad2062058ca50491"",""hostname"":""Kims-MacBook-Pro-16.local""}"
20260919T172639,2026-09-19T17:26:42.484+07:00,matmul,mps,Apple M1 Pro (16-core GPU),matmul,,,,float32,measure,7,4.182208998827264,4107.845683660817,GFLOPS,1024.390625,"mps_driver_allocated_memory (snapshot after work, not a peak; includes allocator cache)",,,ok,,,"{""matrix_size"": 2048, ""matmuls_per_sec"": 239.1080886393795, ""flops_per_matmul"": 17179869184.0, ""rel_err_vs_cpu_fp32"": 0.0, ""reduced_for_time_budget"": false}","{""torch"":""2.14.0"",""device_name"":""Apple M1 Pro (16-core GPU)"",""seed"":1234,""git_commit"":""2c24789d48523ca307f7e9c6d6bded783520cc40"",""code_sha256"":""ad2062058ca50491"",""hostname"":""Kims-MacBook-Pro-16.local""}"
20260919T172639,2026-09-19T17:26:42.484+07:00,matmul,mps,Apple M1 Pro (16-core GPU),matmul,,,,float32,measure,8,4.213791995425709,4077.05677039817,GFLOPS,1024.390625,"mps_driver_allocated_memory (snapshot after work, not a peak; includes allocator cache)",,,ok,,,"{""matrix_size"": 2048, ""matmuls_per_sec"": 237.31593801629322, ""flops_per_matmul"": 17179869184.0, ""rel_err_vs_cpu_fp32"": 0.0, ""reduced_for_time_budget"": false}","{""torch"":""2.14.0"",""device_name"":""Apple M1 Pro (16-core GPU)"",""seed"":1234,""git_commit"":""2c24789d48523ca307f7e9c6d6bded783520cc40"",""code_sha256"":""ad2062058ca50491"",""hostname"":""Kims-MacBook-Pro-16.local""}"
20260919T172639,2026-09-19T17:26:42.484+07:00,matmul,mps,Apple M1 Pro (16-core GPU),matmul,,,,float32,measure,9,4.226415992889088,4064.878898079365,GFLOPS,1024.390625,"mps_driver_allocated_memory (snapshot after work, not a peak; includes allocator cache)",,,ok,,,"{""matrix_size"": 2048, ""matmuls_per_sec"": 236.60709255371273, ""flops_per_matmul"": 17179869184.0, ""rel_err_vs_cpu_fp32"": 0.0, ""reduced_for_time_budget"": false}","{""torch"":""2.14.0"",""device_name"":""Apple M1 Pro (16-core GPU)"",""seed"":1234,""git_commit"":""2c24789d48523ca307f7e9c6d6bded783520cc40"",""code_sha256"":""ad2062058ca50491"",""hostname"":""Kims-MacBook-Pro-16.local""}"
20260919T172639,2026-09-19T17:26:42.484+07:00,matmul,mps,Apple M1 Pro (16-core GPU),matmul,,,,float32,measure,10,4.175583002506755,4114.364191464113,GFLOPS,1024.390625,"mps_driver_allocated_memory (snapshot after work, not a peak; includes allocator cache)",,,ok,,,"{""matrix_size"": 2048, ""matmuls_per_sec"": 239.4875157312556, ""flops_per_matmul"": 17179869184.0, ""rel_err_vs_cpu_fp32"": 0.0, ""reduced_for_time_budget"": false}","{""torch"":""2.14.0"",""device_name"":""Apple M1 Pro (16-core GPU)"",""seed"":1234,""git_commit"":""2c24789d48523ca307f7e9c6d6bded783520cc40"",""code_sha256"":""ad2062058ca50491"",""hostname"":""Kims-MacBook-Pro-16.local""}"
20260919T172639,2026-09-19T17:26:42.484+07:00,matmul,mps,Apple M1 Pro (16-core GPU),matmul,,,,float32,measure,11,4.191082996840123,4099.147928340432,GFLOPS,1024.390625,"mps_driver_allocated_memory (snapshot after work, not a peak; includes allocator cache)",,,ok,,,"{""matrix_size"": 2048, ""matmuls_per_sec"": 238.60181264698227, ""flops_per_matmul"": 17179869184.0, ""rel_err_vs_cpu_fp32"": 0.0, ""reduced_for_time_budget"": false}","{""torch"":""2.14.0"",""device_name"":""Apple M1 Pro (16-core GPU)"",""seed"":1234,""git_commit"":""2c24789d48523ca307f7e9c6d6bded783520cc40"",""code_sha256"":""ad2062058ca50491"",""hostname"":""Kims-MacBook-Pro-16.local""}"
20260919T172639,2026-09-19T17:26:42.484+07:00,matmul,mps,Apple M1 Pro (16-core GPU),matmul,,,,float32,measure,12,4.172749999270309,4117.157554850938,GFLOPS,1024.390625,"mps_driver_allocated_memory (snapshot after work, not a peak; includes allocator cache)",,,ok,,,"{""matrix_size"": 2048, ""matmuls_per_sec"": 239.65011088008401, ""flops_per_matmul"": 17179869184.0, ""rel_err_vs_cpu_fp32"": 0.0, ""reduced_for_time_budget"": false}","{""torch"":""2.14.0"",""device_name"":""Apple M1 Pro (16-core GPU)"",""seed"":1234,""git_commit"":""2c24789d48523ca307f7e9c6d6bded783520cc40"",""code_sha256"":""ad2062058ca50491"",""hostname"":""Kims-MacBook-Pro-16.local""}"
20260919T172639,2026-09-19T17:26:42.484+07:00,matmul,mps,Apple M1 Pro (16-core GPU),matmul,,,,float32,measure,13,4.251167003531009,4041.212488178056,GFLOPS,1024.390625,"mps_driver_allocated_memory (snapshot after work, not a peak; includes allocator cache)",,,ok,,,"{""matrix_size"": 2048, ""matmuls_per_sec"": 235.2295261911382, ""flops_per_matmul"": 17179869184.0, ""rel_err_vs_cpu_fp32"": 0.0, ""reduced_for_time_budget"": false}","{""torch"":""2.14.0"",""device_name"":""Apple M1 Pro (16-core GPU)"",""seed"":1234,""git_commit"":""2c24789d48523ca307f7e9c6d6bded783520cc40"",""code_sha256"":""ad2062058ca50491"",""hostname"":""Kims-MacBook-Pro-16.local""}"
20260919T172639,2026-09-19T17:26:42.484+07:00,matmul,mps,Apple M1 Pro (16-core GPU),matmul,,,,float32,measure,14,4.242750001139939,4049.2296692909376,GFLOPS,1024.390625,"mps_driver_allocated_memory (snapshot after work, not a peak; includes allocator cache)",,,ok,,,"{""matrix_size"": 2048, ""matmuls_per_sec"": 235.69618755083866, ""flops_per_matmul"": 17179869184.0, ""rel_err_vs_cpu_fp32"": 0.0, ""reduced_for_time_budget"": false}","{""torch"":""2.14.0"",""device_name"":""Apple M1 Pro (16-core GPU)"",""seed"":1234,""git_commit"":""2c24789d48523ca307f7e9c6d6bded783520cc40"",""code_sha256"":""ad2062058ca50491"",""hostname"":""Kims-MacBook-Pro-16.local""}"
20260919T172639,2026-09-19T17:26:42.484+07:00,matmul,mps,Apple M1 Pro (16-core GPU),matmul,,,,float32,measure,15,4.259291999915149,4033.5034987838935,GFLOPS,1024.390625,"mps_driver_allocated_memory (snapshot after work, not a peak; includes allocator cache)",,,ok,,,"{""matrix_size"": 2048, ""matmuls_per_sec"": 234.78080395049727, ""flops_per_matmul"": 17179869184.0, ""rel_err_vs_cpu_fp32"": 0.0, ""reduced_for_time_budget"": false}","{""torch"":""2.14.0"",""device_name"":""Apple M1 Pro (16-core GPU)"",""seed"":1234,""git_commit"":""2c24789d48523ca307f7e9c6d6bded783520cc40"",""code_sha256"":""ad2062058ca50491"",""hostname"":""Kims-MacBook-Pro-16.local""}"
20260919T172639,2026-09-19T17:26:42.484+07:00,matmul,mps,Apple M1 Pro (16-core GPU),matmul,,,,float32,measure,16,4.207874997518957,4082.789815317608,GFLOPS,1024.390625,"mps_driver_allocated_memory (snapshot after work, not a peak; includes allocator cache)",,,ok,,,"{""matrix_size"": 2048, ""matmuls_per_sec"": 237.64964515096554, ""flops_per_matmul"": 17179869184.0, ""rel_err_vs_cpu_fp32"": 0.0, ""reduced_for_time_budget"": false}","{""torch"":""2.14.0"",""device_name"":""Apple M1 Pro (16-core GPU)"",""seed"":1234,""git_commit"":""2c24789d48523ca307f7e9c6d6bded783520cc40"",""code_sha256"":""ad2062058ca50491"",""hostname"":""Kims-MacBook-Pro-16.local""}"
20260919T172639,2026-09-19T17:26:42.484+07:00,matmul,mps,Apple M1 Pro (16-core GPU),matmul,,,,float32,measure,17,4.19549999787705,4094.832366271749,GFLOPS,1024.390625,"mps_driver_allocated_memory (snapshot after work, not a peak; includes allocator cache)",,,ok,,,"{""matrix_size"": 2048, ""matmuls_per_sec"": 238.35061387343734, ""flops_per_matmul"": 17179869184.0, ""rel_err_vs_cpu_fp32"": 0.0, ""reduced_for_time_budget"": false}","{""torch"":""2.14.0"",""device_name"":""Apple M1 Pro (16-core GPU)"",""seed"":1234,""git_commit"":""2c24789d48523ca307f7e9c6d6bded783520cc40"",""code_sha256"":""ad2062058ca50491"",""hostname"":""Kims-MacBook-Pro-16.local""}"
20260919T172639,2026-09-19T17:26:42.484+07:00,matmul,mps,Apple M1 Pro (16-core GPU),matmul,,,,float32,measure,18,4.2896250015473925,4004.9815957811516,GFLOPS,1024.390625,"mps_driver_allocated_memory (snapshot after work, not a peak; includes allocator cache)",,,ok,,,"{""matrix_size"": 2048, ""matmuls_per_sec"": 233.12061069190685, ""flops_per_matmul"": 17179869184.0, ""rel_err_vs_cpu_fp32"": 0.0, ""reduced_for_time_budget"": false}","{""torch"":""2.14.0"",""device_name"":""Apple M1 Pro (16-core GPU)"",""seed"":1234,""git_commit"":""2c24789d48523ca307f7e9c6d6bded783520cc40"",""code_sha256"":""ad2062058ca50491"",""hostname"":""Kims-MacBook-Pro-16.local""}"
20260919T172639,2026-09-19T17:26:42.484+07:00,matmul,mps,Apple M1 Pro (16-core GPU),matmul,,,,float32,measure,19,4.478707996895537,3835.8984769510325,GFLOPS,1024.390625,"mps_driver_allocated_memory (snapshot after work, not a peak; includes allocator cache)",,,ok,,,"{""matrix_size"": 2048, ""matmuls_per_sec"": 223.27867784485179, ""flops_per_matmul"": 17179869184.0, ""rel_err_vs_cpu_fp32"": 0.0, ""reduced_for_time_budget"": false}","{""torch"":""2.14.0"",""device_name"":""Apple M1 Pro (16-core GPU)"",""seed"":1234,""git_commit"":""2c24789d48523ca307f7e9c6d6bded783520cc40"",""code_sha256"":""ad2062058ca50491"",""hostname"":""Kims-MacBook-Pro-16.local""}"
20260919T172639,2026-09-19T17:26:42.484+07:00,matmul,mps,Apple M1 Pro (16-core GPU),matmul,,,,float32,measure,20,4.371041999547742,3930.383003818665,GFLOPS,1024.390625,"mps_driver_allocated_memory (snapshot after work, not a peak; includes allocator cache)",,,ok,,,"{""matrix_size"": 2048, ""matmuls_per_sec"": 228.77840114633233, ""flops_per_matmul"": 17179869184.0, ""rel_err_vs_cpu_fp32"": 0.0, ""reduced_for_time_budget"": false}","{""torch"":""2.14.0"",""device_name"":""Apple M1 Pro (16-core GPU)"",""seed"":1234,""git_commit"":""2c24789d48523ca307f7e9c6d6bded783520cc40"",""code_sha256"":""ad2062058ca50491"",""hostname"":""Kims-MacBook-Pro-16.local""}"
20260919T172639,2026-09-19T17:26:42.484+07:00,matmul,mps,Apple M1 Pro (16-core GPU),matmul,,,,float32,measure,21,4.319750005379319,3977.051718874048,GFLOPS,1024.390625,"mps_driver_allocated_memory (snapshot after work, not a peak; includes allocator cache)",,,ok,,,"{""matrix_size"": 2048, ""matmuls_per_sec"": 231.4948778875433, ""flops_per_matmul"": 17179869184.0, ""rel_err_vs_cpu_fp32"": 0.0, ""reduced_for_time_budget"": false}","{""torch"":""2.14.0"",""device_name"":""Apple M1 Pro (16-core GPU)"",""seed"":1234,""git_commit"":""2c24789d48523ca307f7e9c6d6bded783520cc40"",""code_sha256"":""ad2062058ca50491"",""hostname"":""Kims-MacBook-Pro-16.local""}"
20260919T172639,2026-09-19T17:26:42.484+07:00,matmul,mps,Apple M1 Pro (16-core GPU),matmul,,,,float32,measure,22,4.304292000597343,3991.3345055623095,GFLOPS,1024.390625,"mps_driver_allocated_memory (snapshot after work, not a peak; includes allocator cache)",,,ok,,,"{""matrix_size"": 2048, ""matmuls_per_sec"": 232.326245491993, ""flops_per_matmul"": 17179869184.0, ""rel_err_vs_cpu_fp32"": 0.0, ""reduced_for_time_budget"": false}","{""torch"":""2.14.0"",""device_name"":""Apple M1 Pro (16-core GPU)"",""seed"":1234,""git_commit"":""2c24789d48523ca307f7e9c6d6bded783520cc40"",""code_sha256"":""ad2062058ca50491"",""hostname"":""Kims-MacBook-Pro-16.local""}"
20260919T172639,2026-09-19T17:26:42.484+07:00,matmul,mps,Apple M1 Pro (16-core GPU),matmul,,,,float32,measure,23,4.263333001290448,4029.6803413666976,GFLOPS,1024.390625,"mps_driver_allocated_memory (snapshot after work, not a peak; includes allocator cache)",,,ok,,,"{""matrix_size"": 2048, ""matmuls_per_sec"": 234.55826689993833, ""flops_per_matmul"": 17179869184.0, ""rel_err_vs_cpu_fp32"": 0.0, ""reduced_for_time_budget"": false}","{""torch"":""2.14.0"",""device_name"":""Apple M1 Pro (16-core GPU)"",""seed"":1234,""git_commit"":""2c24789d48523ca307f7e9c6d6bded783520cc40"",""code_sha256"":""ad2062058ca50491"",""hostname"":""Kims-MacBook-Pro-16.local""}"
20260919T172639,2026-09-19T17:26:42.484+07:00,matmul,mps,Apple M1 Pro (16-core GPU),matmul,,,,float32,measure,24,4.229999998642597,4061.4347965751776,GFLOPS,1024.390625,"mps_driver_allocated_memory (snapshot after work, not a peak; includes allocator cache)",,,ok,,,"{""matrix_size"": 2048, ""matmuls_per_sec"": 236.40661946120542, ""flops_per_matmul"": 17179869184.0, ""rel_err_vs_cpu_fp32"": 0.0, ""reduced_for_time_budget"": false}","{""torch"":""2.14.0"",""device_name"":""Apple M1 Pro (16-core GPU)"",""seed"":1234,""git_commit"":""2c24789d48523ca307f7e9c6d6bded783520cc40"",""code_sha256"":""ad2062058ca50491"",""hostname"":""Kims-MacBook-Pro-16.local""}"
20260919T172639,2026-09-19T17:26:42.484+07:00,matmul,mps,Apple M1 Pro (16-core GPU),matmul,,,,float32,measure,25,4.313875004299916,3982.4680054187297,GFLOPS,1024.390625,"mps_driver_allocated_memory (snapshot after work, not a peak; includes allocator cache)",,,ok,,,"{""matrix_size"": 2048, ""matmuls_per_sec"": 231.8101472581463, ""flops_per_matmul"": 17179869184.0, ""rel_err_vs_cpu_fp32"": 0.0, ""reduced_for_time_budget"": false}","{""torch"":""2.14.0"",""device_name"":""Apple M1 Pro (16-core GPU)"",""seed"":1234,""git_commit"":""2c24789d48523ca307f7e9c6d6bded783520cc40"",""code_sha256"":""ad2062058ca50491"",""hostname"":""Kims-MacBook-Pro-16.local""}"
20260919T172639,2026-09-19T17:26:42.484+07:00,matmul,mps,Apple M1 Pro (16-core GPU),matmul,,,,float32,measure,26,4.287999996449798,4006.499346600718,GFLOPS,1024.390625,"mps_driver_allocated_memory (snapshot after work, not a peak; includes allocator cache)",,,ok,,,"{""matrix_size"": 2048, ""matmuls_per_sec"": 233.20895541696333, ""flops_per_matmul"": 17179869184.0, ""rel_err_vs_cpu_fp32"": 0.0, ""reduced_for_time_budget"": false}","{""torch"":""2.14.0"",""device_name"":""Apple M1 Pro (16-core GPU)"",""seed"":1234,""git_commit"":""2c24789d48523ca307f7e9c6d6bded783520cc40"",""code_sha256"":""ad2062058ca50491"",""hostname"":""Kims-MacBook-Pro-16.local""}"
20260919T172639,2026-09-19T17:26:42.484+07:00,matmul,mps,Apple M1 Pro (16-core GPU),matmul,,,,float32,measure,27,4.232458995829802,4059.0751619630923,GFLOPS,1024.390625,"mps_driver_allocated_memory (snapshot after work, not a peak; includes allocator cache)",,,ok,,,"{""matrix_size"": 2048, ""matmuls_per_sec"": 236.26927064982547, ""flops_per_matmul"": 17179869184.0, ""rel_err_vs_cpu_fp32"": 0.0, ""reduced_for_time_budget"": false}","{""torch"":""2.14.0"",""device_name"":""Apple M1 Pro (16-core GPU)"",""seed"":1234,""git_commit"":""2c24789d48523ca307f7e9c6d6bded783520cc40"",""code_sha256"":""ad2062058ca50491"",""hostname"":""Kims-MacBook-Pro-16.local""}"
20260919T172639,2026-09-19T17:26:42.484+07:00,matmul,mps,Apple M1 Pro (16-core GPU),matmul,,,,float32,measure,28,4.2435419964022,4048.47393959235,GFLOPS,1024.390625,"mps_driver_allocated_memory (snapshot after work, not a peak; includes allocator cache)",,,ok,,,"{""matrix_size"": 2048, ""matmuls_per_sec"": 235.65219829280102, ""flops_per_matmul"": 17179869184.0, ""rel_err_vs_cpu_fp32"": 0.0, ""reduced_for_time_budget"": false}","{""torch"":""2.14.0"",""device_name"":""Apple M1 Pro (16-core GPU)"",""seed"":1234,""git_commit"":""2c24789d48523ca307f7e9c6d6bded783520cc40"",""code_sha256"":""ad2062058ca50491"",""hostname"":""Kims-MacBook-Pro-16.local""}"
20260919T172639,2026-09-19T17:26:42.484+07:00,matmul,mps,Apple M1 Pro (16-core GPU),matmul,,,,float32,measure,29,4.207208003208507,4083.437084854912,GFLOPS,1024.390625,"mps_driver_allocated_memory (snapshot after work, not a peak; includes allocator cache)",,,ok,,,"{""matrix_size"": 2048, ""matmuls_per_sec"": 237.68732119671256, ""flops_per_matmul"": 17179869184.0, ""rel_err_vs_cpu_fp32"": 0.0, ""reduced_for_time_budget"": false}","{""torch"":""2.14.0"",""device_name"":""Apple M1 Pro (16-core GPU)"",""seed"":1234,""git_commit"":""2c24789d48523ca307f7e9c6d6bded783520cc40"",""code_sha256"":""ad2062058ca50491"",""hostname"":""Kims-MacBook-Pro-16.local""}"
20260919T172639,2026-09-19T17:26:42.484+07:00,matmul,mps,Apple M1 Pro (16-core GPU),matmul,,,,float32,measure,30,4.2500420022406615,4042.2822115505246,GFLOPS,1024.390625,"mps_driver_allocated_memory (snapshot after work, not a peak; includes allocator cache)",,,ok,,,"{""matrix_size"": 2048, ""matmuls_per_sec"": 235.29179228647405, ""flops_per_matmul"": 17179869184.0, ""rel_err_vs_cpu_fp32"": 0.0, ""reduced_for_time_budget"": false}","{""torch"":""2.14.0"",""device_name"":""Apple M1 Pro (16-core GPU)"",""seed"":1234,""git_commit"":""2c24789d48523ca307f7e9c6d6bded783520cc40"",""code_sha256"":""ad2062058ca50491"",""hostname"":""Kims-MacBook-Pro-16.local""}"
20260919T172639,2026-09-19T17:26:42.484+07:00,matmul,mps,Apple M1 Pro (16-core GPU),matmul,,,,float32,measure,31,4.274166996765416,4019.466061340444,GFLOPS,1024.390625,"mps_driver_allocated_memory (snapshot after work, not a peak; includes allocator cache)",,,ok,,,"{""matrix_size"": 2048, ""matmuls_per_sec"": 233.96371755169494, ""flops_per_matmul"": 17179869184.0, ""rel_err_vs_cpu_fp32"": 0.0, ""reduced_for_time_budget"": false}","{""torch"":""2.14.0"",""device_name"":""Apple M1 Pro (16-core GPU)"",""seed"":1234,""git_commit"":""2c24789d48523ca307f7e9c6d6bded783520cc40"",""code_sha256"":""ad2062058ca50491"",""hostname"":""Kims-MacBook-Pro-16.local""}"
20260919T172639,2026-09-19T17:26:42.484+07:00,matmul,mps,Apple M1 Pro (16-core GPU),matmul,,,,float32,measure,32,4.192624997813255,4097.640307196683,GFLOPS,1024.390625,"mps_driver_allocated_memory (snapshot after work, not a peak; includes allocator cache)",,,ok,,,"{""matrix_size"": 2048, ""matmuls_per_sec"": 238.51405754666098, ""flops_per_matmul"": 17179869184.0, ""rel_err_vs_cpu_fp32"": 0.0, ""reduced_for_time_budget"": false}","{""torch"":""2.14.0"",""device_name"":""Apple M1 Pro (16-core GPU)"",""seed"":1234,""git_commit"":""2c24789d48523ca307f7e9c6d6bded783520cc40"",""code_sha256"":""ad2062058ca50491"",""hostname"":""Kims-MacBook-Pro-16.local""}"
20260919T172639,2026-09-19T17:26:42.485+07:00,matmul,mps,Apple M1 Pro (16-core GPU),matmul,,,,float32,measure,33,4.200458999548573,4089.99806588907,GFLOPS,1024.390625,"mps_driver_allocated_memory (snapshot after work, not a peak; includes allocator cache)",,,ok,,,"{""matrix_size"": 2048, ""matmuls_per_sec"": 238.0692205560085, ""flops_per_matmul"": 17179869184.0, ""rel_err_vs_cpu_fp32"": 0.0, ""reduced_for_time_budget"": false}","{""torch"":""2.14.0"",""device_name"":""Apple M1 Pro (16-core GPU)"",""seed"":1234,""git_commit"":""2c24789d48523ca307f7e9c6d6bded783520cc40"",""code_sha256"":""ad2062058ca50491"",""hostname"":""Kims-MacBook-Pro-16.local""}"
20260919T172639,2026-09-19T17:26:42.485+07:00,matmul,mps,Apple M1 Pro (16-core GPU),matmul,,,,float32,measure,34,4.290790995582938,4003.893268557113,GFLOPS,1024.390625,"mps_driver_allocated_memory (snapshot after work, not a peak; includes allocator cache)",,,ok,,,"{""matrix_size"": 2048, ""matmuls_per_sec"": 233.05726170988714, ""flops_per_matmul"": 17179869184.0, ""rel_err_vs_cpu_fp32"": 0.0, ""reduced_for_time_budget"": false}","{""torch"":""2.14.0"",""device_name"":""Apple M1 Pro (16-core GPU)"",""seed"":1234,""git_commit"":""2c24789d48523ca307f7e9c6d6bded783520cc40"",""code_sha256"":""ad2062058ca50491"",""hostname"":""Kims-MacBook-Pro-16.local""}"
20260919T172639,2026-09-19T17:26:42.485+07:00,matmul,mps,Apple M1 Pro (16-core GPU),matmul,,,,float32,measure,35,4.2573749960865825,4035.319698121939,GFLOPS,1024.390625,"mps_driver_allocated_memory (snapshot after work, not a peak; includes allocator cache)",,,ok,,,"{""matrix_size"": 2048, ""matmuls_per_sec"": 234.88652066571748, ""flops_per_matmul"": 17179869184.0, ""rel_err_vs_cpu_fp32"": 0.0, ""reduced_for_time_budget"": false}","{""torch"":""2.14.0"",""device_name"":""Apple M1 Pro (16-core GPU)"",""seed"":1234,""git_commit"":""2c24789d48523ca307f7e9c6d6bded783520cc40"",""code_sha256"":""ad2062058ca50491"",""hostname"":""Kims-MacBook-Pro-16.local""}"
20260919T172639,2026-09-19T17:26:42.485+07:00,matmul,mps,Apple M1 Pro (16-core GPU),matmul,,,,float32,measure,36,4.188541999610607,4101.6346942676355,GFLOPS,1024.390625,"mps_driver_allocated_memory (snapshot after work, not a peak; includes allocator cache)",,,ok,,,"{""matrix_size"": 2048, ""matmuls_per_sec"": 238.74656147484407, ""flops_per_matmul"": 17179869184.0, ""rel_err_vs_cpu_fp32"": 0.0, ""reduced_for_time_budget"": false}","{""torch"":""2.14.0"",""device_name"":""Apple M1 Pro (16-core GPU)"",""seed"":1234,""git_commit"":""2c24789d48523ca307f7e9c6d6bded783520cc40"",""code_sha256"":""ad2062058ca50491"",""hostname"":""Kims-MacBook-Pro-16.local""}"
20260919T172639,2026-09-19T17:26:42.485+07:00,matmul,mps,Apple M1 Pro (16-core GPU),matmul,,,,float32,measure,37,4.168416999164037,4121.437271617827,GFLOPS,1024.390625,"mps_driver_allocated_memory (snapshot after work, not a peak; includes allocator cache)",,,ok,,,"{""matrix_size"": 2048, ""matmuls_per_sec"": 239.89922318245675, ""flops_per_matmul"": 17179869184.0, ""rel_err_vs_cpu_fp32"": 0.0, ""reduced_for_time_budget"": false}","{""torch"":""2.14.0"",""device_name"":""Apple M1 Pro (16-core GPU)"",""seed"":1234,""git_commit"":""2c24789d48523ca307f7e9c6d6bded783520cc40"",""code_sha256"":""ad2062058ca50491"",""hostname"":""Kims-MacBook-Pro-16.local""}"
20260919T172639,2026-09-19T17:26:42.485+07:00,matmul,mps,Apple M1 Pro (16-core GPU),matmul,,,,float32,measure,38,4.150042004766874,4139.6856138484,GFLOPS,1024.390625,"mps_driver_allocated_memory (snapshot after work, not a peak; includes allocator cache)",,,ok,,,"{""matrix_size"": 2048, ""matmuls_per_sec"": 240.96141649924684, ""flops_per_matmul"": 17179869184.0, ""rel_err_vs_cpu_fp32"": 0.0, ""reduced_for_time_budget"": false}","{""torch"":""2.14.0"",""device_name"":""Apple M1 Pro (16-core GPU)"",""seed"":1234,""git_commit"":""2c24789d48523ca307f7e9c6d6bded783520cc40"",""code_sha256"":""ad2062058ca50491"",""hostname"":""Kims-MacBook-Pro-16.local""}"
20260919T172639,2026-09-19T17:26:42.485+07:00,matmul,mps,Apple M1 Pro (16-core GPU),matmul,,,,float32,measure,39,4.206208999676164,4084.406929214092,GFLOPS,1024.390625,"mps_driver_allocated_memory (snapshot after work, not a peak; includes allocator cache)",,,ok,,,"{""matrix_size"": 2048, ""matmuls_per_sec"": 237.74377356831056, ""flops_per_matmul"": 17179869184.0, ""rel_err_vs_cpu_fp32"": 0.0, ""reduced_for_time_budget"": false}","{""torch"":""2.14.0"",""device_name"":""Apple M1 Pro (16-core GPU)"",""seed"":1234,""git_commit"":""2c24789d48523ca307f7e9c6d6bded783520cc40"",""code_sha256"":""ad2062058ca50491"",""hostname"":""Kims-MacBook-Pro-16.local""}"
20260919T172639,2026-09-19T17:26:42.485+07:00,matmul,mps,Apple M1 Pro (16-core GPU),matmul,,,,float32,measure,40,4.20141700305976,4089.0654680286298,GFLOPS,1024.390625,"mps_driver_allocated_memory (snapshot after work, not a peak; includes allocator cache)",,,ok,,,"{""matrix_size"": 2048, ""matmuls_per_sec"": 238.0149362159794, ""flops_per_matmul"": 17179869184.0, ""rel_err_vs_cpu_fp32"": 0.0, ""reduced_for_time_budget"": false}","{""torch"":""2.14.0"",""device_name"":""Apple M1 Pro (16-core GPU)"",""seed"":1234,""git_commit"":""2c24789d48523ca307f7e9c6d6bded783520cc40"",""code_sha256"":""ad2062058ca50491"",""hostname"":""Kims-MacBook-Pro-16.local""}"
20260919T172639,2026-09-19T17:26:42.485+07:00,matmul,mps,Apple M1 Pro (16-core GPU),matmul,,,,float32,measure,41,4.180458003247622,4109.566265383764,GFLOPS,1024.390625,"mps_driver_allocated_memory (snapshot after work, not a peak; includes allocator cache)",,,ok,,,"{""matrix_size"": 2048, ""matmuls_per_sec"": 239.20823967688276, ""flops_per_matmul"": 17179869184.0, ""rel_err_vs_cpu_fp32"": 0.0, ""reduced_for_time_budget"": false}","{""torch"":""2.14.0"",""device_name"":""Apple M1 Pro (16-core GPU)"",""seed"":1234,""git_commit"":""2c24789d48523ca307f7e9c6d6bded783520cc40"",""code_sha256"":""ad2062058ca50491"",""hostname"":""Kims-MacBook-Pro-16.local""}"
20260919T172639,2026-09-19T17:26:42.485+07:00,matmul,mps,Apple M1 Pro (16-core GPU),matmul,,,,float32,measure,42,6.258041998080444,2745.246706441033,GFLOPS,1024.390625,"mps_driver_allocated_memory (snapshot after work, not a peak; includes allocator cache)",,,ok,,,"{""matrix_size"": 2048, ""matmuls_per_sec"": 159.79438941233286, ""flops_per_matmul"": 17179869184.0, ""rel_err_vs_cpu_fp32"": 0.0, ""reduced_for_time_budget"": false}","{""torch"":""2.14.0"",""device_name"":""Apple M1 Pro (16-core GPU)"",""seed"":1234,""git_commit"":""2c24789d48523ca307f7e9c6d6bded783520cc40"",""code_sha256"":""ad2062058ca50491"",""hostname"":""Kims-MacBook-Pro-16.local""}"
20260919T172639,2026-09-19T17:26:42.485+07:00,matmul,mps,Apple M1 Pro (16-core GPU),matmul,,,,float32,measure,43,4.334249999374151,3963.7467119987787,GFLOPS,1024.390625,"mps_driver_allocated_memory (snapshot after work, not a peak; includes allocator cache)",,,ok,,,"{""matrix_size"": 2048, ""matmuls_per_sec"": 230.72042455889627, ""flops_per_matmul"": 17179869184.0, ""rel_err_vs_cpu_fp32"": 0.0, ""reduced_for_time_budget"": false}","{""torch"":""2.14.0"",""device_name"":""Apple M1 Pro (16-core GPU)"",""seed"":1234,""git_commit"":""2c24789d48523ca307f7e9c6d6bded783520cc40"",""code_sha256"":""ad2062058ca50491"",""hostname"":""Kims-MacBook-Pro-16.local""}"
20260919T172639,2026-09-19T17:26:42.485+07:00,matmul,mps,Apple M1 Pro (16-core GPU),matmul,,,,float32,measure,44,4.438167001353577,3870.9379747901303,GFLOPS,1024.390625,"mps_driver_allocated_memory (snapshot after work, not a peak; includes allocator cache)",,,ok,,,"{""matrix_size"": 2048, ""matmuls_per_sec"": 225.31824505364816, ""flops_per_matmul"": 17179869184.0, ""rel_err_vs_cpu_fp32"": 0.0, ""reduced_for_time_budget"": false}","{""torch"":""2.14.0"",""device_name"":""Apple M1 Pro (16-core GPU)"",""seed"":1234,""git_commit"":""2c24789d48523ca307f7e9c6d6bded783520cc40"",""code_sha256"":""ad2062058ca50491"",""hostname"":""Kims-MacBook-Pro-16.local""}"
20260919T172639,2026-09-19T17:26:42.485+07:00,matmul,mps,Apple M1 Pro (16-core GPU),matmul,,,,float32,measure,45,4.377042001578957,3924.9952771306744,GFLOPS,1024.390625,"mps_driver_allocated_memory (snapshot after work, not a peak; includes allocator cache)",,,ok,,,"{""matrix_size"": 2048, ""matmuls_per_sec"": 228.46479417818333, ""flops_per_matmul"": 17179869184.0, ""rel_err_vs_cpu_fp32"": 0.0, ""reduced_for_time_budget"": false}","{""torch"":""2.14.0"",""device_name"":""Apple M1 Pro (16-core GPU)"",""seed"":1234,""git_commit"":""2c24789d48523ca307f7e9c6d6bded783520cc40"",""code_sha256"":""ad2062058ca50491"",""hostname"":""Kims-MacBook-Pro-16.local""}"
20260919T172639,2026-09-19T17:26:42.485+07:00,matmul,mps,Apple M1 Pro (16-core GPU),matmul,,,,float32,measure,46,4.42812500114087,3879.71639905688,GFLOPS,1024.390625,"mps_driver_allocated_memory (snapshot after work, not a peak; includes allocator cache)",,,ok,,,"{""matrix_size"": 2048, ""matmuls_per_sec"": 225.8292165967217, ""flops_per_matmul"": 17179869184.0, ""rel_err_vs_cpu_fp32"": 0.0, ""reduced_for_time_budget"": false}","{""torch"":""2.14.0"",""device_name"":""Apple M1 Pro (16-core GPU)"",""seed"":1234,""git_commit"":""2c24789d48523ca307f7e9c6d6bded783520cc40"",""code_sha256"":""ad2062058ca50491"",""hostname"":""Kims-MacBook-Pro-16.local""}"
20260919T172639,2026-09-19T17:26:42.485+07:00,matmul,mps,Apple M1 Pro (16-core GPU),matmul,,,,float32,measure,47,6.169375003082678,2784.701720257832,GFLOPS,1024.390625,"mps_driver_allocated_memory (snapshot after work, not a peak; includes allocator cache)",,,ok,,,"{""matrix_size"": 2048, ""matmuls_per_sec"": 162.09097347791726, ""flops_per_matmul"": 17179869184.0, ""rel_err_vs_cpu_fp32"": 0.0, ""reduced_for_time_budget"": false}","{""torch"":""2.14.0"",""device_name"":""Apple M1 Pro (16-core GPU)"",""seed"":1234,""git_commit"":""2c24789d48523ca307f7e9c6d6bded783520cc40"",""code_sha256"":""ad2062058ca50491"",""hostname"":""Kims-MacBook-Pro-16.local""}"
20260919T172639,2026-09-19T17:26:42.485+07:00,matmul,mps,Apple M1 Pro (16-core GPU),matmul,,,,float32,measure,48,4.418875003466383,3887.837780096352,GFLOPS,1024.390625,"mps_driver_allocated_memory (snapshot after work, not a peak; includes allocator cache)",,,ok,,,"{""matrix_size"": 2048, ""matmuls_per_sec"": 226.30194319041632, ""flops_per_matmul"": 17179869184.0, ""rel_err_vs_cpu_fp32"": 0.0, ""reduced_for_time_budget"": false}","{""torch"":""2.14.0"",""device_name"":""Apple M1 Pro (16-core GPU)"",""seed"":1234,""git_commit"":""2c24789d48523ca307f7e9c6d6bded783520cc40"",""code_sha256"":""ad2062058ca50491"",""hostname"":""Kims-MacBook-Pro-16.local""}"
20260919T172639,2026-09-19T17:26:42.485+07:00,matmul,mps,Apple M1 Pro (16-core GPU),matmul,,,,float32,measure,49,4.2661660045268945,4027.0043795225442,GFLOPS,1024.390625,"mps_driver_allocated_memory (snapshot after work, not a peak; includes allocator cache)",,,ok,,,"{""matrix_size"": 2048, ""matmuls_per_sec"": 234.40250542029648, ""flops_per_matmul"": 17179869184.0, ""rel_err_vs_cpu_fp32"": 0.0, ""reduced_for_time_budget"": false}","{""torch"":""2.14.0"",""device_name"":""Apple M1 Pro (16-core GPU)"",""seed"":1234,""git_commit"":""2c24789d48523ca307f7e9c6d6bded783520cc40"",""code_sha256"":""ad2062058ca50491"",""hostname"":""Kims-MacBook-Pro-16.local""}"
20260919T172639,2026-09-19T17:26:44.134+07:00,matmul,mps,Apple M1 Pro (16-core GPU),matmul,,,,float32,warmup,0,44.0337499967427,3121.2184627056913,GFLOPS,1024.375,"mps_driver_allocated_memory (snapshot after work, not a peak; includes allocator cache)",,,ok,,,"{""matrix_size"": 4096, ""matmuls_per_sec"": 22.709853239253363, ""flops_per_matmul"": 137438953472.0, ""rel_err_vs_cpu_fp32"": null, ""reduced_for_time_budget"": false}","{""torch"":""2.14.0"",""device_name"":""Apple M1 Pro (16-core GPU)"",""seed"":1234,""git_commit"":""2c24789d48523ca307f7e9c6d6bded783520cc40"",""code_sha256"":""ad2062058ca50491"",""hostname"":""Kims-MacBook-Pro-16.local""}"
20260919T172639,2026-09-19T17:26:44.135+07:00,matmul,mps,Apple M1 Pro (16-core GPU),matmul,,,,float32,warmup,1,33.49858299770858,4102.828871340656,GFLOPS,1024.375,"mps_driver_allocated_memory (snapshot after work, not a peak; includes allocator cache)",,,ok,,,"{""matrix_size"": 4096, ""matmuls_per_sec"": 29.85200896612264, ""flops_per_matmul"": 137438953472.0, ""rel_err_vs_cpu_fp32"": null, ""reduced_for_time_budget"": false}","{""torch"":""2.14.0"",""device_name"":""Apple M1 Pro (16-core GPU)"",""seed"":1234,""git_commit"":""2c24789d48523ca307f7e9c6d6bded783520cc40"",""code_sha256"":""ad2062058ca50491"",""hostname"":""Kims-MacBook-Pro-16.local""}"
20260919T172639,2026-09-19T17:26:44.135+07:00,matmul,mps,Apple M1 Pro (16-core GPU),matmul,,,,float32,warmup,2,33.53729099762859,4098.0934769513215,GFLOPS,1024.375,"mps_driver_allocated_memory (snapshot after work, not a peak; includes allocator cache)",,,ok,,,"{""matrix_size"": 4096, ""matmuls_per_sec"": 29.8175544372594, ""flops_per_matmul"": 137438953472.0, ""rel_err_vs_cpu_fp32"": null, ""reduced_for_time_budget"": false}","{""torch"":""2.14.0"",""device_name"":""Apple M1 Pro (16-core GPU)"",""seed"":1234,""git_commit"":""2c24789d48523ca307f7e9c6d6bded783520cc40"",""code_sha256"":""ad2062058ca50491"",""hostname"":""Kims-MacBook-Pro-16.local""}"
20260919T172639,2026-09-19T17:26:44.135+07:00,matmul,mps,Apple M1 Pro (16-core GPU),matmul,,,,float32,warmup,3,33.253583998885006,4133.056860175082,GFLOPS,1024.375,"mps_driver_allocated_memory (snapshot after work, not a peak; includes allocator cache)",,,ok,,,"{""matrix_size"": 4096, ""matmuls_per_sec"": 30.071946531643928, ""flops_per_matmul"": 137438953472.0, ""rel_err_vs_cpu_fp32"": null, ""reduced_for_time_budget"": false}","{""torch"":""2.14.0"",""device_name"":""Apple M1 Pro (16-core GPU)"",""seed"":1234,""git_commit"":""2c24789d48523ca307f7e9c6d6bded783520cc40"",""code_sha256"":""ad2062058ca50491"",""hostname"":""Kims-MacBook-Pro-16.local""}"
20260919T172639,2026-09-19T17:26:44.135+07:00,matmul,mps,Apple M1 Pro (16-core GPU),matmul,,,,float32,warmup,4,33.3470830009901,4121.468539479731,GFLOPS,1024.375,"mps_driver_allocated_memory (snapshot after work, not a peak; includes allocator cache)",,,ok,,,"{""matrix_size"": 4096, ""matmuls_per_sec"": 29.98763040144499, ""flops_per_matmul"": 137438953472.0, ""rel_err_vs_cpu_fp32"": null, ""reduced_for_time_budget"": false}","{""torch"":""2.14.0"",""device_name"":""Apple M1 Pro (16-core GPU)"",""seed"":1234,""git_commit"":""2c24789d48523ca307f7e9c6d6bded783520cc40"",""code_sha256"":""ad2062058ca50491"",""hostname"":""Kims-MacBook-Pro-16.local""}"
20260919T172639,2026-09-19T17:26:44.135+07:00,matmul,mps,Apple M1 Pro (16-core GPU),matmul,,,,float32,measure,0,34.477124994737096,3986.3809262802497,GFLOPS,1024.375,"mps_driver_allocated_memory (snapshot after work, not a peak; includes allocator cache)",,,ok,,,"{""matrix_size"": 4096, ""matmuls_per_sec"": 29.00473865360436, ""flops_per_matmul"": 137438953472.0, ""rel_err_vs_cpu_fp32"": null, ""reduced_for_time_budget"": false}","{""torch"":""2.14.0"",""device_name"":""Apple M1 Pro (16-core GPU)"",""seed"":1234,""git_commit"":""2c24789d48523ca307f7e9c6d6bded783520cc40"",""code_sha256"":""ad2062058ca50491"",""hostname"":""Kims-MacBook-Pro-16.local""}"
20260919T172639,2026-09-19T17:26:44.135+07:00,matmul,mps,Apple M1 Pro (16-core GPU),matmul,,,,float32,measure,1,33.762625003873836,4070.7425283499315,GFLOPS,1024.375,"mps_driver_allocated_memory (snapshot after work, not a peak; includes allocator cache)",,,ok,,,"{""matrix_size"": 4096, ""matmuls_per_sec"": 29.618550094527976, ""flops_per_matmul"": 137438953472.0, ""rel_err_vs_cpu_fp32"": null, ""reduced_for_time_budget"": false}","{""torch"":""2.14.0"",""device_name"":""Apple M1 Pro (16-core GPU)"",""seed"":1234,""git_commit"":""2c24789d48523ca307f7e9c6d6bded783520cc40"",""code_sha256"":""ad2062058ca50491"",""hostname"":""Kims-MacBook-Pro-16.local""}"
20260919T172639,2026-09-19T17:26:44.135+07:00,matmul,mps,Apple M1 Pro (16-core GPU),matmul,,,,float32,measure,2,34.581583000544924,3974.3395630510695,GFLOPS,1024.375,"mps_driver_allocated_memory (snapshot after work, not a peak; includes allocator cache)",,,ok,,,"{""matrix_size"": 4096, ""matmuls_per_sec"": 28.917126205131858, ""flops_per_matmul"": 137438953472.0, ""rel_err_vs_cpu_fp32"": null, ""reduced_for_time_budget"": false}","{""torch"":""2.14.0"",""device_name"":""Apple M1 Pro (16-core GPU)"",""seed"":1234,""git_commit"":""2c24789d48523ca307f7e9c6d6bded783520cc40"",""code_sha256"":""ad2062058ca50491"",""hostname"":""Kims-MacBook-Pro-16.local""}"
20260919T172639,2026-09-19T17:26:44.135+07:00,matmul,mps,Apple M1 Pro (16-core GPU),matmul,,,,float32,measure,3,34.52833300252678,3980.468835896081,GFLOPS,1024.375,"mps_driver_allocated_memory (snapshot after work, not a peak; includes allocator cache)",,,ok,,,"{""matrix_size"": 4096, ""matmuls_per_sec"": 28.96172253455793, ""flops_per_matmul"": 137438953472.0, ""rel_err_vs_cpu_fp32"": null, ""reduced_for_time_budget"": false}","{""torch"":""2.14.0"",""device_name"":""Apple M1 Pro (16-core GPU)"",""seed"":1234,""git_commit"":""2c24789d48523ca307f7e9c6d6bded783520cc40"",""code_sha256"":""ad2062058ca50491"",""hostname"":""Kims-MacBook-Pro-16.local""}"
20260919T172639,2026-09-19T17:26:44.135+07:00,matmul,mps,Apple M1 Pro (16-core GPU),matmul,,,,float32,measure,4,34.474165993742645,3986.723086990599,GFLOPS,1024.375,"mps_driver_allocated_memory (snapshot after work, not a peak; includes allocator cache)",,,ok,,,"{""matrix_size"": 4096, ""matmuls_per_sec"": 29.0072282004301, ""flops_per_matmul"": 137438953472.0, ""rel_err_vs_cpu_fp32"": null, ""reduced_for_time_budget"": false}","{""torch"":""2.14.0"",""device_name"":""Apple M1 Pro (16-core GPU)"",""seed"":1234,""git_commit"":""2c24789d48523ca307f7e9c6d6bded783520cc40"",""code_sha256"":""ad2062058ca50491"",""hostname"":""Kims-MacBook-Pro-16.local""}"
20260919T172639,2026-09-19T17:26:44.135+07:00,matmul,mps,Apple M1 Pro (16-core GPU),matmul,,,,float32,measure,5,34.495708998292685,3984.233328232284,GFLOPS,1024.375,"mps_driver_allocated_memory (snapshot after work, not a peak; includes allocator cache)",,,ok,,,"{""matrix_size"": 4096, ""matmuls_per_sec"": 28.989112821235057, ""flops_per_matmul"": 137438953472.0, ""rel_err_vs_cpu_fp32"": null, ""reduced_for_time_budget"": false}","{""torch"":""2.14.0"",""device_name"":""Apple M1 Pro (16-core GPU)"",""seed"":1234,""git_commit"":""2c24789d48523ca307f7e9c6d6bded783520cc40"",""code_sha256"":""ad2062058ca50491"",""hostname"":""Kims-MacBook-Pro-16.local""}"
20260919T172639,2026-09-19T17:26:44.135+07:00,matmul,mps,Apple M1 Pro (16-core GPU),matmul,,,,float32,measure,6,33.31116600020323,4125.912418411337,GFLOPS,1024.375,"mps_driver_allocated_memory (snapshot after work, not a peak; includes allocator cache)",,,ok,,,"{""matrix_size"": 4096, ""matmuls_per_sec"": 30.01996387619392, ""flops_per_matmul"": 137438953472.0, ""rel_err_vs_cpu_fp32"": null, ""reduced_for_time_budget"": false}","{""torch"":""2.14.0"",""device_name"":""Apple M1 Pro (16-core GPU)"",""seed"":1234,""git_commit"":""2c24789d48523ca307f7e9c6d6bded783520cc40"",""code_sha256"":""ad2062058ca50491"",""hostname"":""Kims-MacBook-Pro-16.local""}"
20260919T172639,2026-09-19T17:26:44.135+07:00,matmul,mps,Apple M1 Pro (16-core GPU),matmul,,,,float32,measure,7,33.40774999378482,4113.984135344917,GFLOPS,1024.375,"mps_driver_allocated_memory (snapshot after work, not a peak; includes allocator cache)",,,ok,,,"{""matrix_size"": 4096, ""matmuls_per_sec"": 29.933174194192667, ""flops_per_matmul"": 137438953472.0, ""rel_err_vs_cpu_fp32"": null, ""reduced_for_time_budget"": false}","{""torch"":""2.14.0"",""device_name"":""Apple M1 Pro (16-core GPU)"",""seed"":1234,""git_commit"":""2c24789d48523ca307f7e9c6d6bded783520cc40"",""code_sha256"":""ad2062058ca50491"",""hostname"":""Kims-MacBook-Pro-16.local""}"
20260919T172639,2026-09-19T17:26:44.135+07:00,matmul,mps,Apple M1 Pro (16-core GPU),matmul,,,,float32,measure,8,33.81470799649833,4064.4725805774356,GFLOPS,1024.375,"mps_driver_allocated_memory (snapshot after work, not a peak; includes allocator cache)",,,ok,,,"{""matrix_size"": 4096, ""matmuls_per_sec"": 29.57293022029215, ""flops_per_matmul"": 137438953472.0, ""rel_err_vs_cpu_fp32"": null, ""reduced_for_time_budget"": false}","{""torch"":""2.14.0"",""device_name"":""Apple M1 Pro (16-core GPU)"",""seed"":1234,""git_commit"":""2c24789d48523ca307f7e9c6d6bded783520cc40"",""code_sha256"":""ad2062058ca50491"",""hostname"":""Kims-MacBook-Pro-16.local""}"
20260919T172639,2026-09-19T17:26:44.135+07:00,matmul,mps,Apple M1 Pro (16-core GPU),matmul,,,,float32,measure,9,33.88070800428977,4056.5549413724852,GFLOPS,1024.375,"mps_driver_allocated_memory (snapshot after work, not a peak; includes allocator cache)",,,ok,,,"{""matrix_size"": 4096, ""matmuls_per_sec"": 29.515321813032536, ""flops_per_matmul"": 137438953472.0, ""rel_err_vs_cpu_fp32"": null, ""reduced_for_time_budget"": false}","{""torch"":""2.14.0"",""device_name"":""Apple M1 Pro (16-core GPU)"",""seed"":1234,""git_commit"":""2c24789d48523ca307f7e9c6d6bded783520cc40"",""code_sha256"":""ad2062058ca50491"",""hostname"":""Kims-MacBook-Pro-16.local""}"
20260919T172639,2026-09-19T17:26:44.135+07:00,matmul,mps,Apple M1 Pro (16-core GPU),matmul,,,,float32,measure,10,33.91274999739835,4052.7221615039703,GFLOPS,1024.375,"mps_driver_allocated_memory (snapshot after work, not a peak; includes allocator cache)",,,ok,,,"{""matrix_size"": 4096, ""matmuls_per_sec"": 29.487434669164724, ""flops_per_matmul"": 137438953472.0, ""rel_err_vs_cpu_fp32"": null, ""reduced_for_time_budget"": false}","{""torch"":""2.14.0"",""device_name"":""Apple M1 Pro (16-core GPU)"",""seed"":1234,""git_commit"":""2c24789d48523ca307f7e9c6d6bded783520cc40"",""code_sha256"":""ad2062058ca50491"",""hostname"":""Kims-MacBook-Pro-16.local""}"
20260919T172639,2026-09-19T17:26:44.135+07:00,matmul,mps,Apple M1 Pro (16-core GPU),matmul,,,,float32,measure,11,35.760541999479756,3843.312930603777,GFLOPS,1024.375,"mps_driver_allocated_memory (snapshot after work, not a peak; includes allocator cache)",,,ok,,,"{""matrix_size"": 4096, ""matmuls_per_sec"": 27.96378198111617, ""flops_per_matmul"": 137438953472.0, ""rel_err_vs_cpu_fp32"": null, ""reduced_for_time_budget"": false}","{""torch"":""2.14.0"",""device_name"":""Apple M1 Pro (16-core GPU)"",""seed"":1234,""git_commit"":""2c24789d48523ca307f7e9c6d6bded783520cc40"",""code_sha256"":""ad2062058ca50491"",""hostname"":""Kims-MacBook-Pro-16.local""}"
20260919T172639,2026-09-19T17:26:44.135+07:00,matmul,mps,Apple M1 Pro (16-core GPU),matmul,,,,float32,measure,12,33.76387499884004,4070.591822672064,GFLOPS,1024.375,"mps_driver_allocated_memory (snapshot after work, not a peak; includes allocator cache)",,,ok,,,"{""matrix_size"": 4096, ""matmuls_per_sec"": 29.617453566403594, ""flops_per_matmul"": 137438953472.0, ""rel_err_vs_cpu_fp32"": null, ""reduced_for_time_budget"": false}","{""torch"":""2.14.0"",""device_name"":""Apple M1 Pro (16-core GPU)"",""seed"":1234,""git_commit"":""2c24789d48523ca307f7e9c6d6bded783520cc40"",""code_sha256"":""ad2062058ca50491"",""hostname"":""Kims-MacBook-Pro-16.local""}"
20260919T172639,2026-09-19T17:26:44.135+07:00,matmul,mps,Apple M1 Pro (16-core GPU),matmul,,,,float32,measure,13,33.65887499967357,4083.29017156197,GFLOPS,1024.375,"mps_driver_allocated_memory (snapshot after work, not a peak; includes allocator cache)",,,ok,,,"{""matrix_size"": 4096, ""matmuls_per_sec"": 29.709846214696665, ""flops_per_matmul"": 137438953472.0, ""rel_err_vs_cpu_fp32"": null, ""reduced_for_time_budget"": false}","{""torch"":""2.14.0"",""device_name"":""Apple M1 Pro (16-core GPU)"",""seed"":1234,""git_commit"":""2c24789d48523ca307f7e9c6d6bded783520cc40"",""code_sha256"":""ad2062058ca50491"",""hostname"":""Kims-MacBook-Pro-16.local""}"
20260919T172639,2026-09-19T17:26:44.135+07:00,matmul,mps,Apple M1 Pro (16-core GPU),matmul,,,,float32,measure,14,33.705125002597924,4077.6871013356713,GFLOPS,1024.375,"mps_driver_allocated_memory (snapshot after work, not a peak; includes allocator cache)",,,ok,,,"{""matrix_size"": 4096, ""matmuls_per_sec"": 29.66907851322082, ""flops_per_matmul"": 137438953472.0, ""rel_err_vs_cpu_fp32"": null, ""reduced_for_time_budget"": false}","{""torch"":""2.14.0"",""device_name"":""Apple M1 Pro (16-core GPU)"",""seed"":1234,""git_commit"":""2c24789d48523ca307f7e9c6d6bded783520cc40"",""code_sha256"":""ad2062058ca50491"",""hostname"":""Kims-MacBook-Pro-16.local""}"
20260919T172639,2026-09-19T17:26:44.135+07:00,matmul,mps,Apple M1 Pro (16-core GPU),matmul,,,,float32,measure,15,33.85008400073275,4060.224886562316,GFLOPS,1024.375,"mps_driver_allocated_memory (snapshot after work, not a peak; includes allocator cache)",,,ok,,,"{""matrix_size"": 4096, ""matmuls_per_sec"": 29.54202417868012, ""flops_per_matmul"": 137438953472.0, ""rel_err_vs_cpu_fp32"": null, ""reduced_for_time_budget"": false}","{""torch"":""2.14.0"",""device_name"":""Apple M1 Pro (16-core GPU)"",""seed"":1234,""git_commit"":""2c24789d48523ca307f7e9c6d6bded783520cc40"",""code_sha256"":""ad2062058ca50491"",""hostname"":""Kims-MacBook-Pro-16.local""}"
20260919T172639,2026-09-19T17:26:44.135+07:00,matmul,mps,Apple M1 Pro (16-core GPU),matmul,,,,float32,measure,16,34.15204100019764,4024.3262026771586,GFLOPS,1024.375,"mps_driver_allocated_memory (snapshot after work, not a peak; includes allocator cache)",,,ok,,,"{""matrix_size"": 4096, ""matmuls_per_sec"": 29.280826876326746, ""flops_per_matmul"": 137438953472.0, ""rel_err_vs_cpu_fp32"": null, ""reduced_for_time_budget"": false}","{""torch"":""2.14.0"",""device_name"":""Apple M1 Pro (16-core GPU)"",""seed"":1234,""git_commit"":""2c24789d48523ca307f7e9c6d6bded783520cc40"",""code_sha256"":""ad2062058ca50491"",""hostname"":""Kims-MacBook-Pro-16.local""}"
20260919T172639,2026-09-19T17:26:44.135+07:00,matmul,mps,Apple M1 Pro (16-core GPU),matmul,,,,float32,measure,17,33.90995799418306,4053.0558455889677,GFLOPS,1024.375,"mps_driver_allocated_memory (snapshot after work, not a peak; includes allocator cache)",,,ok,,,"{""matrix_size"": 4096, ""matmuls_per_sec"": 29.489862540423694, ""flops_per_matmul"": 137438953472.0, ""rel_err_vs_cpu_fp32"": null, ""reduced_for_time_budget"": false}","{""torch"":""2.14.0"",""device_name"":""Apple M1 Pro (16-core GPU)"",""seed"":1234,""git_commit"":""2c24789d48523ca307f7e9c6d6bded783520cc40"",""code_sha256"":""ad2062058ca50491"",""hostname"":""Kims-MacBook-Pro-16.local""}"
20260919T172639,2026-09-19T17:26:44.135+07:00,matmul,mps,Apple M1 Pro (16-core GPU),matmul,,,,float32,measure,18,33.7616659962805,4070.858158692215,GFLOPS,1024.375,"mps_driver_allocated_memory (snapshot after work, not a peak; includes allocator cache)",,,ok,,,"{""matrix_size"": 4096, ""matmuls_per_sec"": 29.61939141599734, ""flops_per_matmul"": 137438953472.0, ""rel_err_vs_cpu_fp32"": null, ""reduced_for_time_budget"": false}","{""torch"":""2.14.0"",""device_name"":""Apple M1 Pro (16-core GPU)"",""seed"":1234,""git_commit"":""2c24789d48523ca307f7e9c6d6bded783520cc40"",""code_sha256"":""ad2062058ca50491"",""hostname"":""Kims-MacBook-Pro-16.local""}"
20260919T172639,2026-09-19T17:26:44.135+07:00,matmul,mps,Apple M1 Pro (16-core GPU),matmul,,,,float32,measure,19,33.6773329981952,4081.0521866255112,GFLOPS,1024.375,"mps_driver_allocated_memory (snapshot after work, not a peak; includes allocator cache)",,,ok,,,"{""matrix_size"": 4096, ""matmuls_per_sec"": 29.693562731157808, ""flops_per_matmul"": 137438953472.0, ""rel_err_vs_cpu_fp32"": null, ""reduced_for_time_budget"": false}","{""torch"":""2.14.0"",""device_name"":""Apple M1 Pro (16-core GPU)"",""seed"":1234,""git_commit"":""2c24789d48523ca307f7e9c6d6bded783520cc40"",""code_sha256"":""ad2062058ca50491"",""hostname"":""Kims-MacBook-Pro-16.local""}"
20260919T172639,2026-09-19T17:26:44.135+07:00,matmul,mps,Apple M1 Pro (16-core GPU),matmul,,,,float32,measure,20,33.740708997356705,4073.3866464622056,GFLOPS,1024.375,"mps_driver_allocated_memory (snapshot after work, not a peak; includes allocator cache)",,,ok,,,"{""matrix_size"": 4096, ""matmuls_per_sec"": 29.637788585839775, ""flops_per_matmul"": 137438953472.0, ""rel_err_vs_cpu_fp32"": null, ""reduced_for_time_budget"": false}","{""torch"":""2.14.0"",""device_name"":""Apple M1 Pro (16-core GPU)"",""seed"":1234,""git_commit"":""2c24789d48523ca307f7e9c6d6bded783520cc40"",""code_sha256"":""ad2062058ca50491"",""hostname"":""Kims-MacBook-Pro-16.local""}"
20260919T172639,2026-09-19T17:26:44.135+07:00,matmul,mps,Apple M1 Pro (16-core GPU),matmul,,,,float32,measure,21,33.746749999409076,4072.6574699610073,GFLOPS,1024.375,"mps_driver_allocated_memory (snapshot after work, not a peak; includes allocator cache)",,,ok,,,"{""matrix_size"": 4096, ""matmuls_per_sec"": 29.6324831285238, ""flops_per_matmul"": 137438953472.0, ""rel_err_vs_cpu_fp32"": null, ""reduced_for_time_budget"": false}","{""torch"":""2.14.0"",""device_name"":""Apple M1 Pro (16-core GPU)"",""seed"":1234,""git_commit"":""2c24789d48523ca307f7e9c6d6bded783520cc40"",""code_sha256"":""ad2062058ca50491"",""hostname"":""Kims-MacBook-Pro-16.local""}"
20260919T172639,2026-09-19T17:26:44.135+07:00,matmul,mps,Apple M1 Pro (16-core GPU),matmul,,,,float32,measure,22,33.61658300127601,4088.427234462917,GFLOPS,1024.375,"mps_driver_allocated_memory (snapshot after work, not a peak; includes allocator cache)",,,ok,,,"{""matrix_size"": 4096, ""matmuls_per_sec"": 29.747223266625348, ""flops_per_matmul"": 137438953472.0, ""rel_err_vs_cpu_fp32"": null, ""reduced_for_time_budget"": false}","{""torch"":""2.14.0"",""device_name"":""Apple M1 Pro (16-core GPU)"",""seed"":1234,""git_commit"":""2c24789d48523ca307f7e9c6d6bded783520cc40"",""code_sha256"":""ad2062058ca50491"",""hostname"":""Kims-MacBook-Pro-16.local""}"
20260919T172639,2026-09-19T17:26:44.135+07:00,matmul,mps,Apple M1 Pro (16-core GPU),matmul,,,,float32,measure,23,33.67045799677726,4081.8854761391976,GFLOPS,1024.375,"mps_driver_allocated_memory (snapshot after work, not a peak; includes allocator cache)",,,ok,,,"{""matrix_size"": 4096, ""matmuls_per_sec"": 29.699625710339735, ""flops_per_matmul"": 137438953472.0, ""rel_err_vs_cpu_fp32"": null, ""reduced_for_time_budget"": false}","{""torch"":""2.14.0"",""device_name"":""Apple M1 Pro (16-core GPU)"",""seed"":1234,""git_commit"":""2c24789d48523ca307f7e9c6d6bded783520cc40"",""code_sha256"":""ad2062058ca50491"",""hostname"":""Kims-MacBook-Pro-16.local""}"
20260919T172639,2026-09-19T17:26:44.135+07:00,matmul,mps,Apple M1 Pro (16-core GPU),matmul,,,,float32,measure,24,33.970500000577886,4045.832515555025,GFLOPS,1024.375,"mps_driver_allocated_memory (snapshot after work, not a peak; includes allocator cache)",,,ok,,,"{""matrix_size"": 4096, ""matmuls_per_sec"": 29.437305897263467, ""flops_per_matmul"": 137438953472.0, ""rel_err_vs_cpu_fp32"": null, ""reduced_for_time_budget"": false}","{""torch"":""2.14.0"",""device_name"":""Apple M1 Pro (16-core GPU)"",""seed"":1234,""git_commit"":""2c24789d48523ca307f7e9c6d6bded783520cc40"",""code_sha256"":""ad2062058ca50491"",""hostname"":""Kims-MacBook-Pro-16.local""}"
20260919T172639,2026-09-19T17:26:44.135+07:00,matmul,mps,Apple M1 Pro (16-core GPU),matmul,,,,float32,measure,25,34.24420800001826,4013.4948798327214,GFLOPS,1024.375,"mps_driver_allocated_memory (snapshot after work, not a peak; includes allocator cache)",,,ok,,,"{""matrix_size"": 4096, ""matmuls_per_sec"": 29.20201863040508, ""flops_per_matmul"": 137438953472.0, ""rel_err_vs_cpu_fp32"": null, ""reduced_for_time_budget"": false}","{""torch"":""2.14.0"",""device_name"":""Apple M1 Pro (16-core GPU)"",""seed"":1234,""git_commit"":""2c24789d48523ca307f7e9c6d6bded783520cc40"",""code_sha256"":""ad2062058ca50491"",""hostname"":""Kims-MacBook-Pro-16.local""}"
20260919T172639,2026-09-19T17:26:44.135+07:00,matmul,mps,Apple M1 Pro (16-core GPU),matmul,,,,float32,measure,26,34.23150000162423,4014.9848375174547,GFLOPS,1024.375,"mps_driver_allocated_memory (snapshot after work, not a peak; includes allocator cache)",,,ok,,,"{""matrix_size"": 4096, ""matmuls_per_sec"": 29.21285949936613, ""flops_per_matmul"": 137438953472.0, ""rel_err_vs_cpu_fp32"": null, ""reduced_for_time_budget"": false}","{""torch"":""2.14.0"",""device_name"":""Apple M1 Pro (16-core GPU)"",""seed"":1234,""git_commit"":""2c24789d48523ca307f7e9c6d6bded783520cc40"",""code_sha256"":""ad2062058ca50491"",""hostname"":""Kims-MacBook-Pro-16.local""}"
20260919T172639,2026-09-19T17:26:44.135+07:00,matmul,mps,Apple M1 Pro (16-core GPU),matmul,,,,float32,measure,27,33.9295830053743,4050.7115413186857,GFLOPS,1024.375,"mps_driver_allocated_memory (snapshot after work, not a peak; includes allocator cache)",,,ok,,,"{""matrix_size"": 4096, ""matmuls_per_sec"": 29.47280548191837, ""flops_per_matmul"": 137438953472.0, ""rel_err_vs_cpu_fp32"": null, ""reduced_for_time_budget"": false}","{""torch"":""2.14.0"",""device_name"":""Apple M1 Pro (16-core GPU)"",""seed"":1234,""git_commit"":""2c24789d48523ca307f7e9c6d6bded783520cc40"",""code_sha256"":""ad2062058ca50491"",""hostname"":""Kims-MacBook-Pro-16.local""}"
20260919T172639,2026-09-19T17:26:44.135+07:00,matmul,mps,Apple M1 Pro (16-core GPU),matmul,,,,float32,measure,28,39.69320900068851,3462.530667893745,GFLOPS,1024.375,"mps_driver_allocated_memory (snapshot after work, not a peak; includes allocator cache)",,,ok,,,"{""matrix_size"": 4096, ""matmuls_per_sec"": 25.193226377405118, ""flops_per_matmul"": 137438953472.0, ""rel_err_vs_cpu_fp32"": null, ""reduced_for_time_budget"": false}","{""torch"":""2.14.0"",""device_name"":""Apple M1 Pro (16-core GPU)"",""seed"":1234,""git_commit"":""2c24789d48523ca307f7e9c6d6bded783520cc40"",""code_sha256"":""ad2062058ca50491"",""hostname"":""Kims-MacBook-Pro-16.local""}"
20260919T172639,2026-09-19T17:26:44.135+07:00,matmul,mps,Apple M1 Pro (16-core GPU),matmul,,,,float32,measure,29,34.189541001978796,4019.9122142074216,GFLOPS,1024.375,"mps_driver_allocated_memory (snapshot after work, not a peak; includes allocator cache)",,,ok,,,"{""matrix_size"": 4096, ""matmuls_per_sec"": 29.248710883311443, ""flops_per_matmul"": 137438953472.0, ""rel_err_vs_cpu_fp32"": null, ""reduced_for_time_budget"": false}","{""torch"":""2.14.0"",""device_name"":""Apple M1 Pro (16-core GPU)"",""seed"":1234,""git_commit"":""2c24789d48523ca307f7e9c6d6bded783520cc40"",""code_sha256"":""ad2062058ca50491"",""hostname"":""Kims-MacBook-Pro-16.local""}"
20260919T172639,2026-09-19T17:26:48.923+07:00,matmul,mps,Apple M1 Pro (16-core GPU),matmul,,,,float32,warmup,0,290.3496250000899,3786.8539619283465,GFLOPS,1024.375,"mps_driver_allocated_memory (snapshot after work, not a peak; includes allocator cache)",,,ok,,,"{""matrix_size"": 8192, ""matmuls_per_sec"": 3.4441236147616534, ""flops_per_matmul"": 1099511627776.0, ""rel_err_vs_cpu_fp32"": null, ""reduced_for_time_budget"": false}","{""torch"":""2.14.0"",""device_name"":""Apple M1 Pro (16-core GPU)"",""seed"":1234,""git_commit"":""2c24789d48523ca307f7e9c6d6bded783520cc40"",""code_sha256"":""ad2062058ca50491"",""hostname"":""Kims-MacBook-Pro-16.local""}"
20260919T172639,2026-09-19T17:26:48.923+07:00,matmul,mps,Apple M1 Pro (16-core GPU),matmul,,,,float32,warmup,1,271.6479170048842,4047.5614166267687,GFLOPS,1024.375,"mps_driver_allocated_memory (snapshot after work, not a peak; includes allocator cache)",,,ok,,,"{""matrix_size"": 8192, ""matmuls_per_sec"": 3.681235663522574, ""flops_per_matmul"": 1099511627776.0, ""rel_err_vs_cpu_fp32"": null, ""reduced_for_time_budget"": false}","{""torch"":""2.14.0"",""device_name"":""Apple M1 Pro (16-core GPU)"",""seed"":1234,""git_commit"":""2c24789d48523ca307f7e9c6d6bded783520cc40"",""code_sha256"":""ad2062058ca50491"",""hostname"":""Kims-MacBook-Pro-16.local""}"
20260919T172639,2026-09-19T17:26:48.923+07:00,matmul,mps,Apple M1 Pro (16-core GPU),matmul,,,,float32,measure,0,274.9637500019162,3998.751209089699,GFLOPS,1024.375,"mps_driver_allocated_memory (snapshot after work, not a peak; includes allocator cache)",,,ok,,,"{""matrix_size"": 8192, ""matmuls_per_sec"": 3.6368430383751718, ""flops_per_matmul"": 1099511627776.0, ""rel_err_vs_cpu_fp32"": null, ""reduced_for_time_budget"": false}","{""torch"":""2.14.0"",""device_name"":""Apple M1 Pro (16-core GPU)"",""seed"":1234,""git_commit"":""2c24789d48523ca307f7e9c6d6bded783520cc40"",""code_sha256"":""ad2062058ca50491"",""hostname"":""Kims-MacBook-Pro-16.local""}"
20260919T172639,2026-09-19T17:26:48.923+07:00,matmul,mps,Apple M1 Pro (16-core GPU),matmul,,,,float32,measure,1,273.40862499841023,4021.495765842768,GFLOPS,1024.375,"mps_driver_allocated_memory (snapshot after work, not a peak; includes allocator cache)",,,ok,,,"{""matrix_size"": 8192, ""matmuls_per_sec"": 3.657529092236262, ""flops_per_matmul"": 1099511627776.0, ""rel_err_vs_cpu_fp32"": null, ""reduced_for_time_budget"": false}","{""torch"":""2.14.0"",""device_name"":""Apple M1 Pro (16-core GPU)"",""seed"":1234,""git_commit"":""2c24789d48523ca307f7e9c6d6bded783520cc40"",""code_sha256"":""ad2062058ca50491"",""hostname"":""Kims-MacBook-Pro-16.local""}"
20260919T172639,2026-09-19T17:26:48.923+07:00,matmul,mps,Apple M1 Pro (16-core GPU),matmul,,,,float32,measure,2,277.1806670061778,3966.7688214037453,GFLOPS,1024.375,"mps_driver_allocated_memory (snapshot after work, not a peak; includes allocator cache)",,,ok,,,"{""matrix_size"": 8192, ""matmuls_per_sec"": 3.607755226224749, ""flops_per_matmul"": 1099511627776.0, ""rel_err_vs_cpu_fp32"": null, ""reduced_for_time_budget"": false}","{""torch"":""2.14.0"",""device_name"":""Apple M1 Pro (16-core GPU)"",""seed"":1234,""git_commit"":""2c24789d48523ca307f7e9c6d6bded783520cc40"",""code_sha256"":""ad2062058ca50491"",""hostname"":""Kims-MacBook-Pro-16.local""}"
20260919T172639,2026-09-19T17:26:48.923+07:00,matmul,mps,Apple M1 Pro (16-core GPU),matmul,,,,float32,measure,3,279.5773750040098,3932.7632565411645,GFLOPS,1024.375,"mps_driver_allocated_memory (snapshot after work, not a peak; includes allocator cache)",,,ok,,,"{""matrix_size"": 8192, ""matmuls_per_sec"": 3.5768273451514365, ""flops_per_matmul"": 1099511627776.0, ""rel_err_vs_cpu_fp32"": null, ""reduced_for_time_budget"": false}","{""torch"":""2.14.0"",""device_name"":""Apple M1 Pro (16-core GPU)"",""seed"":1234,""git_commit"":""2c24789d48523ca307f7e9c6d6bded783520cc40"",""code_sha256"":""ad2062058ca50491"",""hostname"":""Kims-MacBook-Pro-16.local""}"
20260919T172639,2026-09-19T17:26:48.923+07:00,matmul,mps,Apple M1 Pro (16-core GPU),matmul,,,,float32,measure,4,272.1632500033593,4039.897479775204,GFLOPS,1024.375,"mps_driver_allocated_memory (snapshot after work, not a peak; includes allocator cache)",,,ok,,,"{""matrix_size"": 8192, ""matmuls_per_sec"": 3.6742653535613536, ""flops_per_matmul"": 1099511627776.0, ""rel_err_vs_cpu_fp32"": null, ""reduced_for_time_budget"": false}","{""torch"":""2.14.0"",""device_name"":""Apple M1 Pro (16-core GPU)"",""seed"":1234,""git_commit"":""2c24789d48523ca307f7e9c6d6bded783520cc40"",""code_sha256"":""ad2062058ca50491"",""hostname"":""Kims-MacBook-Pro-16.local""}"
20260919T172639,2026-09-19T17:26:48.923+07:00,matmul,mps,Apple M1 Pro (16-core GPU),matmul,,,,float32,measure,5,267.98512499954086,4102.883052848115,GFLOPS,1024.375,"mps_driver_allocated_memory (snapshot after work, not a peak; includes allocator cache)",,,ok,,,"{""matrix_size"": 8192, ""matmuls_per_sec"": 3.731550398559298, ""flops_per_matmul"": 1099511627776.0, ""rel_err_vs_cpu_fp32"": null, ""reduced_for_time_budget"": false}","{""torch"":""2.14.0"",""device_name"":""Apple M1 Pro (16-core GPU)"",""seed"":1234,""git_commit"":""2c24789d48523ca307f7e9c6d6bded783520cc40"",""code_sha256"":""ad2062058ca50491"",""hostname"":""Kims-MacBook-Pro-16.local""}"
20260919T172639,2026-09-19T17:26:48.923+07:00,matmul,mps,Apple M1 Pro (16-core GPU),matmul,,,,float32,measure,6,265.40991599904373,4142.692346807275,GFLOPS,1024.375,"mps_driver_allocated_memory (snapshot after work, not a peak; includes allocator cache)",,,ok,,,"{""matrix_size"": 8192, ""matmuls_per_sec"": 3.7677567404964742, ""flops_per_matmul"": 1099511627776.0, ""rel_err_vs_cpu_fp32"": null, ""reduced_for_time_budget"": false}","{""torch"":""2.14.0"",""device_name"":""Apple M1 Pro (16-core GPU)"",""seed"":1234,""git_commit"":""2c24789d48523ca307f7e9c6d6bded783520cc40"",""code_sha256"":""ad2062058ca50491"",""hostname"":""Kims-MacBook-Pro-16.local""}"
20260919T172639,2026-09-19T17:26:48.923+07:00,matmul,mps,Apple M1 Pro (16-core GPU),matmul,,,,float32,measure,7,267.10812500095926,4116.354108554547,GFLOPS,1024.375,"mps_driver_allocated_memory (snapshot after work, not a peak; includes allocator cache)",,,ok,,,"{""matrix_size"": 8192, ""matmuls_per_sec"": 3.743802252351585, ""flops_per_matmul"": 1099511627776.0, ""rel_err_vs_cpu_fp32"": null, ""reduced_for_time_budget"": false}","{""torch"":""2.14.0"",""device_name"":""Apple M1 Pro (16-core GPU)"",""seed"":1234,""git_commit"":""2c24789d48523ca307f7e9c6d6bded783520cc40"",""code_sha256"":""ad2062058ca50491"",""hostname"":""Kims-MacBook-Pro-16.local""}"
20260919T172639,2026-09-19T17:26:48.923+07:00,matmul,mps,Apple M1 Pro (16-core GPU),matmul,,,,float32,measure,8,264.4601659994805,4157.569907061768,GFLOPS,1024.375,"mps_driver_allocated_memory (snapshot after work, not a peak; includes allocator cache)",,,ok,,,"{""matrix_size"": 8192, ""matmuls_per_sec"": 3.7812878027232437, ""flops_per_matmul"": 1099511627776.0, ""rel_err_vs_cpu_fp32"": null, ""reduced_for_time_budget"": false}","{""torch"":""2.14.0"",""device_name"":""Apple M1 Pro (16-core GPU)"",""seed"":1234,""git_commit"":""2c24789d48523ca307f7e9c6d6bded783520cc40"",""code_sha256"":""ad2062058ca50491"",""hostname"":""Kims-MacBook-Pro-16.local""}"
20260919T172639,2026-09-19T17:26:48.923+07:00,matmul,mps,Apple M1 Pro (16-core GPU),matmul,,,,float32,measure,9,269.5917500022915,4078.4320283044794,GFLOPS,1024.375,"mps_driver_allocated_memory (snapshot after work, not a peak; includes allocator cache)",,,ok,,,"{""matrix_size"": 8192, ""matmuls_per_sec"": 3.7093123212839414, ""flops_per_matmul"": 1099511627776.0, ""rel_err_vs_cpu_fp32"": null, ""reduced_for_time_budget"": false}","{""torch"":""2.14.0"",""device_name"":""Apple M1 Pro (16-core GPU)"",""seed"":1234,""git_commit"":""2c24789d48523ca307f7e9c6d6bded783520cc40"",""code_sha256"":""ad2062058ca50491"",""hostname"":""Kims-MacBook-Pro-16.local""}"
