run_id,timestamp,experiment,backend,device,model,dataset,batch_size,sequence_length,precision,phase,iteration,latency_ms,throughput,throughput_unit,memory_mb,memory_kind,loss,accuracy,status,error_type,error,extra,metadata
20260919T172639,2026-09-19T17:28:19.086+07:00,transformer,mps,Apple M1 Pro (16-core GPU),gpt,synthetic_markov,8,128,fp32,warmup,0,274.4606250053039,3730.954121306878,tokens/s,,,8.370002746582031,,ok,,,"{""n_params"": 4240896, ""d_model"": 256, ""n_layers"": 4, ""n_heads"": 4, ""tokens_per_step"": 1024, ""entropy_floor_loss"": 1.3862943611198906, ""step_ms"": 274.4606250053039}","{""torch"":""2.14.0"",""device_name"":""Apple M1 Pro (16-core GPU)"",""seed"":1234,""git_commit"":""2c24789d48523ca307f7e9c6d6bded783520cc40"",""code_sha256"":""ad2062058ca50491"",""hostname"":""Kims-MacBook-Pro-16.local""}"
20260919T172639,2026-09-19T17:28:19.114+07:00,transformer,mps,Apple M1 Pro (16-core GPU),gpt,synthetic_markov,8,128,fp32,warmup,1,27.783207995526027,36856.7949448061,tokens/s,,,8.351993560791016,,ok,,,"{""n_params"": 4240896, ""d_model"": 256, ""n_layers"": 4, ""n_heads"": 4, ""tokens_per_step"": 1024, ""entropy_floor_loss"": 1.3862943611198906, ""step_ms"": 27.783207995526027}","{""torch"":""2.14.0"",""device_name"":""Apple M1 Pro (16-core GPU)"",""seed"":1234,""git_commit"":""2c24789d48523ca307f7e9c6d6bded783520cc40"",""code_sha256"":""ad2062058ca50491"",""hostname"":""Kims-MacBook-Pro-16.local""}"
20260919T172639,2026-09-19T17:28:19.134+07:00,transformer,mps,Apple M1 Pro (16-core GPU),gpt,synthetic_markov,8,128,fp32,warmup,2,20.38337499834597,50237.01914344869,tokens/s,,,8.352470397949219,,ok,,,"{""n_params"": 4240896, ""d_model"": 256, ""n_layers"": 4, ""n_heads"": 4, ""tokens_per_step"": 1024, ""entropy_floor_loss"": 1.3862943611198906, ""step_ms"": 20.38337499834597}","{""torch"":""2.14.0"",""device_name"":""Apple M1 Pro (16-core GPU)"",""seed"":1234,""git_commit"":""2c24789d48523ca307f7e9c6d6bded783520cc40"",""code_sha256"":""ad2062058ca50491"",""hostname"":""Kims-MacBook-Pro-16.local""}"
20260919T172639,2026-09-19T17:28:19.155+07:00,transformer,mps,Apple M1 Pro (16-core GPU),gpt,synthetic_markov,8,128,fp32,measure,0,20.950582998921163,48876.921470525675,tokens/s,,,8.33617877960205,,ok,,,"{""n_params"": 4240896, ""d_model"": 256, ""n_layers"": 4, ""n_heads"": 4, ""tokens_per_step"": 1024, ""entropy_floor_loss"": 1.3862943611198906, ""step_ms"": 20.950582998921163}","{""torch"":""2.14.0"",""device_name"":""Apple M1 Pro (16-core GPU)"",""seed"":1234,""git_commit"":""2c24789d48523ca307f7e9c6d6bded783520cc40"",""code_sha256"":""ad2062058ca50491"",""hostname"":""Kims-MacBook-Pro-16.local""}"
20260919T172639,2026-09-19T17:28:19.178+07:00,transformer,mps,Apple M1 Pro (16-core GPU),gpt,synthetic_markov,8,128,fp32,measure,1,22.348749997036066,45819.11740637865,tokens/s,,,8.318806648254395,,ok,,,"{""n_params"": 4240896, ""d_model"": 256, ""n_layers"": 4, ""n_heads"": 4, ""tokens_per_step"": 1024, ""entropy_floor_loss"": 1.3862943611198906, ""step_ms"": 22.348749997036066}","{""torch"":""2.14.0"",""device_name"":""Apple M1 Pro (16-core GPU)"",""seed"":1234,""git_commit"":""2c24789d48523ca307f7e9c6d6bded783520cc40"",""code_sha256"":""ad2062058ca50491"",""hostname"":""Kims-MacBook-Pro-16.local""}"
20260919T172639,2026-09-19T17:28:19.199+07:00,transformer,mps,Apple M1 Pro (16-core GPU),gpt,synthetic_markov,8,128,fp32,measure,2,20.951332997356076,48875.171815045,tokens/s,,,8.323053359985352,,ok,,,"{""n_params"": 4240896, ""d_model"": 256, ""n_layers"": 4, ""n_heads"": 4, ""tokens_per_step"": 1024, ""entropy_floor_loss"": 1.3862943611198906, ""step_ms"": 20.951332997356076}","{""torch"":""2.14.0"",""device_name"":""Apple M1 Pro (16-core GPU)"",""seed"":1234,""git_commit"":""2c24789d48523ca307f7e9c6d6bded783520cc40"",""code_sha256"":""ad2062058ca50491"",""hostname"":""Kims-MacBook-Pro-16.local""}"
20260919T172639,2026-09-19T17:28:19.219+07:00,transformer,mps,Apple M1 Pro (16-core GPU),gpt,synthetic_markov,8,128,fp32,measure,3,20.3140000012354,50408.58520910334,tokens/s,,,8.29788589477539,,ok,,,"{""n_params"": 4240896, ""d_model"": 256, ""n_layers"": 4, ""n_heads"": 4, ""tokens_per_step"": 1024, ""entropy_floor_loss"": 1.3862943611198906, ""step_ms"": 20.3140000012354}","{""torch"":""2.14.0"",""device_name"":""Apple M1 Pro (16-core GPU)"",""seed"":1234,""git_commit"":""2c24789d48523ca307f7e9c6d6bded783520cc40"",""code_sha256"":""ad2062058ca50491"",""hostname"":""Kims-MacBook-Pro-16.local""}"
20260919T172639,2026-09-19T17:28:19.240+07:00,transformer,mps,Apple M1 Pro (16-core GPU),gpt,synthetic_markov,8,128,fp32,measure,4,20.46775000053458,50029.925124806345,tokens/s,,,8.315505981445312,,ok,,,"{""n_params"": 4240896, ""d_model"": 256, ""n_layers"": 4, ""n_heads"": 4, ""tokens_per_step"": 1024, ""entropy_floor_loss"": 1.3862943611198906, ""step_ms"": 20.46775000053458}","{""torch"":""2.14.0"",""device_name"":""Apple M1 Pro (16-core GPU)"",""seed"":1234,""git_commit"":""2c24789d48523ca307f7e9c6d6bded783520cc40"",""code_sha256"":""ad2062058ca50491"",""hostname"":""Kims-MacBook-Pro-16.local""}"
20260919T172639,2026-09-19T17:28:19.261+07:00,transformer,mps,Apple M1 Pro (16-core GPU),gpt,synthetic_markov,8,128,fp32,measure,5,20.701875000668224,49464.1185866955,tokens/s,,,8.294882774353027,,ok,,,"{""n_params"": 4240896, ""d_model"": 256, ""n_layers"": 4, ""n_heads"": 4, ""tokens_per_step"": 1024, ""entropy_floor_loss"": 1.3862943611198906, ""step_ms"": 20.701875000668224}","{""torch"":""2.14.0"",""device_name"":""Apple M1 Pro (16-core GPU)"",""seed"":1234,""git_commit"":""2c24789d48523ca307f7e9c6d6bded783520cc40"",""code_sha256"":""ad2062058ca50491"",""hostname"":""Kims-MacBook-Pro-16.local""}"
20260919T172639,2026-09-19T17:28:19.282+07:00,transformer,mps,Apple M1 Pro (16-core GPU),gpt,synthetic_markov,8,128,fp32,measure,6,20.930917002260685,48922.84460778287,tokens/s,,,8.268287658691406,,ok,,,"{""n_params"": 4240896, ""d_model"": 256, ""n_layers"": 4, ""n_heads"": 4, ""tokens_per_step"": 1024, ""entropy_floor_loss"": 1.3862943611198906, ""step_ms"": 20.930917002260685}","{""torch"":""2.14.0"",""device_name"":""Apple M1 Pro (16-core GPU)"",""seed"":1234,""git_commit"":""2c24789d48523ca307f7e9c6d6bded783520cc40"",""code_sha256"":""ad2062058ca50491"",""hostname"":""Kims-MacBook-Pro-16.local""}"
20260919T172639,2026-09-19T17:28:19.302+07:00,transformer,mps,Apple M1 Pro (16-core GPU),gpt,synthetic_markov,8,128,fp32,measure,7,20.26345800550189,50534.31648842788,tokens/s,,,8.277718544006348,,ok,,,"{""n_params"": 4240896, ""d_model"": 256, ""n_layers"": 4, ""n_heads"": 4, ""tokens_per_step"": 1024, ""entropy_floor_loss"": 1.3862943611198906, ""step_ms"": 20.26345800550189}","{""torch"":""2.14.0"",""device_name"":""Apple M1 Pro (16-core GPU)"",""seed"":1234,""git_commit"":""2c24789d48523ca307f7e9c6d6bded783520cc40"",""code_sha256"":""ad2062058ca50491"",""hostname"":""Kims-MacBook-Pro-16.local""}"
20260919T172639,2026-09-19T17:28:19.323+07:00,transformer,mps,Apple M1 Pro (16-core GPU),gpt,synthetic_markov,8,128,fp32,measure,8,20.573916997818742,49771.75712862869,tokens/s,,,8.28697395324707,,ok,,,"{""n_params"": 4240896, ""d_model"": 256, ""n_layers"": 4, ""n_heads"": 4, ""tokens_per_step"": 1024, ""entropy_floor_loss"": 1.3862943611198906, ""step_ms"": 20.573916997818742}","{""torch"":""2.14.0"",""device_name"":""Apple M1 Pro (16-core GPU)"",""seed"":1234,""git_commit"":""2c24789d48523ca307f7e9c6d6bded783520cc40"",""code_sha256"":""ad2062058ca50491"",""hostname"":""Kims-MacBook-Pro-16.local""}"
20260919T172639,2026-09-19T17:28:19.344+07:00,transformer,mps,Apple M1 Pro (16-core GPU),gpt,synthetic_markov,8,128,fp32,measure,9,20.59858400025405,49712.15497081599,tokens/s,,,8.276728630065918,,ok,,,"{""n_params"": 4240896, ""d_model"": 256, ""n_layers"": 4, ""n_heads"": 4, ""tokens_per_step"": 1024, ""entropy_floor_loss"": 1.3862943611198906, ""step_ms"": 20.59858400025405}","{""torch"":""2.14.0"",""device_name"":""Apple M1 Pro (16-core GPU)"",""seed"":1234,""git_commit"":""2c24789d48523ca307f7e9c6d6bded783520cc40"",""code_sha256"":""ad2062058ca50491"",""hostname"":""Kims-MacBook-Pro-16.local""}"
20260919T172639,2026-09-19T17:28:19.364+07:00,transformer,mps,Apple M1 Pro (16-core GPU),gpt,synthetic_markov,8,128,fp32,measure,10,20.411249999597203,50168.41202867084,tokens/s,,,8.249574661254883,,ok,,,"{""n_params"": 4240896, ""d_model"": 256, ""n_layers"": 4, ""n_heads"": 4, ""tokens_per_step"": 1024, ""entropy_floor_loss"": 1.3862943611198906, ""step_ms"": 20.411249999597203}","{""torch"":""2.14.0"",""device_name"":""Apple M1 Pro (16-core GPU)"",""seed"":1234,""git_commit"":""2c24789d48523ca307f7e9c6d6bded783520cc40"",""code_sha256"":""ad2062058ca50491"",""hostname"":""Kims-MacBook-Pro-16.local""}"
20260919T172639,2026-09-19T17:28:19.385+07:00,transformer,mps,Apple M1 Pro (16-core GPU),gpt,synthetic_markov,8,128,fp32,measure,11,20.835915995121468,49145.90749164855,tokens/s,,,8.263585090637207,,ok,,,"{""n_params"": 4240896, ""d_model"": 256, ""n_layers"": 4, ""n_heads"": 4, ""tokens_per_step"": 1024, ""entropy_floor_loss"": 1.3862943611198906, ""step_ms"": 20.835915995121468}","{""torch"":""2.14.0"",""device_name"":""Apple M1 Pro (16-core GPU)"",""seed"":1234,""git_commit"":""2c24789d48523ca307f7e9c6d6bded783520cc40"",""code_sha256"":""ad2062058ca50491"",""hostname"":""Kims-MacBook-Pro-16.local""}"
20260919T172639,2026-09-19T17:28:19.407+07:00,transformer,mps,Apple M1 Pro (16-core GPU),gpt,synthetic_markov,8,128,fp32,measure,12,21.007792005548254,48743.81847123948,tokens/s,,,8.243083953857422,,ok,,,"{""n_params"": 4240896, ""d_model"": 256, ""n_layers"": 4, ""n_heads"": 4, ""tokens_per_step"": 1024, ""entropy_floor_loss"": 1.3862943611198906, ""step_ms"": 21.007792005548254}","{""torch"":""2.14.0"",""device_name"":""Apple M1 Pro (16-core GPU)"",""seed"":1234,""git_commit"":""2c24789d48523ca307f7e9c6d6bded783520cc40"",""code_sha256"":""ad2062058ca50491"",""hostname"":""Kims-MacBook-Pro-16.local""}"
20260919T172639,2026-09-19T17:28:19.427+07:00,transformer,mps,Apple M1 Pro (16-core GPU),gpt,synthetic_markov,8,128,fp32,measure,13,20.305915997596458,50428.65340924327,tokens/s,,,8.242039680480957,,ok,,,"{""n_params"": 4240896, ""d_model"": 256, ""n_layers"": 4, ""n_heads"": 4, ""tokens_per_step"": 1024, ""entropy_floor_loss"": 1.3862943611198906, ""step_ms"": 20.305915997596458}","{""torch"":""2.14.0"",""device_name"":""Apple M1 Pro (16-core GPU)"",""seed"":1234,""git_commit"":""2c24789d48523ca307f7e9c6d6bded783520cc40"",""code_sha256"":""ad2062058ca50491"",""hostname"":""Kims-MacBook-Pro-16.local""}"
20260919T172639,2026-09-19T17:28:19.447+07:00,transformer,mps,Apple M1 Pro (16-core GPU),gpt,synthetic_markov,8,128,fp32,measure,14,20.237249998899642,50599.76034568322,tokens/s,,,8.226358413696289,,ok,,,"{""n_params"": 4240896, ""d_model"": 256, ""n_layers"": 4, ""n_heads"": 4, ""tokens_per_step"": 1024, ""entropy_floor_loss"": 1.3862943611198906, ""step_ms"": 20.237249998899642}","{""torch"":""2.14.0"",""device_name"":""Apple M1 Pro (16-core GPU)"",""seed"":1234,""git_commit"":""2c24789d48523ca307f7e9c6d6bded783520cc40"",""code_sha256"":""ad2062058ca50491"",""hostname"":""Kims-MacBook-Pro-16.local""}"
20260919T172639,2026-09-19T17:28:19.468+07:00,transformer,mps,Apple M1 Pro (16-core GPU),gpt,synthetic_markov,8,128,fp32,measure,15,20.260249999410007,50542.31808737896,tokens/s,,,8.223438262939453,,ok,,,"{""n_params"": 4240896, ""d_model"": 256, ""n_layers"": 4, ""n_heads"": 4, ""tokens_per_step"": 1024, ""entropy_floor_loss"": 1.3862943611198906, ""step_ms"": 20.260249999410007}","{""torch"":""2.14.0"",""device_name"":""Apple M1 Pro (16-core GPU)"",""seed"":1234,""git_commit"":""2c24789d48523ca307f7e9c6d6bded783520cc40"",""code_sha256"":""ad2062058ca50491"",""hostname"":""Kims-MacBook-Pro-16.local""}"
20260919T172639,2026-09-19T17:28:19.488+07:00,transformer,mps,Apple M1 Pro (16-core GPU),gpt,synthetic_markov,8,128,fp32,measure,16,20.289334002882242,50469.86755970076,tokens/s,,,8.238740921020508,,ok,,,"{""n_params"": 4240896, ""d_model"": 256, ""n_layers"": 4, ""n_heads"": 4, ""tokens_per_step"": 1024, ""entropy_floor_loss"": 1.3862943611198906, ""step_ms"": 20.289334002882242}","{""torch"":""2.14.0"",""device_name"":""Apple M1 Pro (16-core GPU)"",""seed"":1234,""git_commit"":""2c24789d48523ca307f7e9c6d6bded783520cc40"",""code_sha256"":""ad2062058ca50491"",""hostname"":""Kims-MacBook-Pro-16.local""}"
20260919T172639,2026-09-19T17:28:19.509+07:00,transformer,mps,Apple M1 Pro (16-core GPU),gpt,synthetic_markov,8,128,fp32,measure,17,20.383583003422245,50236.50649780651,tokens/s,,,8.223419189453125,,ok,,,"{""n_params"": 4240896, ""d_model"": 256, ""n_layers"": 4, ""n_heads"": 4, ""tokens_per_step"": 1024, ""entropy_floor_loss"": 1.3862943611198906, ""step_ms"": 20.383583003422245}","{""torch"":""2.14.0"",""device_name"":""Apple M1 Pro (16-core GPU)"",""seed"":1234,""git_commit"":""2c24789d48523ca307f7e9c6d6bded783520cc40"",""code_sha256"":""ad2062058ca50491"",""hostname"":""Kims-MacBook-Pro-16.local""}"
20260919T172639,2026-09-19T17:28:19.529+07:00,transformer,mps,Apple M1 Pro (16-core GPU),gpt,synthetic_markov,8,128,fp32,measure,18,20.276791998185217,50501.08518604168,tokens/s,,,8.217802047729492,,ok,,,"{""n_params"": 4240896, ""d_model"": 256, ""n_layers"": 4, ""n_heads"": 4, ""tokens_per_step"": 1024, ""entropy_floor_loss"": 1.3862943611198906, ""step_ms"": 20.276791998185217}","{""torch"":""2.14.0"",""device_name"":""Apple M1 Pro (16-core GPU)"",""seed"":1234,""git_commit"":""2c24789d48523ca307f7e9c6d6bded783520cc40"",""code_sha256"":""ad2062058ca50491"",""hostname"":""Kims-MacBook-Pro-16.local""}"
20260919T172639,2026-09-19T17:28:19.550+07:00,transformer,mps,Apple M1 Pro (16-core GPU),gpt,synthetic_markov,8,128,fp32,measure,19,20.5698330028099,49781.638959349766,tokens/s,,,8.193924903869629,,ok,,,"{""n_params"": 4240896, ""d_model"": 256, ""n_layers"": 4, ""n_heads"": 4, ""tokens_per_step"": 1024, ""entropy_floor_loss"": 1.3862943611198906, ""step_ms"": 20.5698330028099}","{""torch"":""2.14.0"",""device_name"":""Apple M1 Pro (16-core GPU)"",""seed"":1234,""git_commit"":""2c24789d48523ca307f7e9c6d6bded783520cc40"",""code_sha256"":""ad2062058ca50491"",""hostname"":""Kims-MacBook-Pro-16.local""}"
20260919T172639,2026-09-19T17:28:19.550+07:00,transformer,mps,Apple M1 Pro (16-core GPU),gpt,synthetic_markov,8,128,fp32,config,,,,,1194.734375,"mps_driver_allocated_memory (snapshot after work, not a peak; includes allocator cache)",,,ok,,,"{""n_params"": 4240896, ""d_model"": 256, ""n_layers"": 4, ""n_heads"": 4, ""tokens_per_step"": 1024, ""entropy_floor_loss"": 1.3862943611198906, ""process_rss_mb"": 501.1875, ""mps_current_allocated_mb"": 64.7109375, ""mps_driver_allocated_mb"": 1194.734375}","{""torch"":""2.14.0"",""device_name"":""Apple M1 Pro (16-core GPU)"",""seed"":1234,""git_commit"":""2c24789d48523ca307f7e9c6d6bded783520cc40"",""code_sha256"":""ad2062058ca50491"",""hostname"":""Kims-MacBook-Pro-16.local""}"
20260919T172639,2026-09-19T17:28:19.849+07:00,transformer,mps,Apple M1 Pro (16-core GPU),gpt,synthetic_markov,8,256,fp32,warmup,0,126.68383300479036,16166.230144951156,tokens/s,,,8.381938934326172,,ok,,,"{""n_params"": 4273664, ""d_model"": 256, ""n_layers"": 4, ""n_heads"": 4, ""tokens_per_step"": 2048, ""entropy_floor_loss"": 1.3862943611198906, ""step_ms"": 126.68383300479036}","{""torch"":""2.14.0"",""device_name"":""Apple M1 Pro (16-core GPU)"",""seed"":1234,""git_commit"":""2c24789d48523ca307f7e9c6d6bded783520cc40"",""code_sha256"":""ad2062058ca50491"",""hostname"":""Kims-MacBook-Pro-16.local""}"
20260919T172639,2026-09-19T17:28:19.888+07:00,transformer,mps,Apple M1 Pro (16-core GPU),gpt,synthetic_markov,8,256,fp32,warmup,1,38.158999996085186,53670.16955921562,tokens/s,,,8.353320121765137,,ok,,,"{""n_params"": 4273664, ""d_model"": 256, ""n_layers"": 4, ""n_heads"": 4, ""tokens_per_step"": 2048, ""entropy_floor_loss"": 1.3862943611198906, ""step_ms"": 38.158999996085186}","{""torch"":""2.14.0"",""device_name"":""Apple M1 Pro (16-core GPU)"",""seed"":1234,""git_commit"":""2c24789d48523ca307f7e9c6d6bded783520cc40"",""code_sha256"":""ad2062058ca50491"",""hostname"":""Kims-MacBook-Pro-16.local""}"
20260919T172639,2026-09-19T17:28:19.925+07:00,transformer,mps,Apple M1 Pro (16-core GPU),gpt,synthetic_markov,8,256,fp32,warmup,2,36.80529200210003,55644.17203599813,tokens/s,,,8.348281860351562,,ok,,,"{""n_params"": 4273664, ""d_model"": 256, ""n_layers"": 4, ""n_heads"": 4, ""tokens_per_step"": 2048, ""entropy_floor_loss"": 1.3862943611198906, ""step_ms"": 36.80529200210003}","{""torch"":""2.14.0"",""device_name"":""Apple M1 Pro (16-core GPU)"",""seed"":1234,""git_commit"":""2c24789d48523ca307f7e9c6d6bded783520cc40"",""code_sha256"":""ad2062058ca50491"",""hostname"":""Kims-MacBook-Pro-16.local""}"
20260919T172639,2026-09-19T17:28:19.962+07:00,transformer,mps,Apple M1 Pro (16-core GPU),gpt,synthetic_markov,8,256,fp32,measure,0,36.82491600193316,55614.519253553444,tokens/s,,,8.324803352355957,,ok,,,"{""n_params"": 4273664, ""d_model"": 256, ""n_layers"": 4, ""n_heads"": 4, ""tokens_per_step"": 2048, ""entropy_floor_loss"": 1.3862943611198906, ""step_ms"": 36.82491600193316}","{""torch"":""2.14.0"",""device_name"":""Apple M1 Pro (16-core GPU)"",""seed"":1234,""git_commit"":""2c24789d48523ca307f7e9c6d6bded783520cc40"",""code_sha256"":""ad2062058ca50491"",""hostname"":""Kims-MacBook-Pro-16.local""}"
20260919T172639,2026-09-19T17:28:19.999+07:00,transformer,mps,Apple M1 Pro (16-core GPU),gpt,synthetic_markov,8,256,fp32,measure,1,36.79454200027976,55660.42920127742,tokens/s,,,8.313630104064941,,ok,,,"{""n_params"": 4273664, ""d_model"": 256, ""n_layers"": 4, ""n_heads"": 4, ""tokens_per_step"": 2048, ""entropy_floor_loss"": 1.3862943611198906, ""step_ms"": 36.79454200027976}","{""torch"":""2.14.0"",""device_name"":""Apple M1 Pro (16-core GPU)"",""seed"":1234,""git_commit"":""2c24789d48523ca307f7e9c6d6bded783520cc40"",""code_sha256"":""ad2062058ca50491"",""hostname"":""Kims-MacBook-Pro-16.local""}"
20260919T172639,2026-09-19T17:28:20.038+07:00,transformer,mps,Apple M1 Pro (16-core GPU),gpt,synthetic_markov,8,256,fp32,measure,2,39.02237500005867,52482.710239879576,tokens/s,,,8.286486625671387,,ok,,,"{""n_params"": 4273664, ""d_model"": 256, ""n_layers"": 4, ""n_heads"": 4, ""tokens_per_step"": 2048, ""entropy_floor_loss"": 1.3862943611198906, ""step_ms"": 39.02237500005867}","{""torch"":""2.14.0"",""device_name"":""Apple M1 Pro (16-core GPU)"",""seed"":1234,""git_commit"":""2c24789d48523ca307f7e9c6d6bded783520cc40"",""code_sha256"":""ad2062058ca50491"",""hostname"":""Kims-MacBook-Pro-16.local""}"
20260919T172639,2026-09-19T17:28:20.075+07:00,transformer,mps,Apple M1 Pro (16-core GPU),gpt,synthetic_markov,8,256,fp32,measure,3,36.78837500046939,55669.75980792491,tokens/s,,,8.288721084594727,,ok,,,"{""n_params"": 4273664, ""d_model"": 256, ""n_layers"": 4, ""n_heads"": 4, ""tokens_per_step"": 2048, ""entropy_floor_loss"": 1.3862943611198906, ""step_ms"": 36.78837500046939}","{""torch"":""2.14.0"",""device_name"":""Apple M1 Pro (16-core GPU)"",""seed"":1234,""git_commit"":""2c24789d48523ca307f7e9c6d6bded783520cc40"",""code_sha256"":""ad2062058ca50491"",""hostname"":""Kims-MacBook-Pro-16.local""}"
20260919T172639,2026-09-19T17:28:20.111+07:00,transformer,mps,Apple M1 Pro (16-core GPU),gpt,synthetic_markov,8,256,fp32,measure,4,36.62629199970979,55916.116215537935,tokens/s,,,8.265533447265625,,ok,,,"{""n_params"": 4273664, ""d_model"": 256, ""n_layers"": 4, ""n_heads"": 4, ""tokens_per_step"": 2048, ""entropy_floor_loss"": 1.3862943611198906, ""step_ms"": 36.62629199970979}","{""torch"":""2.14.0"",""device_name"":""Apple M1 Pro (16-core GPU)"",""seed"":1234,""git_commit"":""2c24789d48523ca307f7e9c6d6bded783520cc40"",""code_sha256"":""ad2062058ca50491"",""hostname"":""Kims-MacBook-Pro-16.local""}"
20260919T172639,2026-09-19T17:28:20.148+07:00,transformer,mps,Apple M1 Pro (16-core GPU),gpt,synthetic_markov,8,256,fp32,measure,5,36.842166002315935,55588.47978349755,tokens/s,,,8.275943756103516,,ok,,,"{""n_params"": 4273664, ""d_model"": 256, ""n_layers"": 4, ""n_heads"": 4, ""tokens_per_step"": 2048, ""entropy_floor_loss"": 1.3862943611198906, ""step_ms"": 36.842166002315935}","{""torch"":""2.14.0"",""device_name"":""Apple M1 Pro (16-core GPU)"",""seed"":1234,""git_commit"":""2c24789d48523ca307f7e9c6d6bded783520cc40"",""code_sha256"":""ad2062058ca50491"",""hostname"":""Kims-MacBook-Pro-16.local""}"
20260919T172639,2026-09-19T17:28:20.185+07:00,transformer,mps,Apple M1 Pro (16-core GPU),gpt,synthetic_markov,8,256,fp32,measure,6,36.84100000100443,55590.239134229894,tokens/s,,,8.225382804870605,,ok,,,"{""n_params"": 4273664, ""d_model"": 256, ""n_layers"": 4, ""n_heads"": 4, ""tokens_per_step"": 2048, ""entropy_floor_loss"": 1.3862943611198906, ""step_ms"": 36.84100000100443}","{""torch"":""2.14.0"",""device_name"":""Apple M1 Pro (16-core GPU)"",""seed"":1234,""git_commit"":""2c24789d48523ca307f7e9c6d6bded783520cc40"",""code_sha256"":""ad2062058ca50491"",""hostname"":""Kims-MacBook-Pro-16.local""}"
20260919T172639,2026-09-19T17:28:20.223+07:00,transformer,mps,Apple M1 Pro (16-core GPU),gpt,synthetic_markov,8,256,fp32,measure,7,37.04500000458211,55284.11390867006,tokens/s,,,8.234519004821777,,ok,,,"{""n_params"": 4273664, ""d_model"": 256, ""n_layers"": 4, ""n_heads"": 4, ""tokens_per_step"": 2048, ""entropy_floor_loss"": 1.3862943611198906, ""step_ms"": 37.04500000458211}","{""torch"":""2.14.0"",""device_name"":""Apple M1 Pro (16-core GPU)"",""seed"":1234,""git_commit"":""2c24789d48523ca307f7e9c6d6bded783520cc40"",""code_sha256"":""ad2062058ca50491"",""hostname"":""Kims-MacBook-Pro-16.local""}"
20260919T172639,2026-09-19T17:28:20.260+07:00,transformer,mps,Apple M1 Pro (16-core GPU),gpt,synthetic_markov,8,256,fp32,measure,8,37.05824999633478,55264.347350523996,tokens/s,,,8.22972297668457,,ok,,,"{""n_params"": 4273664, ""d_model"": 256, ""n_layers"": 4, ""n_heads"": 4, ""tokens_per_step"": 2048, ""entropy_floor_loss"": 1.3862943611198906, ""step_ms"": 37.05824999633478}","{""torch"":""2.14.0"",""device_name"":""Apple M1 Pro (16-core GPU)"",""seed"":1234,""git_commit"":""2c24789d48523ca307f7e9c6d6bded783520cc40"",""code_sha256"":""ad2062058ca50491"",""hostname"":""Kims-MacBook-Pro-16.local""}"
20260919T172639,2026-09-19T17:28:20.297+07:00,transformer,mps,Apple M1 Pro (16-core GPU),gpt,synthetic_markov,8,256,fp32,measure,9,37.27758299646666,54939.184232897256,tokens/s,,,8.209019660949707,,ok,,,"{""n_params"": 4273664, ""d_model"": 256, ""n_layers"": 4, ""n_heads"": 4, ""tokens_per_step"": 2048, ""entropy_floor_loss"": 1.3862943611198906, ""step_ms"": 37.27758299646666}","{""torch"":""2.14.0"",""device_name"":""Apple M1 Pro (16-core GPU)"",""seed"":1234,""git_commit"":""2c24789d48523ca307f7e9c6d6bded783520cc40"",""code_sha256"":""ad2062058ca50491"",""hostname"":""Kims-MacBook-Pro-16.local""}"
20260919T172639,2026-09-19T17:28:20.335+07:00,transformer,mps,Apple M1 Pro (16-core GPU),gpt,synthetic_markov,8,256,fp32,measure,10,37.39120899990667,54772.2326925859,tokens/s,,,8.195345878601074,,ok,,,"{""n_params"": 4273664, ""d_model"": 256, ""n_layers"": 4, ""n_heads"": 4, ""tokens_per_step"": 2048, ""entropy_floor_loss"": 1.3862943611198906, ""step_ms"": 37.39120899990667}","{""torch"":""2.14.0"",""device_name"":""Apple M1 Pro (16-core GPU)"",""seed"":1234,""git_commit"":""2c24789d48523ca307f7e9c6d6bded783520cc40"",""code_sha256"":""ad2062058ca50491"",""hostname"":""Kims-MacBook-Pro-16.local""}"
20260919T172639,2026-09-19T17:28:20.372+07:00,transformer,mps,Apple M1 Pro (16-core GPU),gpt,synthetic_markov,8,256,fp32,measure,11,36.73779200471472,55746.409575653626,tokens/s,,,8.170520782470703,,ok,,,"{""n_params"": 4273664, ""d_model"": 256, ""n_layers"": 4, ""n_heads"": 4, ""tokens_per_step"": 2048, ""entropy_floor_loss"": 1.3862943611198906, ""step_ms"": 36.73779200471472}","{""torch"":""2.14.0"",""device_name"":""Apple M1 Pro (16-core GPU)"",""seed"":1234,""git_commit"":""2c24789d48523ca307f7e9c6d6bded783520cc40"",""code_sha256"":""ad2062058ca50491"",""hostname"":""Kims-MacBook-Pro-16.local""}"
20260919T172639,2026-09-19T17:28:20.409+07:00,transformer,mps,Apple M1 Pro (16-core GPU),gpt,synthetic_markov,8,256,fp32,measure,12,37.17983299429761,55083.625585787544,tokens/s,,,8.14276123046875,,ok,,,"{""n_params"": 4273664, ""d_model"": 256, ""n_layers"": 4, ""n_heads"": 4, ""tokens_per_step"": 2048, ""entropy_floor_loss"": 1.3862943611198906, ""step_ms"": 37.17983299429761}","{""torch"":""2.14.0"",""device_name"":""Apple M1 Pro (16-core GPU)"",""seed"":1234,""git_commit"":""2c24789d48523ca307f7e9c6d6bded783520cc40"",""code_sha256"":""ad2062058ca50491"",""hostname"":""Kims-MacBook-Pro-16.local""}"
20260919T172639,2026-09-19T17:28:20.446+07:00,transformer,mps,Apple M1 Pro (16-core GPU),gpt,synthetic_markov,8,256,fp32,measure,13,36.74204200069653,55739.961321724455,tokens/s,,,8.135539054870605,,ok,,,"{""n_params"": 4273664, ""d_model"": 256, ""n_layers"": 4, ""n_heads"": 4, ""tokens_per_step"": 2048, ""entropy_floor_loss"": 1.3862943611198906, ""step_ms"": 36.74204200069653}","{""torch"":""2.14.0"",""device_name"":""Apple M1 Pro (16-core GPU)"",""seed"":1234,""git_commit"":""2c24789d48523ca307f7e9c6d6bded783520cc40"",""code_sha256"":""ad2062058ca50491"",""hostname"":""Kims-MacBook-Pro-16.local""}"
20260919T172639,2026-09-19T17:28:20.484+07:00,transformer,mps,Apple M1 Pro (16-core GPU),gpt,synthetic_markov,8,256,fp32,measure,14,37.391667006886564,54771.56179270671,tokens/s,,,8.133930206298828,,ok,,,"{""n_params"": 4273664, ""d_model"": 256, ""n_layers"": 4, ""n_heads"": 4, ""tokens_per_step"": 2048, ""entropy_floor_loss"": 1.3862943611198906, ""step_ms"": 37.391667006886564}","{""torch"":""2.14.0"",""device_name"":""Apple M1 Pro (16-core GPU)"",""seed"":1234,""git_commit"":""2c24789d48523ca307f7e9c6d6bded783520cc40"",""code_sha256"":""ad2062058ca50491"",""hostname"":""Kims-MacBook-Pro-16.local""}"
20260919T172639,2026-09-19T17:28:20.525+07:00,transformer,mps,Apple M1 Pro (16-core GPU),gpt,synthetic_markov,8,256,fp32,measure,15,40.900457999669015,50072.78891636307,tokens/s,,,8.113667488098145,,ok,,,"{""n_params"": 4273664, ""d_model"": 256, ""n_layers"": 4, ""n_heads"": 4, ""tokens_per_step"": 2048, ""entropy_floor_loss"": 1.3862943611198906, ""step_ms"": 40.900457999669015}","{""torch"":""2.14.0"",""device_name"":""Apple M1 Pro (16-core GPU)"",""seed"":1234,""git_commit"":""2c24789d48523ca307f7e9c6d6bded783520cc40"",""code_sha256"":""ad2062058ca50491"",""hostname"":""Kims-MacBook-Pro-16.local""}"
20260919T172639,2026-09-19T17:28:20.562+07:00,transformer,mps,Apple M1 Pro (16-core GPU),gpt,synthetic_markov,8,256,fp32,measure,16,37.447832997713704,54689.412872703106,tokens/s,,,8.121042251586914,,ok,,,"{""n_params"": 4273664, ""d_model"": 256, ""n_layers"": 4, ""n_heads"": 4, ""tokens_per_step"": 2048, ""entropy_floor_loss"": 1.3862943611198906, ""step_ms"": 37.447832997713704}","{""torch"":""2.14.0"",""device_name"":""Apple M1 Pro (16-core GPU)"",""seed"":1234,""git_commit"":""2c24789d48523ca307f7e9c6d6bded783520cc40"",""code_sha256"":""ad2062058ca50491"",""hostname"":""Kims-MacBook-Pro-16.local""}"
20260919T172639,2026-09-19T17:28:20.601+07:00,transformer,mps,Apple M1 Pro (16-core GPU),gpt,synthetic_markov,8,256,fp32,measure,17,38.9319579990115,52604.598002802726,tokens/s,,,8.111050605773926,,ok,,,"{""n_params"": 4273664, ""d_model"": 256, ""n_layers"": 4, ""n_heads"": 4, ""tokens_per_step"": 2048, ""entropy_floor_loss"": 1.3862943611198906, ""step_ms"": 38.9319579990115}","{""torch"":""2.14.0"",""device_name"":""Apple M1 Pro (16-core GPU)"",""seed"":1234,""git_commit"":""2c24789d48523ca307f7e9c6d6bded783520cc40"",""code_sha256"":""ad2062058ca50491"",""hostname"":""Kims-MacBook-Pro-16.local""}"
20260919T172639,2026-09-19T17:28:20.639+07:00,transformer,mps,Apple M1 Pro (16-core GPU),gpt,synthetic_markov,8,256,fp32,measure,18,37.13820799748646,55145.36404499135,tokens/s,,,8.080436706542969,,ok,,,"{""n_params"": 4273664, ""d_model"": 256, ""n_layers"": 4, ""n_heads"": 4, ""tokens_per_step"": 2048, ""entropy_floor_loss"": 1.3862943611198906, ""step_ms"": 37.13820799748646}","{""torch"":""2.14.0"",""device_name"":""Apple M1 Pro (16-core GPU)"",""seed"":1234,""git_commit"":""2c24789d48523ca307f7e9c6d6bded783520cc40"",""code_sha256"":""ad2062058ca50491"",""hostname"":""Kims-MacBook-Pro-16.local""}"
20260919T172639,2026-09-19T17:28:20.675+07:00,transformer,mps,Apple M1 Pro (16-core GPU),gpt,synthetic_markov,8,256,fp32,measure,19,36.65000000182772,55879.94542695408,tokens/s,,,8.088589668273926,,ok,,,"{""n_params"": 4273664, ""d_model"": 256, ""n_layers"": 4, ""n_heads"": 4, ""tokens_per_step"": 2048, ""entropy_floor_loss"": 1.3862943611198906, ""step_ms"": 36.65000000182772}","{""torch"":""2.14.0"",""device_name"":""Apple M1 Pro (16-core GPU)"",""seed"":1234,""git_commit"":""2c24789d48523ca307f7e9c6d6bded783520cc40"",""code_sha256"":""ad2062058ca50491"",""hostname"":""Kims-MacBook-Pro-16.local""}"
20260919T172639,2026-09-19T17:28:20.676+07:00,transformer,mps,Apple M1 Pro (16-core GPU),gpt,synthetic_markov,8,256,fp32,config,,,,,1330.71875,"mps_driver_allocated_memory (snapshot after work, not a peak; includes allocator cache)",,,ok,,,"{""n_params"": 4273664, ""d_model"": 256, ""n_layers"": 4, ""n_heads"": 4, ""tokens_per_step"": 2048, ""entropy_floor_loss"": 1.3862943611198906, ""process_rss_mb"": 511.375, ""mps_current_allocated_mb"": 65.2109375, ""mps_driver_allocated_mb"": 1330.71875}","{""torch"":""2.14.0"",""device_name"":""Apple M1 Pro (16-core GPU)"",""seed"":1234,""git_commit"":""2c24789d48523ca307f7e9c6d6bded783520cc40"",""code_sha256"":""ad2062058ca50491"",""hostname"":""Kims-MacBook-Pro-16.local""}"
20260919T172639,2026-09-19T17:28:20.996+07:00,transformer,mps,Apple M1 Pro (16-core GPU),gpt,synthetic_markov,8,512,fp32,warmup,0,143.23570799751906,28596.221272358605,tokens/s,,,8.362485885620117,,ok,,,"{""n_params"": 4339200, ""d_model"": 256, ""n_layers"": 4, ""n_heads"": 4, ""tokens_per_step"": 4096, ""entropy_floor_loss"": 1.3862943611198906, ""step_ms"": 143.23570799751906}","{""torch"":""2.14.0"",""device_name"":""Apple M1 Pro (16-core GPU)"",""seed"":1234,""git_commit"":""2c24789d48523ca307f7e9c6d6bded783520cc40"",""code_sha256"":""ad2062058ca50491"",""hostname"":""Kims-MacBook-Pro-16.local""}"
20260919T172639,2026-09-19T17:28:21.073+07:00,transformer,mps,Apple M1 Pro (16-core GPU),gpt,synthetic_markov,8,512,fp32,warmup,1,77.15099999768427,53090.69228037153,tokens/s,,,8.342811584472656,,ok,,,"{""n_params"": 4339200, ""d_model"": 256, ""n_layers"": 4, ""n_heads"": 4, ""tokens_per_step"": 4096, ""entropy_floor_loss"": 1.3862943611198906, ""step_ms"": 77.15099999768427}","{""torch"":""2.14.0"",""device_name"":""Apple M1 Pro (16-core GPU)"",""seed"":1234,""git_commit"":""2c24789d48523ca307f7e9c6d6bded783520cc40"",""code_sha256"":""ad2062058ca50491"",""hostname"":""Kims-MacBook-Pro-16.local""}"
20260919T172639,2026-09-19T17:28:21.153+07:00,transformer,mps,Apple M1 Pro (16-core GPU),gpt,synthetic_markov,8,512,fp32,warmup,2,79.6378749946598,51432.8138498756,tokens/s,,,8.319968223571777,,ok,,,"{""n_params"": 4339200, ""d_model"": 256, ""n_layers"": 4, ""n_heads"": 4, ""tokens_per_step"": 4096, ""entropy_floor_loss"": 1.3862943611198906, ""step_ms"": 79.6378749946598}","{""torch"":""2.14.0"",""device_name"":""Apple M1 Pro (16-core GPU)"",""seed"":1234,""git_commit"":""2c24789d48523ca307f7e9c6d6bded783520cc40"",""code_sha256"":""ad2062058ca50491"",""hostname"":""Kims-MacBook-Pro-16.local""}"
20260919T172639,2026-09-19T17:28:21.231+07:00,transformer,mps,Apple M1 Pro (16-core GPU),gpt,synthetic_markov,8,512,fp32,measure,0,77.90625000052387,52576.01283558709,tokens/s,,,8.294733047485352,,ok,,,"{""n_params"": 4339200, ""d_model"": 256, ""n_layers"": 4, ""n_heads"": 4, ""tokens_per_step"": 4096, ""entropy_floor_loss"": 1.3862943611198906, ""step_ms"": 77.90625000052387}","{""torch"":""2.14.0"",""device_name"":""Apple M1 Pro (16-core GPU)"",""seed"":1234,""git_commit"":""2c24789d48523ca307f7e9c6d6bded783520cc40"",""code_sha256"":""ad2062058ca50491"",""hostname"":""Kims-MacBook-Pro-16.local""}"
20260919T172639,2026-09-19T17:28:21.308+07:00,transformer,mps,Apple M1 Pro (16-core GPU),gpt,synthetic_markov,8,512,fp32,measure,1,77.07320799818262,53144.27810110853,tokens/s,,,8.278544425964355,,ok,,,"{""n_params"": 4339200, ""d_model"": 256, ""n_layers"": 4, ""n_heads"": 4, ""tokens_per_step"": 4096, ""entropy_floor_loss"": 1.3862943611198906, ""step_ms"": 77.07320799818262}","{""torch"":""2.14.0"",""device_name"":""Apple M1 Pro (16-core GPU)"",""seed"":1234,""git_commit"":""2c24789d48523ca307f7e9c6d6bded783520cc40"",""code_sha256"":""ad2062058ca50491"",""hostname"":""Kims-MacBook-Pro-16.local""}"
20260919T172639,2026-09-19T17:28:21.385+07:00,transformer,mps,Apple M1 Pro (16-core GPU),gpt,synthetic_markov,8,512,fp32,measure,2,77.10916599899065,53119.4955480859,tokens/s,,,8.246862411499023,,ok,,,"{""n_params"": 4339200, ""d_model"": 256, ""n_layers"": 4, ""n_heads"": 4, ""tokens_per_step"": 4096, ""entropy_floor_loss"": 1.3862943611198906, ""step_ms"": 77.10916599899065}","{""torch"":""2.14.0"",""device_name"":""Apple M1 Pro (16-core GPU)"",""seed"":1234,""git_commit"":""2c24789d48523ca307f7e9c6d6bded783520cc40"",""code_sha256"":""ad2062058ca50491"",""hostname"":""Kims-MacBook-Pro-16.local""}"
20260919T172639,2026-09-19T17:28:21.462+07:00,transformer,mps,Apple M1 Pro (16-core GPU),gpt,synthetic_markov,8,512,fp32,measure,3,77.14229099656222,53096.68596934118,tokens/s,,,8.234847068786621,,ok,,,"{""n_params"": 4339200, ""d_model"": 256, ""n_layers"": 4, ""n_heads"": 4, ""tokens_per_step"": 4096, ""entropy_floor_loss"": 1.3862943611198906, ""step_ms"": 77.14229099656222}","{""torch"":""2.14.0"",""device_name"":""Apple M1 Pro (16-core GPU)"",""seed"":1234,""git_commit"":""2c24789d48523ca307f7e9c6d6bded783520cc40"",""code_sha256"":""ad2062058ca50491"",""hostname"":""Kims-MacBook-Pro-16.local""}"
20260919T172639,2026-09-19T17:28:21.540+07:00,transformer,mps,Apple M1 Pro (16-core GPU),gpt,synthetic_markov,8,512,fp32,measure,4,77.31583299755584,52977.505915631606,tokens/s,,,8.208288192749023,,ok,,,"{""n_params"": 4339200, ""d_model"": 256, ""n_layers"": 4, ""n_heads"": 4, ""tokens_per_step"": 4096, ""entropy_floor_loss"": 1.3862943611198906, ""step_ms"": 77.31583299755584}","{""torch"":""2.14.0"",""device_name"":""Apple M1 Pro (16-core GPU)"",""seed"":1234,""git_commit"":""2c24789d48523ca307f7e9c6d6bded783520cc40"",""code_sha256"":""ad2062058ca50491"",""hostname"":""Kims-MacBook-Pro-16.local""}"
20260919T172639,2026-09-19T17:28:21.617+07:00,transformer,mps,Apple M1 Pro (16-core GPU),gpt,synthetic_markov,8,512,fp32,measure,5,76.94645800074795,53231.81997487376,tokens/s,,,8.190807342529297,,ok,,,"{""n_params"": 4339200, ""d_model"": 256, ""n_layers"": 4, ""n_heads"": 4, ""tokens_per_step"": 4096, ""entropy_floor_loss"": 1.3862943611198906, ""step_ms"": 76.94645800074795}","{""torch"":""2.14.0"",""device_name"":""Apple M1 Pro (16-core GPU)"",""seed"":1234,""git_commit"":""2c24789d48523ca307f7e9c6d6bded783520cc40"",""code_sha256"":""ad2062058ca50491"",""hostname"":""Kims-MacBook-Pro-16.local""}"
20260919T172639,2026-09-19T17:28:21.694+07:00,transformer,mps,Apple M1 Pro (16-core GPU),gpt,synthetic_markov,8,512,fp32,measure,6,76.8035420041997,53330.873721631564,tokens/s,,,8.167703628540039,,ok,,,"{""n_params"": 4339200, ""d_model"": 256, ""n_layers"": 4, ""n_heads"": 4, ""tokens_per_step"": 4096, ""entropy_floor_loss"": 1.3862943611198906, ""step_ms"": 76.8035420041997}","{""torch"":""2.14.0"",""device_name"":""Apple M1 Pro (16-core GPU)"",""seed"":1234,""git_commit"":""2c24789d48523ca307f7e9c6d6bded783520cc40"",""code_sha256"":""ad2062058ca50491"",""hostname"":""Kims-MacBook-Pro-16.local""}"
20260919T172639,2026-09-19T17:28:21.773+07:00,transformer,mps,Apple M1 Pro (16-core GPU),gpt,synthetic_markov,8,512,fp32,measure,7,78.95391700003529,51878.363425568474,tokens/s,,,8.148136138916016,,ok,,,"{""n_params"": 4339200, ""d_model"": 256, ""n_layers"": 4, ""n_heads"": 4, ""tokens_per_step"": 4096, ""entropy_floor_loss"": 1.3862943611198906, ""step_ms"": 78.95391700003529}","{""torch"":""2.14.0"",""device_name"":""Apple M1 Pro (16-core GPU)"",""seed"":1234,""git_commit"":""2c24789d48523ca307f7e9c6d6bded783520cc40"",""code_sha256"":""ad2062058ca50491"",""hostname"":""Kims-MacBook-Pro-16.local""}"
20260919T172639,2026-09-19T17:28:21.850+07:00,transformer,mps,Apple M1 Pro (16-core GPU),gpt,synthetic_markov,8,512,fp32,measure,8,76.77300000068499,53352.08992697243,tokens/s,,,8.11660385131836,,ok,,,"{""n_params"": 4339200, ""d_model"": 256, ""n_layers"": 4, ""n_heads"": 4, ""tokens_per_step"": 4096, ""entropy_floor_loss"": 1.3862943611198906, ""step_ms"": 76.77300000068499}","{""torch"":""2.14.0"",""device_name"":""Apple M1 Pro (16-core GPU)"",""seed"":1234,""git_commit"":""2c24789d48523ca307f7e9c6d6bded783520cc40"",""code_sha256"":""ad2062058ca50491"",""hostname"":""Kims-MacBook-Pro-16.local""}"
20260919T172639,2026-09-19T17:28:21.927+07:00,transformer,mps,Apple M1 Pro (16-core GPU),gpt,synthetic_markov,8,512,fp32,measure,9,76.94670800265158,53231.64702327294,tokens/s,,,8.098718643188477,,ok,,,"{""n_params"": 4339200, ""d_model"": 256, ""n_layers"": 4, ""n_heads"": 4, ""tokens_per_step"": 4096, ""entropy_floor_loss"": 1.3862943611198906, ""step_ms"": 76.94670800265158}","{""torch"":""2.14.0"",""device_name"":""Apple M1 Pro (16-core GPU)"",""seed"":1234,""git_commit"":""2c24789d48523ca307f7e9c6d6bded783520cc40"",""code_sha256"":""ad2062058ca50491"",""hostname"":""Kims-MacBook-Pro-16.local""}"
20260919T172639,2026-09-19T17:28:22.004+07:00,transformer,mps,Apple M1 Pro (16-core GPU),gpt,synthetic_markov,8,512,fp32,measure,10,77.12000000174157,53112.033193821335,tokens/s,,,8.087552070617676,,ok,,,"{""n_params"": 4339200, ""d_model"": 256, ""n_layers"": 4, ""n_heads"": 4, ""tokens_per_step"": 4096, ""entropy_floor_loss"": 1.3862943611198906, ""step_ms"": 77.12000000174157}","{""torch"":""2.14.0"",""device_name"":""Apple M1 Pro (16-core GPU)"",""seed"":1234,""git_commit"":""2c24789d48523ca307f7e9c6d6bded783520cc40"",""code_sha256"":""ad2062058ca50491"",""hostname"":""Kims-MacBook-Pro-16.local""}"
20260919T172639,2026-09-19T17:28:22.084+07:00,transformer,mps,Apple M1 Pro (16-core GPU),gpt,synthetic_markov,8,512,fp32,measure,11,79.19320899964077,51721.60658395065,tokens/s,,,8.076072692871094,,ok,,,"{""n_params"": 4339200, ""d_model"": 256, ""n_layers"": 4, ""n_heads"": 4, ""tokens_per_step"": 4096, ""entropy_floor_loss"": 1.3862943611198906, ""step_ms"": 79.19320899964077}","{""torch"":""2.14.0"",""device_name"":""Apple M1 Pro (16-core GPU)"",""seed"":1234,""git_commit"":""2c24789d48523ca307f7e9c6d6bded783520cc40"",""code_sha256"":""ad2062058ca50491"",""hostname"":""Kims-MacBook-Pro-16.local""}"
20260919T172639,2026-09-19T17:28:22.164+07:00,transformer,mps,Apple M1 Pro (16-core GPU),gpt,synthetic_markov,8,512,fp32,measure,12,80.50224999897182,50880.565450683855,tokens/s,,,8.041145324707031,,ok,,,"{""n_params"": 4339200, ""d_model"": 256, ""n_layers"": 4, ""n_heads"": 4, ""tokens_per_step"": 4096, ""entropy_floor_loss"": 1.3862943611198906, ""step_ms"": 80.50224999897182}","{""torch"":""2.14.0"",""device_name"":""Apple M1 Pro (16-core GPU)"",""seed"":1234,""git_commit"":""2c24789d48523ca307f7e9c6d6bded783520cc40"",""code_sha256"":""ad2062058ca50491"",""hostname"":""Kims-MacBook-Pro-16.local""}"
20260919T172639,2026-09-19T17:28:22.242+07:00,transformer,mps,Apple M1 Pro (16-core GPU),gpt,synthetic_markov,8,512,fp32,measure,13,77.05075000558281,53159.76807108586,tokens/s,,,8.020648956298828,,ok,,,"{""n_params"": 4339200, ""d_model"": 256, ""n_layers"": 4, ""n_heads"": 4, ""tokens_per_step"": 4096, ""entropy_floor_loss"": 1.3862943611198906, ""step_ms"": 77.05075000558281}","{""torch"":""2.14.0"",""device_name"":""Apple M1 Pro (16-core GPU)"",""seed"":1234,""git_commit"":""2c24789d48523ca307f7e9c6d6bded783520cc40"",""code_sha256"":""ad2062058ca50491"",""hostname"":""Kims-MacBook-Pro-16.local""}"
20260919T172639,2026-09-19T17:28:22.319+07:00,transformer,mps,Apple M1 Pro (16-core GPU),gpt,synthetic_markov,8,512,fp32,measure,14,77.10704099736176,53120.95947424757,tokens/s,,,7.996253490447998,,ok,,,"{""n_params"": 4339200, ""d_model"": 256, ""n_layers"": 4, ""n_heads"": 4, ""tokens_per_step"": 4096, ""entropy_floor_loss"": 1.3862943611198906, ""step_ms"": 77.10704099736176}","{""torch"":""2.14.0"",""device_name"":""Apple M1 Pro (16-core GPU)"",""seed"":1234,""git_commit"":""2c24789d48523ca307f7e9c6d6bded783520cc40"",""code_sha256"":""ad2062058ca50491"",""hostname"":""Kims-MacBook-Pro-16.local""}"
20260919T172639,2026-09-19T17:28:22.396+07:00,transformer,mps,Apple M1 Pro (16-core GPU),gpt,synthetic_markov,8,512,fp32,measure,15,77.48587500100257,52861.24729116117,tokens/s,,,7.999627113342285,,ok,,,"{""n_params"": 4339200, ""d_model"": 256, ""n_layers"": 4, ""n_heads"": 4, ""tokens_per_step"": 4096, ""entropy_floor_loss"": 1.3862943611198906, ""step_ms"": 77.48587500100257}","{""torch"":""2.14.0"",""device_name"":""Apple M1 Pro (16-core GPU)"",""seed"":1234,""git_commit"":""2c24789d48523ca307f7e9c6d6bded783520cc40"",""code_sha256"":""ad2062058ca50491"",""hostname"":""Kims-MacBook-Pro-16.local""}"
20260919T172639,2026-09-19T17:28:22.475+07:00,transformer,mps,Apple M1 Pro (16-core GPU),gpt,synthetic_markov,8,512,fp32,measure,16,78.35850000265054,52272.5677477421,tokens/s,,,7.96628999710083,,ok,,,"{""n_params"": 4339200, ""d_model"": 256, ""n_layers"": 4, ""n_heads"": 4, ""tokens_per_step"": 4096, ""entropy_floor_loss"": 1.3862943611198906, ""step_ms"": 78.35850000265054}","{""torch"":""2.14.0"",""device_name"":""Apple M1 Pro (16-core GPU)"",""seed"":1234,""git_commit"":""2c24789d48523ca307f7e9c6d6bded783520cc40"",""code_sha256"":""ad2062058ca50491"",""hostname"":""Kims-MacBook-Pro-16.local""}"
20260919T172639,2026-09-19T17:28:22.552+07:00,transformer,mps,Apple M1 Pro (16-core GPU),gpt,synthetic_markov,8,512,fp32,measure,17,77.10037500510225,53125.55223925876,tokens/s,,,7.944725036621094,,ok,,,"{""n_params"": 4339200, ""d_model"": 256, ""n_layers"": 4, ""n_heads"": 4, ""tokens_per_step"": 4096, ""entropy_floor_loss"": 1.3862943611198906, ""step_ms"": 77.10037500510225}","{""torch"":""2.14.0"",""device_name"":""Apple M1 Pro (16-core GPU)"",""seed"":1234,""git_commit"":""2c24789d48523ca307f7e9c6d6bded783520cc40"",""code_sha256"":""ad2062058ca50491"",""hostname"":""Kims-MacBook-Pro-16.local""}"
20260919T172639,2026-09-19T17:28:22.630+07:00,transformer,mps,Apple M1 Pro (16-core GPU),gpt,synthetic_markov,8,512,fp32,measure,18,77.16145800077356,53083.49668507996,tokens/s,,,7.9225945472717285,,ok,,,"{""n_params"": 4339200, ""d_model"": 256, ""n_layers"": 4, ""n_heads"": 4, ""tokens_per_step"": 4096, ""entropy_floor_loss"": 1.3862943611198906, ""step_ms"": 77.16145800077356}","{""torch"":""2.14.0"",""device_name"":""Apple M1 Pro (16-core GPU)"",""seed"":1234,""git_commit"":""2c24789d48523ca307f7e9c6d6bded783520cc40"",""code_sha256"":""ad2062058ca50491"",""hostname"":""Kims-MacBook-Pro-16.local""}"
20260919T172639,2026-09-19T17:28:22.708+07:00,transformer,mps,Apple M1 Pro (16-core GPU),gpt,synthetic_markov,8,512,fp32,measure,19,78.7596670052153,52006.31434524439,tokens/s,,,7.905445098876953,,ok,,,"{""n_params"": 4339200, ""d_model"": 256, ""n_layers"": 4, ""n_heads"": 4, ""tokens_per_step"": 4096, ""entropy_floor_loss"": 1.3862943611198906, ""step_ms"": 78.7596670052153}","{""torch"":""2.14.0"",""device_name"":""Apple M1 Pro (16-core GPU)"",""seed"":1234,""git_commit"":""2c24789d48523ca307f7e9c6d6bded783520cc40"",""code_sha256"":""ad2062058ca50491"",""hostname"":""Kims-MacBook-Pro-16.local""}"
20260919T172639,2026-09-19T17:28:22.709+07:00,transformer,mps,Apple M1 Pro (16-core GPU),gpt,synthetic_markov,8,512,fp32,config,,,,,1266.71875,"mps_driver_allocated_memory (snapshot after work, not a peak; includes allocator cache)",,,ok,,,"{""n_params"": 4339200, ""d_model"": 256, ""n_layers"": 4, ""n_heads"": 4, ""tokens_per_step"": 4096, ""entropy_floor_loss"": 1.3862943611198906, ""process_rss_mb"": 522.0625, ""mps_current_allocated_mb"": 66.2109375, ""mps_driver_allocated_mb"": 1266.71875}","{""torch"":""2.14.0"",""device_name"":""Apple M1 Pro (16-core GPU)"",""seed"":1234,""git_commit"":""2c24789d48523ca307f7e9c6d6bded783520cc40"",""code_sha256"":""ad2062058ca50491"",""hostname"":""Kims-MacBook-Pro-16.local""}"
20260919T172639,2026-09-19T17:28:23.061+07:00,transformer,mps,Apple M1 Pro (16-core GPU),gpt,synthetic_markov,16,128,fp32,warmup,0,158.4907079959521,12921.893187910464,tokens/s,,,8.369635581970215,,ok,,,"{""n_params"": 4240896, ""d_model"": 256, ""n_layers"": 4, ""n_heads"": 4, ""tokens_per_step"": 2048, ""entropy_floor_loss"": 1.3862943611198906, ""step_ms"": 158.4907079959521}","{""torch"":""2.14.0"",""device_name"":""Apple M1 Pro (16-core GPU)"",""seed"":1234,""git_commit"":""2c24789d48523ca307f7e9c6d6bded783520cc40"",""code_sha256"":""ad2062058ca50491"",""hostname"":""Kims-MacBook-Pro-16.local""}"
20260919T172639,2026-09-19T17:28:23.108+07:00,transformer,mps,Apple M1 Pro (16-core GPU),gpt,synthetic_markov,16,128,fp32,warmup,1,46.87154100247426,43693.89092395938,tokens/s,,,8.35234546661377,,ok,,,"{""n_params"": 4240896, ""d_model"": 256, ""n_layers"": 4, ""n_heads"": 4, ""tokens_per_step"": 2048, ""entropy_floor_loss"": 1.3862943611198906, ""step_ms"": 46.87154100247426}","{""torch"":""2.14.0"",""device_name"":""Apple M1 Pro (16-core GPU)"",""seed"":1234,""git_commit"":""2c24789d48523ca307f7e9c6d6bded783520cc40"",""code_sha256"":""ad2062058ca50491"",""hostname"":""Kims-MacBook-Pro-16.local""}"
20260919T172639,2026-09-19T17:28:23.143+07:00,transformer,mps,Apple M1 Pro (16-core GPU),gpt,synthetic_markov,16,128,fp32,warmup,2,34.829374999389984,58800.940299269496,tokens/s,,,8.336686134338379,,ok,,,"{""n_params"": 4240896, ""d_model"": 256, ""n_layers"": 4, ""n_heads"": 4, ""tokens_per_step"": 2048, ""entropy_floor_loss"": 1.3862943611198906, ""step_ms"": 34.829374999389984}","{""torch"":""2.14.0"",""device_name"":""Apple M1 Pro (16-core GPU)"",""seed"":1234,""git_commit"":""2c24789d48523ca307f7e9c6d6bded783520cc40"",""code_sha256"":""ad2062058ca50491"",""hostname"":""Kims-MacBook-Pro-16.local""}"
20260919T172639,2026-09-19T17:28:23.181+07:00,transformer,mps,Apple M1 Pro (16-core GPU),gpt,synthetic_markov,16,128,fp32,measure,0,37.35929200047394,54819.02601296671,tokens/s,,,8.317476272583008,,ok,,,"{""n_params"": 4240896, ""d_model"": 256, ""n_layers"": 4, ""n_heads"": 4, ""tokens_per_step"": 2048, ""entropy_floor_loss"": 1.3862943611198906, ""step_ms"": 37.35929200047394}","{""torch"":""2.14.0"",""device_name"":""Apple M1 Pro (16-core GPU)"",""seed"":1234,""git_commit"":""2c24789d48523ca307f7e9c6d6bded783520cc40"",""code_sha256"":""ad2062058ca50491"",""hostname"":""Kims-MacBook-Pro-16.local""}"
20260919T172639,2026-09-19T17:28:23.216+07:00,transformer,mps,Apple M1 Pro (16-core GPU),gpt,synthetic_markov,16,128,fp32,measure,1,34.89604199421592,58688.604293273704,tokens/s,,,8.30870532989502,,ok,,,"{""n_params"": 4240896, ""d_model"": 256, ""n_layers"": 4, ""n_heads"": 4, ""tokens_per_step"": 2048, ""entropy_floor_loss"": 1.3862943611198906, ""step_ms"": 34.89604199421592}","{""torch"":""2.14.0"",""device_name"":""Apple M1 Pro (16-core GPU)"",""seed"":1234,""git_commit"":""2c24789d48523ca307f7e9c6d6bded783520cc40"",""code_sha256"":""ad2062058ca50491"",""hostname"":""Kims-MacBook-Pro-16.local""}"
20260919T172639,2026-09-19T17:28:23.251+07:00,transformer,mps,Apple M1 Pro (16-core GPU),gpt,synthetic_markov,16,128,fp32,measure,2,34.871415999077726,58730.04985097724,tokens/s,,,8.305063247680664,,ok,,,"{""n_params"": 4240896, ""d_model"": 256, ""n_layers"": 4, ""n_heads"": 4, ""tokens_per_step"": 2048, ""entropy_floor_loss"": 1.3862943611198906, ""step_ms"": 34.871415999077726}","{""torch"":""2.14.0"",""device_name"":""Apple M1 Pro (16-core GPU)"",""seed"":1234,""git_commit"":""2c24789d48523ca307f7e9c6d6bded783520cc40"",""code_sha256"":""ad2062058ca50491"",""hostname"":""Kims-MacBook-Pro-16.local""}"
20260919T172639,2026-09-19T17:28:23.286+07:00,transformer,mps,Apple M1 Pro (16-core GPU),gpt,synthetic_markov,16,128,fp32,measure,3,34.56266599823721,59254.688284302305,tokens/s,,,8.284215927124023,,ok,,,"{""n_params"": 4240896, ""d_model"": 256, ""n_layers"": 4, ""n_heads"": 4, ""tokens_per_step"": 2048, ""entropy_floor_loss"": 1.3862943611198906, ""step_ms"": 34.56266599823721}","{""torch"":""2.14.0"",""device_name"":""Apple M1 Pro (16-core GPU)"",""seed"":1234,""git_commit"":""2c24789d48523ca307f7e9c6d6bded783520cc40"",""code_sha256"":""ad2062058ca50491"",""hostname"":""Kims-MacBook-Pro-16.local""}"
20260919T172639,2026-09-19T17:28:23.321+07:00,transformer,mps,Apple M1 Pro (16-core GPU),gpt,synthetic_markov,16,128,fp32,measure,4,35.07441699912306,58390.13660729428,tokens/s,,,8.28187370300293,,ok,,,"{""n_params"": 4240896, ""d_model"": 256, ""n_layers"": 4, ""n_heads"": 4, ""tokens_per_step"": 2048, ""entropy_floor_loss"": 1.3862943611198906, ""step_ms"": 35.07441699912306}","{""torch"":""2.14.0"",""device_name"":""Apple M1 Pro (16-core GPU)"",""seed"":1234,""git_commit"":""2c24789d48523ca307f7e9c6d6bded783520cc40"",""code_sha256"":""ad2062058ca50491"",""hostname"":""Kims-MacBook-Pro-16.local""}"
20260919T172639,2026-09-19T17:28:23.356+07:00,transformer,mps,Apple M1 Pro (16-core GPU),gpt,synthetic_markov,16,128,fp32,measure,5,34.57779200107325,59228.76741049379,tokens/s,,,8.267035484313965,,ok,,,"{""n_params"": 4240896, ""d_model"": 256, ""n_layers"": 4, ""n_heads"": 4, ""tokens_per_step"": 2048, ""entropy_floor_loss"": 1.3862943611198906, ""step_ms"": 34.57779200107325}","{""torch"":""2.14.0"",""device_name"":""Apple M1 Pro (16-core GPU)"",""seed"":1234,""git_commit"":""2c24789d48523ca307f7e9c6d6bded783520cc40"",""code_sha256"":""ad2062058ca50491"",""hostname"":""Kims-MacBook-Pro-16.local""}"
20260919T172639,2026-09-19T17:28:23.391+07:00,transformer,mps,Apple M1 Pro (16-core GPU),gpt,synthetic_markov,16,128,fp32,measure,6,35.263125006167684,58077.6661070678,tokens/s,,,8.261945724487305,,ok,,,"{""n_params"": 4240896, ""d_model"": 256, ""n_layers"": 4, ""n_heads"": 4, ""tokens_per_step"": 2048, ""entropy_floor_loss"": 1.3862943611198906, ""step_ms"": 35.263125006167684}","{""torch"":""2.14.0"",""device_name"":""Apple M1 Pro (16-core GPU)"",""seed"":1234,""git_commit"":""2c24789d48523ca307f7e9c6d6bded783520cc40"",""code_sha256"":""ad2062058ca50491"",""hostname"":""Kims-MacBook-Pro-16.local""}"
20260919T172639,2026-09-19T17:28:23.426+07:00,transformer,mps,Apple M1 Pro (16-core GPU),gpt,synthetic_markov,16,128,fp32,measure,7,34.957333002239466,58585.70503272659,tokens/s,,,8.24704360961914,,ok,,,"{""n_params"": 4240896, ""d_model"": 256, ""n_layers"": 4, ""n_heads"": 4, ""tokens_per_step"": 2048, ""entropy_floor_loss"": 1.3862943611198906, ""step_ms"": 34.957333002239466}","{""torch"":""2.14.0"",""device_name"":""Apple M1 Pro (16-core GPU)"",""seed"":1234,""git_commit"":""2c24789d48523ca307f7e9c6d6bded783520cc40"",""code_sha256"":""ad2062058ca50491"",""hostname"":""Kims-MacBook-Pro-16.local""}"
20260919T172639,2026-09-19T17:28:23.461+07:00,transformer,mps,Apple M1 Pro (16-core GPU),gpt,synthetic_markov,16,128,fp32,measure,8,34.82916700158967,58801.29145513372,tokens/s,,,8.234746932983398,,ok,,,"{""n_params"": 4240896, ""d_model"": 256, ""n_layers"": 4, ""n_heads"": 4, ""tokens_per_step"": 2048, ""entropy_floor_loss"": 1.3862943611198906, ""step_ms"": 34.82916700158967}","{""torch"":""2.14.0"",""device_name"":""Apple M1 Pro (16-core GPU)"",""seed"":1234,""git_commit"":""2c24789d48523ca307f7e9c6d6bded783520cc40"",""code_sha256"":""ad2062058ca50491"",""hostname"":""Kims-MacBook-Pro-16.local""}"
20260919T172639,2026-09-19T17:28:23.496+07:00,transformer,mps,Apple M1 Pro (16-core GPU),gpt,synthetic_markov,16,128,fp32,measure,9,34.92199999891454,58644.98024350428,tokens/s,,,8.223047256469727,,ok,,,"{""n_params"": 4240896, ""d_model"": 256, ""n_layers"": 4, ""n_heads"": 4, ""tokens_per_step"": 2048, ""entropy_floor_loss"": 1.3862943611198906, ""step_ms"": 34.92199999891454}","{""torch"":""2.14.0"",""device_name"":""Apple M1 Pro (16-core GPU)"",""seed"":1234,""git_commit"":""2c24789d48523ca307f7e9c6d6bded783520cc40"",""code_sha256"":""ad2062058ca50491"",""hostname"":""Kims-MacBook-Pro-16.local""}"
20260919T172639,2026-09-19T17:28:23.531+07:00,transformer,mps,Apple M1 Pro (16-core GPU),gpt,synthetic_markov,16,128,fp32,measure,10,35.22550000343472,58139.69992761796,tokens/s,,,8.219980239868164,,ok,,,"{""n_params"": 4240896, ""d_model"": 256, ""n_layers"": 4, ""n_heads"": 4, ""tokens_per_step"": 2048, ""entropy_floor_loss"": 1.3862943611198906, ""step_ms"": 35.22550000343472}","{""torch"":""2.14.0"",""device_name"":""Apple M1 Pro (16-core GPU)"",""seed"":1234,""git_commit"":""2c24789d48523ca307f7e9c6d6bded783520cc40"",""code_sha256"":""ad2062058ca50491"",""hostname"":""Kims-MacBook-Pro-16.local""}"
20260919T172639,2026-09-19T17:28:23.566+07:00,transformer,mps,Apple M1 Pro (16-core GPU),gpt,synthetic_markov,16,128,fp32,measure,11,34.80883400334278,58835.639246155886,tokens/s,,,8.18204402923584,,ok,,,"{""n_params"": 4240896, ""d_model"": 256, ""n_layers"": 4, ""n_heads"": 4, ""tokens_per_step"": 2048, ""entropy_floor_loss"": 1.3862943611198906, ""step_ms"": 34.80883400334278}","{""torch"":""2.14.0"",""device_name"":""Apple M1 Pro (16-core GPU)"",""seed"":1234,""git_commit"":""2c24789d48523ca307f7e9c6d6bded783520cc40"",""code_sha256"":""ad2062058ca50491"",""hostname"":""Kims-MacBook-Pro-16.local""}"
20260919T172639,2026-09-19T17:28:23.606+07:00,transformer,mps,Apple M1 Pro (16-core GPU),gpt,synthetic_markov,16,128,fp32,measure,12,39.07595799682895,52410.743203434635,tokens/s,,,8.195555686950684,,ok,,,"{""n_params"": 4240896, ""d_model"": 256, ""n_layers"": 4, ""n_heads"": 4, ""tokens_per_step"": 2048, ""entropy_floor_loss"": 1.3862943611198906, ""step_ms"": 39.07595799682895}","{""torch"":""2.14.0"",""device_name"":""Apple M1 Pro (16-core GPU)"",""seed"":1234,""git_commit"":""2c24789d48523ca307f7e9c6d6bded783520cc40"",""code_sha256"":""ad2062058ca50491"",""hostname"":""Kims-MacBook-Pro-16.local""}"
20260919T172639,2026-09-19T17:28:23.640+07:00,transformer,mps,Apple M1 Pro (16-core GPU),gpt,synthetic_markov,16,128,fp32,measure,13,34.681083998293616,59052.36411009431,tokens/s,,,8.187795639038086,,ok,,,"{""n_params"": 4240896, ""d_model"": 256, ""n_layers"": 4, ""n_heads"": 4, ""tokens_per_step"": 2048, ""entropy_floor_loss"": 1.3862943611198906, ""step_ms"": 34.681083998293616}","{""torch"":""2.14.0"",""device_name"":""Apple M1 Pro (16-core GPU)"",""seed"":1234,""git_commit"":""2c24789d48523ca307f7e9c6d6bded783520cc40"",""code_sha256"":""ad2062058ca50491"",""hostname"":""Kims-MacBook-Pro-16.local""}"
20260919T172639,2026-09-19T17:28:23.675+07:00,transformer,mps,Apple M1 Pro (16-core GPU),gpt,synthetic_markov,16,128,fp32,measure,14,34.68783300195355,59040.87464571975,tokens/s,,,8.171459197998047,,ok,,,"{""n_params"": 4240896, ""d_model"": 256, ""n_layers"": 4, ""n_heads"": 4, ""tokens_per_step"": 2048, ""entropy_floor_loss"": 1.3862943611198906, ""step_ms"": 34.68783300195355}","{""torch"":""2.14.0"",""device_name"":""Apple M1 Pro (16-core GPU)"",""seed"":1234,""git_commit"":""2c24789d48523ca307f7e9c6d6bded783520cc40"",""code_sha256"":""ad2062058ca50491"",""hostname"":""Kims-MacBook-Pro-16.local""}"
20260919T172639,2026-09-19T17:28:23.710+07:00,transformer,mps,Apple M1 Pro (16-core GPU),gpt,synthetic_markov,16,128,fp32,measure,15,34.56933300185483,59243.26049016086,tokens/s,,,8.152396202087402,,ok,,,"{""n_params"": 4240896, ""d_model"": 256, ""n_layers"": 4, ""n_heads"": 4, ""tokens_per_step"": 2048, ""entropy_floor_loss"": 1.3862943611198906, ""step_ms"": 34.56933300185483}","{""torch"":""2.14.0"",""device_name"":""Apple M1 Pro (16-core GPU)"",""seed"":1234,""git_commit"":""2c24789d48523ca307f7e9c6d6bded783520cc40"",""code_sha256"":""ad2062058ca50491"",""hostname"":""Kims-MacBook-Pro-16.local""}"
20260919T172639,2026-09-19T17:28:23.745+07:00,transformer,mps,Apple M1 Pro (16-core GPU),gpt,synthetic_markov,16,128,fp32,measure,16,34.62891600065632,59141.325704829585,tokens/s,,,8.144107818603516,,ok,,,"{""n_params"": 4240896, ""d_model"": 256, ""n_layers"": 4, ""n_heads"": 4, ""tokens_per_step"": 2048, ""entropy_floor_loss"": 1.3862943611198906, ""step_ms"": 34.62891600065632}","{""torch"":""2.14.0"",""device_name"":""Apple M1 Pro (16-core GPU)"",""seed"":1234,""git_commit"":""2c24789d48523ca307f7e9c6d6bded783520cc40"",""code_sha256"":""ad2062058ca50491"",""hostname"":""Kims-MacBook-Pro-16.local""}"
20260919T172639,2026-09-19T17:28:23.779+07:00,transformer,mps,Apple M1 Pro (16-core GPU),gpt,synthetic_markov,16,128,fp32,measure,17,34.61612499813782,59163.17901296498,tokens/s,,,8.152621269226074,,ok,,,"{""n_params"": 4240896, ""d_model"": 256, ""n_layers"": 4, ""n_heads"": 4, ""tokens_per_step"": 2048, ""entropy_floor_loss"": 1.3862943611198906, ""step_ms"": 34.61612499813782}","{""torch"":""2.14.0"",""device_name"":""Apple M1 Pro (16-core GPU)"",""seed"":1234,""git_commit"":""2c24789d48523ca307f7e9c6d6bded783520cc40"",""code_sha256"":""ad2062058ca50491"",""hostname"":""Kims-MacBook-Pro-16.local""}"
20260919T172639,2026-09-19T17:28:23.814+07:00,transformer,mps,Apple M1 Pro (16-core GPU),gpt,synthetic_markov,16,128,fp32,measure,18,34.885458000644576,58706.40998785681,tokens/s,,,8.120966911315918,,ok,,,"{""n_params"": 4240896, ""d_model"": 256, ""n_layers"": 4, ""n_heads"": 4, ""tokens_per_step"": 2048, ""entropy_floor_loss"": 1.3862943611198906, ""step_ms"": 34.885458000644576}","{""torch"":""2.14.0"",""device_name"":""Apple M1 Pro (16-core GPU)"",""seed"":1234,""git_commit"":""2c24789d48523ca307f7e9c6d6bded783520cc40"",""code_sha256"":""ad2062058ca50491"",""hostname"":""Kims-MacBook-Pro-16.local""}"
20260919T172639,2026-09-19T17:28:23.849+07:00,transformer,mps,Apple M1 Pro (16-core GPU),gpt,synthetic_markov,16,128,fp32,measure,19,34.58679199684411,59213.35520758533,tokens/s,,,8.084990501403809,,ok,,,"{""n_params"": 4240896, ""d_model"": 256, ""n_layers"": 4, ""n_heads"": 4, ""tokens_per_step"": 2048, ""entropy_floor_loss"": 1.3862943611198906, ""step_ms"": 34.58679199684411}","{""torch"":""2.14.0"",""device_name"":""Apple M1 Pro (16-core GPU)"",""seed"":1234,""git_commit"":""2c24789d48523ca307f7e9c6d6bded783520cc40"",""code_sha256"":""ad2062058ca50491"",""hostname"":""Kims-MacBook-Pro-16.local""}"
20260919T172639,2026-09-19T17:28:23.850+07:00,transformer,mps,Apple M1 Pro (16-core GPU),gpt,synthetic_markov,16,128,fp32,config,,,,,1394.71875,"mps_driver_allocated_memory (snapshot after work, not a peak; includes allocator cache)",,,ok,,,"{""n_params"": 4240896, ""d_model"": 256, ""n_layers"": 4, ""n_heads"": 4, ""tokens_per_step"": 2048, ""entropy_floor_loss"": 1.3862943611198906, ""process_rss_mb"": 522.734375, ""mps_current_allocated_mb"": 64.7109375, ""mps_driver_allocated_mb"": 1394.71875}","{""torch"":""2.14.0"",""device_name"":""Apple M1 Pro (16-core GPU)"",""seed"":1234,""git_commit"":""2c24789d48523ca307f7e9c6d6bded783520cc40"",""code_sha256"":""ad2062058ca50491"",""hostname"":""Kims-MacBook-Pro-16.local""}"
20260919T172639,2026-09-19T17:28:24.178+07:00,transformer,mps,Apple M1 Pro (16-core GPU),gpt,synthetic_markov,16,256,fp32,warmup,0,159.82912499748636,25627.36922988484,tokens/s,,,8.377941131591797,,ok,,,"{""n_params"": 4273664, ""d_model"": 256, ""n_layers"": 4, ""n_heads"": 4, ""tokens_per_step"": 4096, ""entropy_floor_loss"": 1.3862943611198906, ""step_ms"": 159.82912499748636}","{""torch"":""2.14.0"",""device_name"":""Apple M1 Pro (16-core GPU)"",""seed"":1234,""git_commit"":""2c24789d48523ca307f7e9c6d6bded783520cc40"",""code_sha256"":""ad2062058ca50491"",""hostname"":""Kims-MacBook-Pro-16.local""}"
20260919T172639,2026-09-19T17:28:24.248+07:00,transformer,mps,Apple M1 Pro (16-core GPU),gpt,synthetic_markov,16,256,fp32,warmup,1,70.0204169988865,58497.22374639866,tokens/s,,,8.34907341003418,,ok,,,"{""n_params"": 4273664, ""d_model"": 256, ""n_layers"": 4, ""n_heads"": 4, ""tokens_per_step"": 4096, ""entropy_floor_loss"": 1.3862943611198906, ""step_ms"": 70.0204169988865}","{""torch"":""2.14.0"",""device_name"":""Apple M1 Pro (16-core GPU)"",""seed"":1234,""git_commit"":""2c24789d48523ca307f7e9c6d6bded783520cc40"",""code_sha256"":""ad2062058ca50491"",""hostname"":""Kims-MacBook-Pro-16.local""}"
20260919T172639,2026-09-19T17:28:24.317+07:00,transformer,mps,Apple M1 Pro (16-core GPU),gpt,synthetic_markov,16,256,fp32,warmup,2,68.34283400530694,59933.13065832094,tokens/s,,,8.319435119628906,,ok,,,"{""n_params"": 4273664, ""d_model"": 256, ""n_layers"": 4, ""n_heads"": 4, ""tokens_per_step"": 4096, ""entropy_floor_loss"": 1.3862943611198906, ""step_ms"": 68.34283400530694}","{""torch"":""2.14.0"",""device_name"":""Apple M1 Pro (16-core GPU)"",""seed"":1234,""git_commit"":""2c24789d48523ca307f7e9c6d6bded783520cc40"",""code_sha256"":""ad2062058ca50491"",""hostname"":""Kims-MacBook-Pro-16.local""}"
20260919T172639,2026-09-19T17:28:24.385+07:00,transformer,mps,Apple M1 Pro (16-core GPU),gpt,synthetic_markov,16,256,fp32,measure,0,67.95858300029067,60272.00419971206,tokens/s,,,8.30079460144043,,ok,,,"{""n_params"": 4273664, ""d_model"": 256, ""n_layers"": 4, ""n_heads"": 4, ""tokens_per_step"": 4096, ""entropy_floor_loss"": 1.3862943611198906, ""step_ms"": 67.95858300029067}","{""torch"":""2.14.0"",""device_name"":""Apple M1 Pro (16-core GPU)"",""seed"":1234,""git_commit"":""2c24789d48523ca307f7e9c6d6bded783520cc40"",""code_sha256"":""ad2062058ca50491"",""hostname"":""Kims-MacBook-Pro-16.local""}"
20260919T172639,2026-09-19T17:28:24.453+07:00,transformer,mps,Apple M1 Pro (16-core GPU),gpt,synthetic_markov,16,256,fp32,measure,1,68.10975000553299,60138.23277382836,tokens/s,,,8.28547191619873,,ok,,,"{""n_params"": 4273664, ""d_model"": 256, ""n_layers"": 4, ""n_heads"": 4, ""tokens_per_step"": 4096, ""entropy_floor_loss"": 1.3862943611198906, ""step_ms"": 68.10975000553299}","{""torch"":""2.14.0"",""device_name"":""Apple M1 Pro (16-core GPU)"",""seed"":1234,""git_commit"":""2c24789d48523ca307f7e9c6d6bded783520cc40"",""code_sha256"":""ad2062058ca50491"",""hostname"":""Kims-MacBook-Pro-16.local""}"
20260919T172639,2026-09-19T17:28:24.522+07:00,transformer,mps,Apple M1 Pro (16-core GPU),gpt,synthetic_markov,16,256,fp32,measure,2,68.24308299837867,60020.73499664887,tokens/s,,,8.270954132080078,,ok,,,"{""n_params"": 4273664, ""d_model"": 256, ""n_layers"": 4, ""n_heads"": 4, ""tokens_per_step"": 4096, ""entropy_floor_loss"": 1.3862943611198906, ""step_ms"": 68.24308299837867}","{""torch"":""2.14.0"",""device_name"":""Apple M1 Pro (16-core GPU)"",""seed"":1234,""git_commit"":""2c24789d48523ca307f7e9c6d6bded783520cc40"",""code_sha256"":""ad2062058ca50491"",""hostname"":""Kims-MacBook-Pro-16.local""}"
20260919T172639,2026-09-19T17:28:24.590+07:00,transformer,mps,Apple M1 Pro (16-core GPU),gpt,synthetic_markov,16,256,fp32,measure,3,67.89408299664501,60329.26315835806,tokens/s,,,8.255952835083008,,ok,,,"{""n_params"": 4273664, ""d_model"": 256, ""n_layers"": 4, ""n_heads"": 4, ""tokens_per_step"": 4096, ""entropy_floor_loss"": 1.3862943611198906, ""step_ms"": 67.89408299664501}","{""torch"":""2.14.0"",""device_name"":""Apple M1 Pro (16-core GPU)"",""seed"":1234,""git_commit"":""2c24789d48523ca307f7e9c6d6bded783520cc40"",""code_sha256"":""ad2062058ca50491"",""hostname"":""Kims-MacBook-Pro-16.local""}"
20260919T172639,2026-09-19T17:28:24.658+07:00,transformer,mps,Apple M1 Pro (16-core GPU),gpt,synthetic_markov,16,256,fp32,measure,4,67.98704100219766,60246.77555635343,tokens/s,,,8.222929000854492,,ok,,,"{""n_params"": 4273664, ""d_model"": 256, ""n_layers"": 4, ""n_heads"": 4, ""tokens_per_step"": 4096, ""entropy_floor_loss"": 1.3862943611198906, ""step_ms"": 67.98704100219766}","{""torch"":""2.14.0"",""device_name"":""Apple M1 Pro (16-core GPU)"",""seed"":1234,""git_commit"":""2c24789d48523ca307f7e9c6d6bded783520cc40"",""code_sha256"":""ad2062058ca50491"",""hostname"":""Kims-MacBook-Pro-16.local""}"
20260919T172639,2026-09-19T17:28:24.727+07:00,transformer,mps,Apple M1 Pro (16-core GPU),gpt,synthetic_markov,16,256,fp32,measure,5,68.6110410024412,59698.84642698051,tokens/s,,,8.20583438873291,,ok,,,"{""n_params"": 4273664, ""d_model"": 256, ""n_layers"": 4, ""n_heads"": 4, ""tokens_per_step"": 4096, ""entropy_floor_loss"": 1.3862943611198906, ""step_ms"": 68.6110410024412}","{""torch"":""2.14.0"",""device_name"":""Apple M1 Pro (16-core GPU)"",""seed"":1234,""git_commit"":""2c24789d48523ca307f7e9c6d6bded783520cc40"",""code_sha256"":""ad2062058ca50491"",""hostname"":""Kims-MacBook-Pro-16.local""}"
20260919T172639,2026-09-19T17:28:24.795+07:00,transformer,mps,Apple M1 Pro (16-core GPU),gpt,synthetic_markov,16,256,fp32,measure,6,67.90191699838033,60322.30283126914,tokens/s,,,8.18646240234375,,ok,,,"{""n_params"": 4273664, ""d_model"": 256, ""n_layers"": 4, ""n_heads"": 4, ""tokens_per_step"": 4096, ""entropy_floor_loss"": 1.3862943611198906, ""step_ms"": 67.90191699838033}","{""torch"":""2.14.0"",""device_name"":""Apple M1 Pro (16-core GPU)"",""seed"":1234,""git_commit"":""2c24789d48523ca307f7e9c6d6bded783520cc40"",""code_sha256"":""ad2062058ca50491"",""hostname"":""Kims-MacBook-Pro-16.local""}"
20260919T172639,2026-09-19T17:28:24.863+07:00,transformer,mps,Apple M1 Pro (16-core GPU),gpt,synthetic_markov,16,256,fp32,measure,7,68.08691699552583,60158.40018529785,tokens/s,,,8.18299388885498,,ok,,,"{""n_params"": 4273664, ""d_model"": 256, ""n_layers"": 4, ""n_heads"": 4, ""tokens_per_step"": 4096, ""entropy_floor_loss"": 1.3862943611198906, ""step_ms"": 68.08691699552583}","{""torch"":""2.14.0"",""device_name"":""Apple M1 Pro (16-core GPU)"",""seed"":1234,""git_commit"":""2c24789d48523ca307f7e9c6d6bded783520cc40"",""code_sha256"":""ad2062058ca50491"",""hostname"":""Kims-MacBook-Pro-16.local""}"
20260919T172639,2026-09-19T17:28:24.931+07:00,transformer,mps,Apple M1 Pro (16-core GPU),gpt,synthetic_markov,16,256,fp32,measure,8,68.20070799585665,60058.027553743894,tokens/s,,,8.163227081298828,,ok,,,"{""n_params"": 4273664, ""d_model"": 256, ""n_layers"": 4, ""n_heads"": 4, ""tokens_per_step"": 4096, ""entropy_floor_loss"": 1.3862943611198906, ""step_ms"": 68.20070799585665}","{""torch"":""2.14.0"",""device_name"":""Apple M1 Pro (16-core GPU)"",""seed"":1234,""git_commit"":""2c24789d48523ca307f7e9c6d6bded783520cc40"",""code_sha256"":""ad2062058ca50491"",""hostname"":""Kims-MacBook-Pro-16.local""}"
20260919T172639,2026-09-19T17:28:25.002+07:00,transformer,mps,Apple M1 Pro (16-core GPU),gpt,synthetic_markov,16,256,fp32,measure,9,70.1966669948888,58350.34874658992,tokens/s,,,8.132174491882324,,ok,,,"{""n_params"": 4273664, ""d_model"": 256, ""n_layers"": 4, ""n_heads"": 4, ""tokens_per_step"": 4096, ""entropy_floor_loss"": 1.3862943611198906, ""step_ms"": 70.1966669948888}","{""torch"":""2.14.0"",""device_name"":""Apple M1 Pro (16-core GPU)"",""seed"":1234,""git_commit"":""2c24789d48523ca307f7e9c6d6bded783520cc40"",""code_sha256"":""ad2062058ca50491"",""hostname"":""Kims-MacBook-Pro-16.local""}"
20260919T172639,2026-09-19T17:28:25.070+07:00,transformer,mps,Apple M1 Pro (16-core GPU),gpt,synthetic_markov,16,256,fp32,measure,10,68.38362499547657,59897.38040753092,tokens/s,,,8.109682083129883,,ok,,,"{""n_params"": 4273664, ""d_model"": 256, ""n_layers"": 4, ""n_heads"": 4, ""tokens_per_step"": 4096, ""entropy_floor_loss"": 1.3862943611198906, ""step_ms"": 68.38362499547657}","{""torch"":""2.14.0"",""device_name"":""Apple M1 Pro (16-core GPU)"",""seed"":1234,""git_commit"":""2c24789d48523ca307f7e9c6d6bded783520cc40"",""code_sha256"":""ad2062058ca50491"",""hostname"":""Kims-MacBook-Pro-16.local""}"
20260919T172639,2026-09-19T17:28:25.139+07:00,transformer,mps,Apple M1 Pro (16-core GPU),gpt,synthetic_markov,16,256,fp32,measure,11,68.3745420028572,59905.33727931719,tokens/s,,,8.086843490600586,,ok,,,"{""n_params"": 4273664, ""d_model"": 256, ""n_layers"": 4, ""n_heads"": 4, ""tokens_per_step"": 4096, ""entropy_floor_loss"": 1.3862943611198906, ""step_ms"": 68.3745420028572}","{""torch"":""2.14.0"",""device_name"":""Apple M1 Pro (16-core GPU)"",""seed"":1234,""git_commit"":""2c24789d48523ca307f7e9c6d6bded783520cc40"",""code_sha256"":""ad2062058ca50491"",""hostname"":""Kims-MacBook-Pro-16.local""}"
20260919T172639,2026-09-19T17:28:25.212+07:00,transformer,mps,Apple M1 Pro (16-core GPU),gpt,synthetic_markov,16,256,fp32,measure,12,72.58474999980535,56430.58631476975,tokens/s,,,8.074984550476074,,ok,,,"{""n_params"": 4273664, ""d_model"": 256, ""n_layers"": 4, ""n_heads"": 4, ""tokens_per_step"": 4096, ""entropy_floor_loss"": 1.3862943611198906, ""step_ms"": 72.58474999980535}","{""torch"":""2.14.0"",""device_name"":""Apple M1 Pro (16-core GPU)"",""seed"":1234,""git_commit"":""2c24789d48523ca307f7e9c6d6bded783520cc40"",""code_sha256"":""ad2062058ca50491"",""hostname"":""Kims-MacBook-Pro-16.local""}"
20260919T172639,2026-09-19T17:28:25.282+07:00,transformer,mps,Apple M1 Pro (16-core GPU),gpt,synthetic_markov,16,256,fp32,measure,13,70.21412500034785,58335.8405446156,tokens/s,,,8.052842140197754,,ok,,,"{""n_params"": 4273664, ""d_model"": 256, ""n_layers"": 4, ""n_heads"": 4, ""tokens_per_step"": 4096, ""entropy_floor_loss"": 1.3862943611198906, ""step_ms"": 70.21412500034785}","{""torch"":""2.14.0"",""device_name"":""Apple M1 Pro (16-core GPU)"",""seed"":1234,""git_commit"":""2c24789d48523ca307f7e9c6d6bded783520cc40"",""code_sha256"":""ad2062058ca50491"",""hostname"":""Kims-MacBook-Pro-16.local""}"
20260919T172639,2026-09-19T17:28:25.350+07:00,transformer,mps,Apple M1 Pro (16-core GPU),gpt,synthetic_markov,16,256,fp32,measure,14,68.06704100017669,60175.96680880204,tokens/s,,,8.036214828491211,,ok,,,"{""n_params"": 4273664, ""d_model"": 256, ""n_layers"": 4, ""n_heads"": 4, ""tokens_per_step"": 4096, ""entropy_floor_loss"": 1.3862943611198906, ""step_ms"": 68.06704100017669}","{""torch"":""2.14.0"",""device_name"":""Apple M1 Pro (16-core GPU)"",""seed"":1234,""git_commit"":""2c24789d48523ca307f7e9c6d6bded783520cc40"",""code_sha256"":""ad2062058ca50491"",""hostname"":""Kims-MacBook-Pro-16.local""}"
20260919T172639,2026-09-19T17:28:25.419+07:00,transformer,mps,Apple M1 Pro (16-core GPU),gpt,synthetic_markov,16,256,fp32,measure,15,68.13054200029,60119.87986214119,tokens/s,,,8.010066032409668,,ok,,,"{""n_params"": 4273664, ""d_model"": 256, ""n_layers"": 4, ""n_heads"": 4, ""tokens_per_step"": 4096, ""entropy_floor_loss"": 1.3862943611198906, ""step_ms"": 68.13054200029}","{""torch"":""2.14.0"",""device_name"":""Apple M1 Pro (16-core GPU)"",""seed"":1234,""git_commit"":""2c24789d48523ca307f7e9c6d6bded783520cc40"",""code_sha256"":""ad2062058ca50491"",""hostname"":""Kims-MacBook-Pro-16.local""}"
20260919T172639,2026-09-19T17:28:25.487+07:00,transformer,mps,Apple M1 Pro (16-core GPU),gpt,synthetic_markov,16,256,fp32,measure,16,68.40862500393996,59875.49084291773,tokens/s,,,8.010037422180176,,ok,,,"{""n_params"": 4273664, ""d_model"": 256, ""n_layers"": 4, ""n_heads"": 4, ""tokens_per_step"": 4096, ""entropy_floor_loss"": 1.3862943611198906, ""step_ms"": 68.40862500393996}","{""torch"":""2.14.0"",""device_name"":""Apple M1 Pro (16-core GPU)"",""seed"":1234,""git_commit"":""2c24789d48523ca307f7e9c6d6bded783520cc40"",""code_sha256"":""ad2062058ca50491"",""hostname"":""Kims-MacBook-Pro-16.local""}"
20260919T172639,2026-09-19T17:28:25.555+07:00,transformer,mps,Apple M1 Pro (16-core GPU),gpt,synthetic_markov,16,256,fp32,measure,17,68.07795799977612,60166.316974628855,tokens/s,,,7.988718032836914,,ok,,,"{""n_params"": 4273664, ""d_model"": 256, ""n_layers"": 4, ""n_heads"": 4, ""tokens_per_step"": 4096, ""entropy_floor_loss"": 1.3862943611198906, ""step_ms"": 68.07795799977612}","{""torch"":""2.14.0"",""device_name"":""Apple M1 Pro (16-core GPU)"",""seed"":1234,""git_commit"":""2c24789d48523ca307f7e9c6d6bded783520cc40"",""code_sha256"":""ad2062058ca50491"",""hostname"":""Kims-MacBook-Pro-16.local""}"
20260919T172639,2026-09-19T17:28:25.624+07:00,transformer,mps,Apple M1 Pro (16-core GPU),gpt,synthetic_markov,16,256,fp32,measure,18,68.20679199881852,60052.67041544706,tokens/s,,,7.969690799713135,,ok,,,"{""n_params"": 4273664, ""d_model"": 256, ""n_layers"": 4, ""n_heads"": 4, ""tokens_per_step"": 4096, ""entropy_floor_loss"": 1.3862943611198906, ""step_ms"": 68.20679199881852}","{""torch"":""2.14.0"",""device_name"":""Apple M1 Pro (16-core GPU)"",""seed"":1234,""git_commit"":""2c24789d48523ca307f7e9c6d6bded783520cc40"",""code_sha256"":""ad2062058ca50491"",""hostname"":""Kims-MacBook-Pro-16.local""}"
20260919T172639,2026-09-19T17:28:25.693+07:00,transformer,mps,Apple M1 Pro (16-core GPU),gpt,synthetic_markov,16,256,fp32,measure,19,68.72245800332166,59602.059050362,tokens/s,,,7.935308456420898,,ok,,,"{""n_params"": 4273664, ""d_model"": 256, ""n_layers"": 4, ""n_heads"": 4, ""tokens_per_step"": 4096, ""entropy_floor_loss"": 1.3862943611198906, ""step_ms"": 68.72245800332166}","{""torch"":""2.14.0"",""device_name"":""Apple M1 Pro (16-core GPU)"",""seed"":1234,""git_commit"":""2c24789d48523ca307f7e9c6d6bded783520cc40"",""code_sha256"":""ad2062058ca50491"",""hostname"":""Kims-MacBook-Pro-16.local""}"
20260919T172639,2026-09-19T17:28:25.693+07:00,transformer,mps,Apple M1 Pro (16-core GPU),gpt,synthetic_markov,16,256,fp32,config,,,,,1250.71875,"mps_driver_allocated_memory (snapshot after work, not a peak; includes allocator cache)",,,ok,,,"{""n_params"": 4273664, ""d_model"": 256, ""n_layers"": 4, ""n_heads"": 4, ""tokens_per_step"": 4096, ""entropy_floor_loss"": 1.3862943611198906, ""process_rss_mb"": 522.734375, ""mps_current_allocated_mb"": 65.2109375, ""mps_driver_allocated_mb"": 1250.71875}","{""torch"":""2.14.0"",""device_name"":""Apple M1 Pro (16-core GPU)"",""seed"":1234,""git_commit"":""2c24789d48523ca307f7e9c6d6bded783520cc40"",""code_sha256"":""ad2062058ca50491"",""hostname"":""Kims-MacBook-Pro-16.local""}"
20260919T172639,2026-09-19T17:28:26.065+07:00,transformer,mps,Apple M1 Pro (16-core GPU),gpt,synthetic_markov,16,512,fp32,warmup,0,202.78591699752724,40397.2826184961,tokens/s,,,8.365612030029297,,ok,,,"{""n_params"": 4339200, ""d_model"": 256, ""n_layers"": 4, ""n_heads"": 4, ""tokens_per_step"": 8192, ""entropy_floor_loss"": 1.3862943611198906, ""step_ms"": 202.78591699752724}","{""torch"":""2.14.0"",""device_name"":""Apple M1 Pro (16-core GPU)"",""seed"":1234,""git_commit"":""2c24789d48523ca307f7e9c6d6bded783520cc40"",""code_sha256"":""ad2062058ca50491"",""hostname"":""Kims-MacBook-Pro-16.local""}"
20260919T172639,2026-09-19T17:28:26.216+07:00,transformer,mps,Apple M1 Pro (16-core GPU),gpt,synthetic_markov,16,512,fp32,warmup,1,150.80012499674922,54323.56239874863,tokens/s,,,8.327529907226562,,ok,,,"{""n_params"": 4339200, ""d_model"": 256, ""n_layers"": 4, ""n_heads"": 4, ""tokens_per_step"": 8192, ""entropy_floor_loss"": 1.3862943611198906, ""step_ms"": 150.80012499674922}","{""torch"":""2.14.0"",""device_name"":""Apple M1 Pro (16-core GPU)"",""seed"":1234,""git_commit"":""2c24789d48523ca307f7e9c6d6bded783520cc40"",""code_sha256"":""ad2062058ca50491"",""hostname"":""Kims-MacBook-Pro-16.local""}"
20260919T172639,2026-09-19T17:28:26.369+07:00,transformer,mps,Apple M1 Pro (16-core GPU),gpt,synthetic_markov,16,512,fp32,warmup,2,152.59166600299068,53685.76288982547,tokens/s,,,8.297154426574707,,ok,,,"{""n_params"": 4339200, ""d_model"": 256, ""n_layers"": 4, ""n_heads"": 4, ""tokens_per_step"": 8192, ""entropy_floor_loss"": 1.3862943611198906, ""step_ms"": 152.59166600299068}","{""torch"":""2.14.0"",""device_name"":""Apple M1 Pro (16-core GPU)"",""seed"":1234,""git_commit"":""2c24789d48523ca307f7e9c6d6bded783520cc40"",""code_sha256"":""ad2062058ca50491"",""hostname"":""Kims-MacBook-Pro-16.local""}"
20260919T172639,2026-09-19T17:28:26.518+07:00,transformer,mps,Apple M1 Pro (16-core GPU),gpt,synthetic_markov,16,512,fp32,measure,0,149.21879199391697,54899.2515656738,tokens/s,,,8.275206565856934,,ok,,,"{""n_params"": 4339200, ""d_model"": 256, ""n_layers"": 4, ""n_heads"": 4, ""tokens_per_step"": 8192, ""entropy_floor_loss"": 1.3862943611198906, ""step_ms"": 149.21879199391697}","{""torch"":""2.14.0"",""device_name"":""Apple M1 Pro (16-core GPU)"",""seed"":1234,""git_commit"":""2c24789d48523ca307f7e9c6d6bded783520cc40"",""code_sha256"":""ad2062058ca50491"",""hostname"":""Kims-MacBook-Pro-16.local""}"
20260919T172639,2026-09-19T17:28:26.668+07:00,transformer,mps,Apple M1 Pro (16-core GPU),gpt,synthetic_markov,16,512,fp32,measure,1,149.39908299857052,54833.00054845974,tokens/s,,,8.244916915893555,,ok,,,"{""n_params"": 4339200, ""d_model"": 256, ""n_layers"": 4, ""n_heads"": 4, ""tokens_per_step"": 8192, ""entropy_floor_loss"": 1.3862943611198906, ""step_ms"": 149.39908299857052}","{""torch"":""2.14.0"",""device_name"":""Apple M1 Pro (16-core GPU)"",""seed"":1234,""git_commit"":""2c24789d48523ca307f7e9c6d6bded783520cc40"",""code_sha256"":""ad2062058ca50491"",""hostname"":""Kims-MacBook-Pro-16.local""}"
20260919T172639,2026-09-19T17:28:26.821+07:00,transformer,mps,Apple M1 Pro (16-core GPU),gpt,synthetic_markov,16,512,fp32,measure,2,152.9707910012803,53552.707326534226,tokens/s,,,8.210186958312988,,ok,,,"{""n_params"": 4339200, ""d_model"": 256, ""n_layers"": 4, ""n_heads"": 4, ""tokens_per_step"": 8192, ""entropy_floor_loss"": 1.3862943611198906, ""step_ms"": 152.9707910012803}","{""torch"":""2.14.0"",""device_name"":""Apple M1 Pro (16-core GPU)"",""seed"":1234,""git_commit"":""2c24789d48523ca307f7e9c6d6bded783520cc40"",""code_sha256"":""ad2062058ca50491"",""hostname"":""Kims-MacBook-Pro-16.local""}"
20260919T172639,2026-09-19T17:28:26.970+07:00,transformer,mps,Apple M1 Pro (16-core GPU),gpt,synthetic_markov,16,512,fp32,measure,3,149.39091699488927,54835.99782897277,tokens/s,,,8.181862831115723,,ok,,,"{""n_params"": 4339200, ""d_model"": 256, ""n_layers"": 4, ""n_heads"": 4, ""tokens_per_step"": 8192, ""entropy_floor_loss"": 1.3862943611198906, ""step_ms"": 149.39091699488927}","{""torch"":""2.14.0"",""device_name"":""Apple M1 Pro (16-core GPU)"",""seed"":1234,""git_commit"":""2c24789d48523ca307f7e9c6d6bded783520cc40"",""code_sha256"":""ad2062058ca50491"",""hostname"":""Kims-MacBook-Pro-16.local""}"
20260919T172639,2026-09-19T17:28:27.120+07:00,transformer,mps,Apple M1 Pro (16-core GPU),gpt,synthetic_markov,16,512,fp32,measure,4,149.52966699638637,54785.114984560045,tokens/s,,,8.159144401550293,,ok,,,"{""n_params"": 4339200, ""d_model"": 256, ""n_layers"": 4, ""n_heads"": 4, ""tokens_per_step"": 8192, ""entropy_floor_loss"": 1.3862943611198906, ""step_ms"": 149.52966699638637}","{""torch"":""2.14.0"",""device_name"":""Apple M1 Pro (16-core GPU)"",""seed"":1234,""git_commit"":""2c24789d48523ca307f7e9c6d6bded783520cc40"",""code_sha256"":""ad2062058ca50491"",""hostname"":""Kims-MacBook-Pro-16.local""}"
20260919T172639,2026-09-19T17:28:27.271+07:00,transformer,mps,Apple M1 Pro (16-core GPU),gpt,synthetic_markov,16,512,fp32,measure,5,151.01191599387676,54247.3747590367,tokens/s,,,8.115188598632812,,ok,,,"{""n_params"": 4339200, ""d_model"": 256, ""n_layers"": 4, ""n_heads"": 4, ""tokens_per_step"": 8192, ""entropy_floor_loss"": 1.3862943611198906, ""step_ms"": 151.01191599387676}","{""torch"":""2.14.0"",""device_name"":""Apple M1 Pro (16-core GPU)"",""seed"":1234,""git_commit"":""2c24789d48523ca307f7e9c6d6bded783520cc40"",""code_sha256"":""ad2062058ca50491"",""hostname"":""Kims-MacBook-Pro-16.local""}"
20260919T172639,2026-09-19T17:28:27.423+07:00,transformer,mps,Apple M1 Pro (16-core GPU),gpt,synthetic_markov,16,512,fp32,measure,6,152.13266699720407,53847.73804136724,tokens/s,,,8.109375,,ok,,,"{""n_params"": 4339200, ""d_model"": 256, ""n_layers"": 4, ""n_heads"": 4, ""tokens_per_step"": 8192, ""entropy_floor_loss"": 1.3862943611198906, ""step_ms"": 152.13266699720407}","{""torch"":""2.14.0"",""device_name"":""Apple M1 Pro (16-core GPU)"",""seed"":1234,""git_commit"":""2c24789d48523ca307f7e9c6d6bded783520cc40"",""code_sha256"":""ad2062058ca50491"",""hostname"":""Kims-MacBook-Pro-16.local""}"
20260919T172639,2026-09-19T17:28:27.573+07:00,transformer,mps,Apple M1 Pro (16-core GPU),gpt,synthetic_markov,16,512,fp32,measure,7,149.9188750021858,54642.88602672986,tokens/s,,,8.070186614990234,,ok,,,"{""n_params"": 4339200, ""d_model"": 256, ""n_layers"": 4, ""n_heads"": 4, ""tokens_per_step"": 8192, ""entropy_floor_loss"": 1.3862943611198906, ""step_ms"": 149.9188750021858}","{""torch"":""2.14.0"",""device_name"":""Apple M1 Pro (16-core GPU)"",""seed"":1234,""git_commit"":""2c24789d48523ca307f7e9c6d6bded783520cc40"",""code_sha256"":""ad2062058ca50491"",""hostname"":""Kims-MacBook-Pro-16.local""}"
20260919T172639,2026-09-19T17:28:27.723+07:00,transformer,mps,Apple M1 Pro (16-core GPU),gpt,synthetic_markov,16,512,fp32,measure,8,149.51020800072,54792.24535598632,tokens/s,,,8.044516563415527,,ok,,,"{""n_params"": 4339200, ""d_model"": 256, ""n_layers"": 4, ""n_heads"": 4, ""tokens_per_step"": 8192, ""entropy_floor_loss"": 1.3862943611198906, ""step_ms"": 149.51020800072}","{""torch"":""2.14.0"",""device_name"":""Apple M1 Pro (16-core GPU)"",""seed"":1234,""git_commit"":""2c24789d48523ca307f7e9c6d6bded783520cc40"",""code_sha256"":""ad2062058ca50491"",""hostname"":""Kims-MacBook-Pro-16.local""}"
20260919T172639,2026-09-19T17:28:27.872+07:00,transformer,mps,Apple M1 Pro (16-core GPU),gpt,synthetic_markov,16,512,fp32,measure,9,149.22583300358383,54896.661222211165,tokens/s,,,8.021337509155273,,ok,,,"{""n_params"": 4339200, ""d_model"": 256, ""n_layers"": 4, ""n_heads"": 4, ""tokens_per_step"": 8192, ""entropy_floor_loss"": 1.3862943611198906, ""step_ms"": 149.22583300358383}","{""torch"":""2.14.0"",""device_name"":""Apple M1 Pro (16-core GPU)"",""seed"":1234,""git_commit"":""2c24789d48523ca307f7e9c6d6bded783520cc40"",""code_sha256"":""ad2062058ca50491"",""hostname"":""Kims-MacBook-Pro-16.local""}"
20260919T172639,2026-09-19T17:28:28.022+07:00,transformer,mps,Apple M1 Pro (16-core GPU),gpt,synthetic_markov,16,512,fp32,measure,10,149.11091700196266,54938.968686593034,tokens/s,,,7.993056297302246,,ok,,,"{""n_params"": 4339200, ""d_model"": 256, ""n_layers"": 4, ""n_heads"": 4, ""tokens_per_step"": 8192, ""entropy_floor_loss"": 1.3862943611198906, ""step_ms"": 149.11091700196266}","{""torch"":""2.14.0"",""device_name"":""Apple M1 Pro (16-core GPU)"",""seed"":1234,""git_commit"":""2c24789d48523ca307f7e9c6d6bded783520cc40"",""code_sha256"":""ad2062058ca50491"",""hostname"":""Kims-MacBook-Pro-16.local""}"
20260919T172639,2026-09-19T17:28:28.172+07:00,transformer,mps,Apple M1 Pro (16-core GPU),gpt,synthetic_markov,16,512,fp32,measure,11,149.9902089999523,54616.89836036301,tokens/s,,,7.9653239250183105,,ok,,,"{""n_params"": 4339200, ""d_model"": 256, ""n_layers"": 4, ""n_heads"": 4, ""tokens_per_step"": 8192, ""entropy_floor_loss"": 1.3862943611198906, ""step_ms"": 149.9902089999523}","{""torch"":""2.14.0"",""device_name"":""Apple M1 Pro (16-core GPU)"",""seed"":1234,""git_commit"":""2c24789d48523ca307f7e9c6d6bded783520cc40"",""code_sha256"":""ad2062058ca50491"",""hostname"":""Kims-MacBook-Pro-16.local""}"
20260919T172639,2026-09-19T17:28:28.326+07:00,transformer,mps,Apple M1 Pro (16-core GPU),gpt,synthetic_markov,16,512,fp32,measure,12,154.22379100346006,53117.615295918964,tokens/s,,,7.946084022521973,,ok,,,"{""n_params"": 4339200, ""d_model"": 256, ""n_layers"": 4, ""n_heads"": 4, ""tokens_per_step"": 8192, ""entropy_floor_loss"": 1.3862943611198906, ""step_ms"": 154.22379100346006}","{""torch"":""2.14.0"",""device_name"":""Apple M1 Pro (16-core GPU)"",""seed"":1234,""git_commit"":""2c24789d48523ca307f7e9c6d6bded783520cc40"",""code_sha256"":""ad2062058ca50491"",""hostname"":""Kims-MacBook-Pro-16.local""}"
20260919T172639,2026-09-19T17:28:28.479+07:00,transformer,mps,Apple M1 Pro (16-core GPU),gpt,synthetic_markov,16,512,fp32,measure,13,152.3532079954748,53769.79000168686,tokens/s,,,7.912240505218506,,ok,,,"{""n_params"": 4339200, ""d_model"": 256, ""n_layers"": 4, ""n_heads"": 4, ""tokens_per_step"": 8192, ""entropy_floor_loss"": 1.3862943611198906, ""step_ms"": 152.3532079954748}","{""torch"":""2.14.0"",""device_name"":""Apple M1 Pro (16-core GPU)"",""seed"":1234,""git_commit"":""2c24789d48523ca307f7e9c6d6bded783520cc40"",""code_sha256"":""ad2062058ca50491"",""hostname"":""Kims-MacBook-Pro-16.local""}"
20260919T172639,2026-09-19T17:28:28.628+07:00,transformer,mps,Apple M1 Pro (16-core GPU),gpt,synthetic_markov,16,512,fp32,measure,14,149.15591700264486,54922.393724780886,tokens/s,,,7.886265754699707,,ok,,,"{""n_params"": 4339200, ""d_model"": 256, ""n_layers"": 4, ""n_heads"": 4, ""tokens_per_step"": 8192, ""entropy_floor_loss"": 1.3862943611198906, ""step_ms"": 149.15591700264486}","{""torch"":""2.14.0"",""device_name"":""Apple M1 Pro (16-core GPU)"",""seed"":1234,""git_commit"":""2c24789d48523ca307f7e9c6d6bded783520cc40"",""code_sha256"":""ad2062058ca50491"",""hostname"":""Kims-MacBook-Pro-16.local""}"
20260919T172639,2026-09-19T17:28:28.777+07:00,transformer,mps,Apple M1 Pro (16-core GPU),gpt,synthetic_markov,16,512,fp32,measure,15,149.11558399762725,54937.24921555048,tokens/s,,,7.864110469818115,,ok,,,"{""n_params"": 4339200, ""d_model"": 256, ""n_layers"": 4, ""n_heads"": 4, ""tokens_per_step"": 8192, ""entropy_floor_loss"": 1.3862943611198906, ""step_ms"": 149.11558399762725}","{""torch"":""2.14.0"",""device_name"":""Apple M1 Pro (16-core GPU)"",""seed"":1234,""git_commit"":""2c24789d48523ca307f7e9c6d6bded783520cc40"",""code_sha256"":""ad2062058ca50491"",""hostname"":""Kims-MacBook-Pro-16.local""}"
20260919T172639,2026-09-19T17:28:28.926+07:00,transformer,mps,Apple M1 Pro (16-core GPU),gpt,synthetic_markov,16,512,fp32,measure,16,148.97529200243298,54988.98434692253,tokens/s,,,7.852682113647461,,ok,,,"{""n_params"": 4339200, ""d_model"": 256, ""n_layers"": 4, ""n_heads"": 4, ""tokens_per_step"": 8192, ""entropy_floor_loss"": 1.3862943611198906, ""step_ms"": 148.97529200243298}","{""torch"":""2.14.0"",""device_name"":""Apple M1 Pro (16-core GPU)"",""seed"":1234,""git_commit"":""2c24789d48523ca307f7e9c6d6bded783520cc40"",""code_sha256"":""ad2062058ca50491"",""hostname"":""Kims-MacBook-Pro-16.local""}"
20260919T172639,2026-09-19T17:28:29.076+07:00,transformer,mps,Apple M1 Pro (16-core GPU),gpt,synthetic_markov,16,512,fp32,measure,17,149.0717089982354,54953.41842560462,tokens/s,,,7.821127891540527,,ok,,,"{""n_params"": 4339200, ""d_model"": 256, ""n_layers"": 4, ""n_heads"": 4, ""tokens_per_step"": 8192, ""entropy_floor_loss"": 1.3862943611198906, ""step_ms"": 149.0717089982354}","{""torch"":""2.14.0"",""device_name"":""Apple M1 Pro (16-core GPU)"",""seed"":1234,""git_commit"":""2c24789d48523ca307f7e9c6d6bded783520cc40"",""code_sha256"":""ad2062058ca50491"",""hostname"":""Kims-MacBook-Pro-16.local""}"
20260919T172639,2026-09-19T17:28:29.225+07:00,transformer,mps,Apple M1 Pro (16-core GPU),gpt,synthetic_markov,16,512,fp32,measure,18,149.49179100221954,54798.99561761469,tokens/s,,,7.793490409851074,,ok,,,"{""n_params"": 4339200, ""d_model"": 256, ""n_layers"": 4, ""n_heads"": 4, ""tokens_per_step"": 8192, ""entropy_floor_loss"": 1.3862943611198906, ""step_ms"": 149.49179100221954}","{""torch"":""2.14.0"",""device_name"":""Apple M1 Pro (16-core GPU)"",""seed"":1234,""git_commit"":""2c24789d48523ca307f7e9c6d6bded783520cc40"",""code_sha256"":""ad2062058ca50491"",""hostname"":""Kims-MacBook-Pro-16.local""}"
20260919T172639,2026-09-19T17:28:29.375+07:00,transformer,mps,Apple M1 Pro (16-core GPU),gpt,synthetic_markov,16,512,fp32,measure,19,149.27095799794188,54880.065820391865,tokens/s,,,7.752979278564453,,ok,,,"{""n_params"": 4339200, ""d_model"": 256, ""n_layers"": 4, ""n_heads"": 4, ""tokens_per_step"": 8192, ""entropy_floor_loss"": 1.3862943611198906, ""step_ms"": 149.27095799794188}","{""torch"":""2.14.0"",""device_name"":""Apple M1 Pro (16-core GPU)"",""seed"":1234,""git_commit"":""2c24789d48523ca307f7e9c6d6bded783520cc40"",""code_sha256"":""ad2062058ca50491"",""hostname"":""Kims-MacBook-Pro-16.local""}"
20260919T172639,2026-09-19T17:28:29.375+07:00,transformer,mps,Apple M1 Pro (16-core GPU),gpt,synthetic_markov,16,512,fp32,config,,,,,2346.71875,"mps_driver_allocated_memory (snapshot after work, not a peak; includes allocator cache)",,,ok,,,"{""n_params"": 4339200, ""d_model"": 256, ""n_layers"": 4, ""n_heads"": 4, ""tokens_per_step"": 8192, ""entropy_floor_loss"": 1.3862943611198906, ""process_rss_mb"": 529.5625, ""mps_current_allocated_mb"": 66.2109375, ""mps_driver_allocated_mb"": 2346.71875}","{""torch"":""2.14.0"",""device_name"":""Apple M1 Pro (16-core GPU)"",""seed"":1234,""git_commit"":""2c24789d48523ca307f7e9c6d6bded783520cc40"",""code_sha256"":""ad2062058ca50491"",""hostname"":""Kims-MacBook-Pro-16.local""}"
20260919T172639,2026-09-19T17:28:29.695+07:00,transformer,mps,Apple M1 Pro (16-core GPU),gpt,synthetic_markov,32,128,fp32,warmup,0,140.4223749996163,29169.14060178225,tokens/s,,,8.3681640625,,ok,,,"{""n_params"": 4240896, ""d_model"": 256, ""n_layers"": 4, ""n_heads"": 4, ""tokens_per_step"": 4096, ""entropy_floor_loss"": 1.3862943611198906, ""step_ms"": 140.4223749996163}","{""torch"":""2.14.0"",""device_name"":""Apple M1 Pro (16-core GPU)"",""seed"":1234,""git_commit"":""2c24789d48523ca307f7e9c6d6bded783520cc40"",""code_sha256"":""ad2062058ca50491"",""hostname"":""Kims-MacBook-Pro-16.local""}"
20260919T172639,2026-09-19T17:28:29.759+07:00,transformer,mps,Apple M1 Pro (16-core GPU),gpt,synthetic_markov,32,128,fp32,warmup,1,63.98554200131912,64014.46126557086,tokens/s,,,8.33637809753418,,ok,,,"{""n_params"": 4240896, ""d_model"": 256, ""n_layers"": 4, ""n_heads"": 4, ""tokens_per_step"": 4096, ""entropy_floor_loss"": 1.3862943611198906, ""step_ms"": 63.98554200131912}","{""torch"":""2.14.0"",""device_name"":""Apple M1 Pro (16-core GPU)"",""seed"":1234,""git_commit"":""2c24789d48523ca307f7e9c6d6bded783520cc40"",""code_sha256"":""ad2062058ca50491"",""hostname"":""Kims-MacBook-Pro-16.local""}"
20260919T172639,2026-09-19T17:28:29.822+07:00,transformer,mps,Apple M1 Pro (16-core GPU),gpt,synthetic_markov,32,128,fp32,warmup,2,62.87695899663959,65143.099560824936,tokens/s,,,8.325088500976562,,ok,,,"{""n_params"": 4240896, ""d_model"": 256, ""n_layers"": 4, ""n_heads"": 4, ""tokens_per_step"": 4096, ""entropy_floor_loss"": 1.3862943611198906, ""step_ms"": 62.87695899663959}","{""torch"":""2.14.0"",""device_name"":""Apple M1 Pro (16-core GPU)"",""seed"":1234,""git_commit"":""2c24789d48523ca307f7e9c6d6bded783520cc40"",""code_sha256"":""ad2062058ca50491"",""hostname"":""Kims-MacBook-Pro-16.local""}"
20260919T172639,2026-09-19T17:28:29.886+07:00,transformer,mps,Apple M1 Pro (16-core GPU),gpt,synthetic_markov,32,128,fp32,measure,0,63.25608300539898,64752.665757859235,tokens/s,,,8.302080154418945,,ok,,,"{""n_params"": 4240896, ""d_model"": 256, ""n_layers"": 4, ""n_heads"": 4, ""tokens_per_step"": 4096, ""entropy_floor_loss"": 1.3862943611198906, ""step_ms"": 63.25608300539898}","{""torch"":""2.14.0"",""device_name"":""Apple M1 Pro (16-core GPU)"",""seed"":1234,""git_commit"":""2c24789d48523ca307f7e9c6d6bded783520cc40"",""code_sha256"":""ad2062058ca50491"",""hostname"":""Kims-MacBook-Pro-16.local""}"
20260919T172639,2026-09-19T17:28:29.952+07:00,transformer,mps,Apple M1 Pro (16-core GPU),gpt,synthetic_markov,32,128,fp32,measure,1,66.03670799813699,62026.108268685275,tokens/s,,,8.292572021484375,,ok,,,"{""n_params"": 4240896, ""d_model"": 256, ""n_layers"": 4, ""n_heads"": 4, ""tokens_per_step"": 4096, ""entropy_floor_loss"": 1.3862943611198906, ""step_ms"": 66.03670799813699}","{""torch"":""2.14.0"",""device_name"":""Apple M1 Pro (16-core GPU)"",""seed"":1234,""git_commit"":""2c24789d48523ca307f7e9c6d6bded783520cc40"",""code_sha256"":""ad2062058ca50491"",""hostname"":""Kims-MacBook-Pro-16.local""}"
20260919T172639,2026-09-19T17:28:30.016+07:00,transformer,mps,Apple M1 Pro (16-core GPU),gpt,synthetic_markov,32,128,fp32,measure,2,63.98516699846368,64014.83644011349,tokens/s,,,8.273283958435059,,ok,,,"{""n_params"": 4240896, ""d_model"": 256, ""n_layers"": 4, ""n_heads"": 4, ""tokens_per_step"": 4096, ""entropy_floor_loss"": 1.3862943611198906, ""step_ms"": 63.98516699846368}","{""torch"":""2.14.0"",""device_name"":""Apple M1 Pro (16-core GPU)"",""seed"":1234,""git_commit"":""2c24789d48523ca307f7e9c6d6bded783520cc40"",""code_sha256"":""ad2062058ca50491"",""hostname"":""Kims-MacBook-Pro-16.local""}"
20260919T172639,2026-09-19T17:28:30.079+07:00,transformer,mps,Apple M1 Pro (16-core GPU),gpt,synthetic_markov,32,128,fp32,measure,3,63.14037500123959,64871.32836825227,tokens/s,,,8.267127990722656,,ok,,,"{""n_params"": 4240896, ""d_model"": 256, ""n_layers"": 4, ""n_heads"": 4, ""tokens_per_step"": 4096, ""entropy_floor_loss"": 1.3862943611198906, ""step_ms"": 63.14037500123959}","{""torch"":""2.14.0"",""device_name"":""Apple M1 Pro (16-core GPU)"",""seed"":1234,""git_commit"":""2c24789d48523ca307f7e9c6d6bded783520cc40"",""code_sha256"":""ad2062058ca50491"",""hostname"":""Kims-MacBook-Pro-16.local""}"
20260919T172639,2026-09-19T17:28:30.143+07:00,transformer,mps,Apple M1 Pro (16-core GPU),gpt,synthetic_markov,32,128,fp32,measure,4,63.191459004883654,64818.8863574656,tokens/s,,,8.240313529968262,,ok,,,"{""n_params"": 4240896, ""d_model"": 256, ""n_layers"": 4, ""n_heads"": 4, ""tokens_per_step"": 4096, ""entropy_floor_loss"": 1.3862943611198906, ""step_ms"": 63.191459004883654}","{""torch"":""2.14.0"",""device_name"":""Apple M1 Pro (16-core GPU)"",""seed"":1234,""git_commit"":""2c24789d48523ca307f7e9c6d6bded783520cc40"",""code_sha256"":""ad2062058ca50491"",""hostname"":""Kims-MacBook-Pro-16.local""}"
20260919T172639,2026-09-19T17:28:30.206+07:00,transformer,mps,Apple M1 Pro (16-core GPU),gpt,synthetic_markov,32,128,fp32,measure,5,63.113916003203485,64898.52411934158,tokens/s,,,8.231389999389648,,ok,,,"{""n_params"": 4240896, ""d_model"": 256, ""n_layers"": 4, ""n_heads"": 4, ""tokens_per_step"": 4096, ""entropy_floor_loss"": 1.3862943611198906, ""step_ms"": 63.113916003203485}","{""torch"":""2.14.0"",""device_name"":""Apple M1 Pro (16-core GPU)"",""seed"":1234,""git_commit"":""2c24789d48523ca307f7e9c6d6bded783520cc40"",""code_sha256"":""ad2062058ca50491"",""hostname"":""Kims-MacBook-Pro-16.local""}"
20260919T172639,2026-09-19T17:28:30.269+07:00,transformer,mps,Apple M1 Pro (16-core GPU),gpt,synthetic_markov,32,128,fp32,measure,6,63.315749997855164,64691.644656167744,tokens/s,,,8.212105751037598,,ok,,,"{""n_params"": 4240896, ""d_model"": 256, ""n_layers"": 4, ""n_heads"": 4, ""tokens_per_step"": 4096, ""entropy_floor_loss"": 1.3862943611198906, ""step_ms"": 63.315749997855164}","{""torch"":""2.14.0"",""device_name"":""Apple M1 Pro (16-core GPU)"",""seed"":1234,""git_commit"":""2c24789d48523ca307f7e9c6d6bded783520cc40"",""code_sha256"":""ad2062058ca50491"",""hostname"":""Kims-MacBook-Pro-16.local""}"
20260919T172639,2026-09-19T17:28:30.333+07:00,transformer,mps,Apple M1 Pro (16-core GPU),gpt,synthetic_markov,32,128,fp32,measure,7,63.67408300138777,64327.58521093626,tokens/s,,,8.198431015014648,,ok,,,"{""n_params"": 4240896, ""d_model"": 256, ""n_layers"": 4, ""n_heads"": 4, ""tokens_per_step"": 4096, ""entropy_floor_loss"": 1.3862943611198906, ""step_ms"": 63.67408300138777}","{""torch"":""2.14.0"",""device_name"":""Apple M1 Pro (16-core GPU)"",""seed"":1234,""git_commit"":""2c24789d48523ca307f7e9c6d6bded783520cc40"",""code_sha256"":""ad2062058ca50491"",""hostname"":""Kims-MacBook-Pro-16.local""}"
20260919T172639,2026-09-19T17:28:30.397+07:00,transformer,mps,Apple M1 Pro (16-core GPU),gpt,synthetic_markov,32,128,fp32,measure,8,63.36154200107558,64644.891374810126,tokens/s,,,8.175413131713867,,ok,,,"{""n_params"": 4240896, ""d_model"": 256, ""n_layers"": 4, ""n_heads"": 4, ""tokens_per_step"": 4096, ""entropy_floor_loss"": 1.3862943611198906, ""step_ms"": 63.36154200107558}","{""torch"":""2.14.0"",""device_name"":""Apple M1 Pro (16-core GPU)"",""seed"":1234,""git_commit"":""2c24789d48523ca307f7e9c6d6bded783520cc40"",""code_sha256"":""ad2062058ca50491"",""hostname"":""Kims-MacBook-Pro-16.local""}"
20260919T172639,2026-09-19T17:28:30.462+07:00,transformer,mps,Apple M1 Pro (16-core GPU),gpt,synthetic_markov,32,128,fp32,measure,9,64.97037500230363,63044.11818239882,tokens/s,,,8.168387413024902,,ok,,,"{""n_params"": 4240896, ""d_model"": 256, ""n_layers"": 4, ""n_heads"": 4, ""tokens_per_step"": 4096, ""entropy_floor_loss"": 1.3862943611198906, ""step_ms"": 64.97037500230363}","{""torch"":""2.14.0"",""device_name"":""Apple M1 Pro (16-core GPU)"",""seed"":1234,""git_commit"":""2c24789d48523ca307f7e9c6d6bded783520cc40"",""code_sha256"":""ad2062058ca50491"",""hostname"":""Kims-MacBook-Pro-16.local""}"
20260919T172639,2026-09-19T17:28:30.528+07:00,transformer,mps,Apple M1 Pro (16-core GPU),gpt,synthetic_markov,32,128,fp32,measure,10,65.88233300135471,62171.44738811505,tokens/s,,,8.149540901184082,,ok,,,"{""n_params"": 4240896, ""d_model"": 256, ""n_layers"": 4, ""n_heads"": 4, ""tokens_per_step"": 4096, ""entropy_floor_loss"": 1.3862943611198906, ""step_ms"": 65.88233300135471}","{""torch"":""2.14.0"",""device_name"":""Apple M1 Pro (16-core GPU)"",""seed"":1234,""git_commit"":""2c24789d48523ca307f7e9c6d6bded783520cc40"",""code_sha256"":""ad2062058ca50491"",""hostname"":""Kims-MacBook-Pro-16.local""}"
20260919T172639,2026-09-19T17:28:30.592+07:00,transformer,mps,Apple M1 Pro (16-core GPU),gpt,synthetic_markov,32,128,fp32,measure,11,63.91608300327789,64084.02717341017,tokens/s,,,8.131223678588867,,ok,,,"{""n_params"": 4240896, ""d_model"": 256, ""n_layers"": 4, ""n_heads"": 4, ""tokens_per_step"": 4096, ""entropy_floor_loss"": 1.3862943611198906, ""step_ms"": 63.91608300327789}","{""torch"":""2.14.0"",""device_name"":""Apple M1 Pro (16-core GPU)"",""seed"":1234,""git_commit"":""2c24789d48523ca307f7e9c6d6bded783520cc40"",""code_sha256"":""ad2062058ca50491"",""hostname"":""Kims-MacBook-Pro-16.local""}"
20260919T172639,2026-09-19T17:28:30.656+07:00,transformer,mps,Apple M1 Pro (16-core GPU),gpt,synthetic_markov,32,128,fp32,measure,12,63.43899999774294,64565.9610042045,tokens/s,,,8.116076469421387,,ok,,,"{""n_params"": 4240896, ""d_model"": 256, ""n_layers"": 4, ""n_heads"": 4, ""tokens_per_step"": 4096, ""entropy_floor_loss"": 1.3862943611198906, ""step_ms"": 63.43899999774294}","{""torch"":""2.14.0"",""device_name"":""Apple M1 Pro (16-core GPU)"",""seed"":1234,""git_commit"":""2c24789d48523ca307f7e9c6d6bded783520cc40"",""code_sha256"":""ad2062058ca50491"",""hostname"":""Kims-MacBook-Pro-16.local""}"
20260919T172639,2026-09-19T17:28:30.719+07:00,transformer,mps,Apple M1 Pro (16-core GPU),gpt,synthetic_markov,32,128,fp32,measure,13,63.169166998704895,64841.76053934631,tokens/s,,,8.092294692993164,,ok,,,"{""n_params"": 4240896, ""d_model"": 256, ""n_layers"": 4, ""n_heads"": 4, ""tokens_per_step"": 4096, ""entropy_floor_loss"": 1.3862943611198906, ""step_ms"": 63.169166998704895}","{""torch"":""2.14.0"",""device_name"":""Apple M1 Pro (16-core GPU)"",""seed"":1234,""git_commit"":""2c24789d48523ca307f7e9c6d6bded783520cc40"",""code_sha256"":""ad2062058ca50491"",""hostname"":""Kims-MacBook-Pro-16.local""}"
20260919T172639,2026-09-19T17:28:30.783+07:00,transformer,mps,Apple M1 Pro (16-core GPU),gpt,synthetic_markov,32,128,fp32,measure,14,63.57895799737889,64423.83028939955,tokens/s,,,8.08319091796875,,ok,,,"{""n_params"": 4240896, ""d_model"": 256, ""n_layers"": 4, ""n_heads"": 4, ""tokens_per_step"": 4096, ""entropy_floor_loss"": 1.3862943611198906, ""step_ms"": 63.57895799737889}","{""torch"":""2.14.0"",""device_name"":""Apple M1 Pro (16-core GPU)"",""seed"":1234,""git_commit"":""2c24789d48523ca307f7e9c6d6bded783520cc40"",""code_sha256"":""ad2062058ca50491"",""hostname"":""Kims-MacBook-Pro-16.local""}"
20260919T172639,2026-09-19T17:28:30.846+07:00,transformer,mps,Apple M1 Pro (16-core GPU),gpt,synthetic_markov,32,128,fp32,measure,15,63.361291999171954,64645.14644135617,tokens/s,,,8.064092636108398,,ok,,,"{""n_params"": 4240896, ""d_model"": 256, ""n_layers"": 4, ""n_heads"": 4, ""tokens_per_step"": 4096, ""entropy_floor_loss"": 1.3862943611198906, ""step_ms"": 63.361291999171954}","{""torch"":""2.14.0"",""device_name"":""Apple M1 Pro (16-core GPU)"",""seed"":1234,""git_commit"":""2c24789d48523ca307f7e9c6d6bded783520cc40"",""code_sha256"":""ad2062058ca50491"",""hostname"":""Kims-MacBook-Pro-16.local""}"
20260919T172639,2026-09-19T17:28:30.910+07:00,transformer,mps,Apple M1 Pro (16-core GPU),gpt,synthetic_markov,32,128,fp32,measure,16,63.338332998682745,64668.57913808981,tokens/s,,,8.036685943603516,,ok,,,"{""n_params"": 4240896, ""d_model"": 256, ""n_layers"": 4, ""n_heads"": 4, ""tokens_per_step"": 4096, ""entropy_floor_loss"": 1.3862943611198906, ""step_ms"": 63.338332998682745}","{""torch"":""2.14.0"",""device_name"":""Apple M1 Pro (16-core GPU)"",""seed"":1234,""git_commit"":""2c24789d48523ca307f7e9c6d6bded783520cc40"",""code_sha256"":""ad2062058ca50491"",""hostname"":""Kims-MacBook-Pro-16.local""}"
20260919T172639,2026-09-19T17:28:30.976+07:00,transformer,mps,Apple M1 Pro (16-core GPU),gpt,synthetic_markov,32,128,fp32,measure,17,66.55741699796636,61540.849761720056,tokens/s,,,8.025151252746582,,ok,,,"{""n_params"": 4240896, ""d_model"": 256, ""n_layers"": 4, ""n_heads"": 4, ""tokens_per_step"": 4096, ""entropy_floor_loss"": 1.3862943611198906, ""step_ms"": 66.55741699796636}","{""torch"":""2.14.0"",""device_name"":""Apple M1 Pro (16-core GPU)"",""seed"":1234,""git_commit"":""2c24789d48523ca307f7e9c6d6bded783520cc40"",""code_sha256"":""ad2062058ca50491"",""hostname"":""Kims-MacBook-Pro-16.local""}"
20260919T172639,2026-09-19T17:28:31.040+07:00,transformer,mps,Apple M1 Pro (16-core GPU),gpt,synthetic_markov,32,128,fp32,measure,18,63.741541001945734,64259.50699677888,tokens/s,,,8.008233070373535,,ok,,,"{""n_params"": 4240896, ""d_model"": 256, ""n_layers"": 4, ""n_heads"": 4, ""tokens_per_step"": 4096, ""entropy_floor_loss"": 1.3862943611198906, ""step_ms"": 63.741541001945734}","{""torch"":""2.14.0"",""device_name"":""Apple M1 Pro (16-core GPU)"",""seed"":1234,""git_commit"":""2c24789d48523ca307f7e9c6d6bded783520cc40"",""code_sha256"":""ad2062058ca50491"",""hostname"":""Kims-MacBook-Pro-16.local""}"
20260919T172639,2026-09-19T17:28:31.105+07:00,transformer,mps,Apple M1 Pro (16-core GPU),gpt,synthetic_markov,32,128,fp32,measure,19,63.98637500387849,64013.62789737227,tokens/s,,,7.985576629638672,,ok,,,"{""n_params"": 4240896, ""d_model"": 256, ""n_layers"": 4, ""n_heads"": 4, ""tokens_per_step"": 4096, ""entropy_floor_loss"": 1.3862943611198906, ""step_ms"": 63.98637500387849}","{""torch"":""2.14.0"",""device_name"":""Apple M1 Pro (16-core GPU)"",""seed"":1234,""git_commit"":""2c24789d48523ca307f7e9c6d6bded783520cc40"",""code_sha256"":""ad2062058ca50491"",""hostname"":""Kims-MacBook-Pro-16.local""}"
20260919T172639,2026-09-19T17:28:31.105+07:00,transformer,mps,Apple M1 Pro (16-core GPU),gpt,synthetic_markov,32,128,fp32,config,,,,,1378.71875,"mps_driver_allocated_memory (snapshot after work, not a peak; includes allocator cache)",,,ok,,,"{""n_params"": 4240896, ""d_model"": 256, ""n_layers"": 4, ""n_heads"": 4, ""tokens_per_step"": 4096, ""entropy_floor_loss"": 1.3862943611198906, ""process_rss_mb"": 529.5625, ""mps_current_allocated_mb"": 64.7109375, ""mps_driver_allocated_mb"": 1378.71875}","{""torch"":""2.14.0"",""device_name"":""Apple M1 Pro (16-core GPU)"",""seed"":1234,""git_commit"":""2c24789d48523ca307f7e9c6d6bded783520cc40"",""code_sha256"":""ad2062058ca50491"",""hostname"":""Kims-MacBook-Pro-16.local""}"
20260919T172639,2026-09-19T17:28:31.461+07:00,transformer,mps,Apple M1 Pro (16-core GPU),gpt,synthetic_markov,32,256,fp32,warmup,0,186.1709160002647,44002.5766430045,tokens/s,,,8.377710342407227,,ok,,,"{""n_params"": 4273664, ""d_model"": 256, ""n_layers"": 4, ""n_heads"": 4, ""tokens_per_step"": 8192, ""entropy_floor_loss"": 1.3862943611198906, ""step_ms"": 186.1709160002647}","{""torch"":""2.14.0"",""device_name"":""Apple M1 Pro (16-core GPU)"",""seed"":1234,""git_commit"":""2c24789d48523ca307f7e9c6d6bded783520cc40"",""code_sha256"":""ad2062058ca50491"",""hostname"":""Kims-MacBook-Pro-16.local""}"
20260919T172639,2026-09-19T17:28:31.595+07:00,transformer,mps,Apple M1 Pro (16-core GPU),gpt,synthetic_markov,32,256,fp32,warmup,1,133.84545800363412,61204.91589469979,tokens/s,,,8.330018043518066,,ok,,,"{""n_params"": 4273664, ""d_model"": 256, ""n_layers"": 4, ""n_heads"": 4, ""tokens_per_step"": 8192, ""entropy_floor_loss"": 1.3862943611198906, ""step_ms"": 133.84545800363412}","{""torch"":""2.14.0"",""device_name"":""Apple M1 Pro (16-core GPU)"",""seed"":1234,""git_commit"":""2c24789d48523ca307f7e9c6d6bded783520cc40"",""code_sha256"":""ad2062058ca50491"",""hostname"":""Kims-MacBook-Pro-16.local""}"
20260919T172639,2026-09-19T17:28:31.726+07:00,transformer,mps,Apple M1 Pro (16-core GPU),gpt,synthetic_markov,32,256,fp32,warmup,2,131.1744999984512,62451.162383670024,tokens/s,,,8.301958084106445,,ok,,,"{""n_params"": 4273664, ""d_model"": 256, ""n_layers"": 4, ""n_heads"": 4, ""tokens_per_step"": 8192, ""entropy_floor_loss"": 1.3862943611198906, ""step_ms"": 131.1744999984512}","{""torch"":""2.14.0"",""device_name"":""Apple M1 Pro (16-core GPU)"",""seed"":1234,""git_commit"":""2c24789d48523ca307f7e9c6d6bded783520cc40"",""code_sha256"":""ad2062058ca50491"",""hostname"":""Kims-MacBook-Pro-16.local""}"
20260919T172639,2026-09-19T17:28:31.857+07:00,transformer,mps,Apple M1 Pro (16-core GPU),gpt,synthetic_markov,32,256,fp32,measure,0,130.66187500226079,62696.17667631248,tokens/s,,,8.280315399169922,,ok,,,"{""n_params"": 4273664, ""d_model"": 256, ""n_layers"": 4, ""n_heads"": 4, ""tokens_per_step"": 8192, ""entropy_floor_loss"": 1.3862943611198906, ""step_ms"": 130.66187500226079}","{""torch"":""2.14.0"",""device_name"":""Apple M1 Pro (16-core GPU)"",""seed"":1234,""git_commit"":""2c24789d48523ca307f7e9c6d6bded783520cc40"",""code_sha256"":""ad2062058ca50491"",""hostname"":""Kims-MacBook-Pro-16.local""}"
20260919T172639,2026-09-19T17:28:31.989+07:00,transformer,mps,Apple M1 Pro (16-core GPU),gpt,synthetic_markov,32,256,fp32,measure,1,131.3843750031083,62351.40213443337,tokens/s,,,8.254744529724121,,ok,,,"{""n_params"": 4273664, ""d_model"": 256, ""n_layers"": 4, ""n_heads"": 4, ""tokens_per_step"": 8192, ""entropy_floor_loss"": 1.3862943611198906, ""step_ms"": 131.3843750031083}","{""torch"":""2.14.0"",""device_name"":""Apple M1 Pro (16-core GPU)"",""seed"":1234,""git_commit"":""2c24789d48523ca307f7e9c6d6bded783520cc40"",""code_sha256"":""ad2062058ca50491"",""hostname"":""Kims-MacBook-Pro-16.local""}"
20260919T172639,2026-09-19T17:28:32.121+07:00,transformer,mps,Apple M1 Pro (16-core GPU),gpt,synthetic_markov,32,256,fp32,measure,2,131.76683399797184,62170.42446452111,tokens/s,,,8.236942291259766,,ok,,,"{""n_params"": 4273664, ""d_model"": 256, ""n_layers"": 4, ""n_heads"": 4, ""tokens_per_step"": 8192, ""entropy_floor_loss"": 1.3862943611198906, ""step_ms"": 131.76683399797184}","{""torch"":""2.14.0"",""device_name"":""Apple M1 Pro (16-core GPU)"",""seed"":1234,""git_commit"":""2c24789d48523ca307f7e9c6d6bded783520cc40"",""code_sha256"":""ad2062058ca50491"",""hostname"":""Kims-MacBook-Pro-16.local""}"
20260919T172639,2026-09-19T17:28:32.254+07:00,transformer,mps,Apple M1 Pro (16-core GPU),gpt,synthetic_markov,32,256,fp32,measure,3,133.6385419999715,61299.68104562041,tokens/s,,,8.196626663208008,,ok,,,"{""n_params"": 4273664, ""d_model"": 256, ""n_layers"": 4, ""n_heads"": 4, ""tokens_per_step"": 8192, ""entropy_floor_loss"": 1.3862943611198906, ""step_ms"": 133.6385419999715}","{""torch"":""2.14.0"",""device_name"":""Apple M1 Pro (16-core GPU)"",""seed"":1234,""git_commit"":""2c24789d48523ca307f7e9c6d6bded783520cc40"",""code_sha256"":""ad2062058ca50491"",""hostname"":""Kims-MacBook-Pro-16.local""}"
20260919T172639,2026-09-19T17:28:32.386+07:00,transformer,mps,Apple M1 Pro (16-core GPU),gpt,synthetic_markov,32,256,fp32,measure,4,131.33570900390623,62374.50623391656,tokens/s,,,8.167362213134766,,ok,,,"{""n_params"": 4273664, ""d_model"": 256, ""n_layers"": 4, ""n_heads"": 4, ""tokens_per_step"": 8192, ""entropy_floor_loss"": 1.3862943611198906, ""step_ms"": 131.33570900390623}","{""torch"":""2.14.0"",""device_name"":""Apple M1 Pro (16-core GPU)"",""seed"":1234,""git_commit"":""2c24789d48523ca307f7e9c6d6bded783520cc40"",""code_sha256"":""ad2062058ca50491"",""hostname"":""Kims-MacBook-Pro-16.local""}"
20260919T172639,2026-09-19T17:28:32.517+07:00,transformer,mps,Apple M1 Pro (16-core GPU),gpt,synthetic_markov,32,256,fp32,measure,5,131.10208299622172,62485.65860113823,tokens/s,,,8.147968292236328,,ok,,,"{""n_params"": 4273664, ""d_model"": 256, ""n_layers"": 4, ""n_heads"": 4, ""tokens_per_step"": 8192, ""entropy_floor_loss"": 1.3862943611198906, ""step_ms"": 131.10208299622172}","{""torch"":""2.14.0"",""device_name"":""Apple M1 Pro (16-core GPU)"",""seed"":1234,""git_commit"":""2c24789d48523ca307f7e9c6d6bded783520cc40"",""code_sha256"":""ad2062058ca50491"",""hostname"":""Kims-MacBook-Pro-16.local""}"
20260919T172639,2026-09-19T17:28:32.651+07:00,transformer,mps,Apple M1 Pro (16-core GPU),gpt,synthetic_markov,32,256,fp32,measure,6,133.71420800103806,61264.99287148605,tokens/s,,,8.120763778686523,,ok,,,"{""n_params"": 4273664, ""d_model"": 256, ""n_layers"": 4, ""n_heads"": 4, ""tokens_per_step"": 8192, ""entropy_floor_loss"": 1.3862943611198906, ""step_ms"": 133.71420800103806}","{""torch"":""2.14.0"",""device_name"":""Apple M1 Pro (16-core GPU)"",""seed"":1234,""git_commit"":""2c24789d48523ca307f7e9c6d6bded783520cc40"",""code_sha256"":""ad2062058ca50491"",""hostname"":""Kims-MacBook-Pro-16.local""}"
20260919T172639,2026-09-19T17:28:32.782+07:00,transformer,mps,Apple M1 Pro (16-core GPU),gpt,synthetic_markov,32,256,fp32,measure,7,130.74733300163643,62655.19771556234,tokens/s,,,8.10211181640625,,ok,,,"{""n_params"": 4273664, ""d_model"": 256, ""n_layers"": 4, ""n_heads"": 4, ""tokens_per_step"": 8192, ""entropy_floor_loss"": 1.3862943611198906, ""step_ms"": 130.74733300163643}","{""torch"":""2.14.0"",""device_name"":""Apple M1 Pro (16-core GPU)"",""seed"":1234,""git_commit"":""2c24789d48523ca307f7e9c6d6bded783520cc40"",""code_sha256"":""ad2062058ca50491"",""hostname"":""Kims-MacBook-Pro-16.local""}"
20260919T172639,2026-09-19T17:28:32.913+07:00,transformer,mps,Apple M1 Pro (16-core GPU),gpt,synthetic_markov,32,256,fp32,measure,8,130.7532499995432,62652.3623697967,tokens/s,,,8.071489334106445,,ok,,,"{""n_params"": 4273664, ""d_model"": 256, ""n_layers"": 4, ""n_heads"": 4, ""tokens_per_step"": 8192, ""entropy_floor_loss"": 1.3862943611198906, ""step_ms"": 130.7532499995432}","{""torch"":""2.14.0"",""device_name"":""Apple M1 Pro (16-core GPU)"",""seed"":1234,""git_commit"":""2c24789d48523ca307f7e9c6d6bded783520cc40"",""code_sha256"":""ad2062058ca50491"",""hostname"":""Kims-MacBook-Pro-16.local""}"
20260919T172639,2026-09-19T17:28:33.048+07:00,transformer,mps,Apple M1 Pro (16-core GPU),gpt,synthetic_markov,32,256,fp32,measure,9,134.77366599545348,60783.38775971526,tokens/s,,,8.043912887573242,,ok,,,"{""n_params"": 4273664, ""d_model"": 256, ""n_layers"": 4, ""n_heads"": 4, ""tokens_per_step"": 8192, ""entropy_floor_loss"": 1.3862943611198906, ""step_ms"": 134.77366599545348}","{""torch"":""2.14.0"",""device_name"":""Apple M1 Pro (16-core GPU)"",""seed"":1234,""git_commit"":""2c24789d48523ca307f7e9c6d6bded783520cc40"",""code_sha256"":""ad2062058ca50491"",""hostname"":""Kims-MacBook-Pro-16.local""}"
20260919T172639,2026-09-19T17:28:33.179+07:00,transformer,mps,Apple M1 Pro (16-core GPU),gpt,synthetic_markov,32,256,fp32,measure,10,131.1883750022389,62444.5573006007,tokens/s,,,8.02071762084961,,ok,,,"{""n_params"": 4273664, ""d_model"": 256, ""n_layers"": 4, ""n_heads"": 4, ""tokens_per_step"": 8192, ""entropy_floor_loss"": 1.3862943611198906, ""step_ms"": 131.1883750022389}","{""torch"":""2.14.0"",""device_name"":""Apple M1 Pro (16-core GPU)"",""seed"":1234,""git_commit"":""2c24789d48523ca307f7e9c6d6bded783520cc40"",""code_sha256"":""ad2062058ca50491"",""hostname"":""Kims-MacBook-Pro-16.local""}"
20260919T172639,2026-09-19T17:28:33.310+07:00,transformer,mps,Apple M1 Pro (16-core GPU),gpt,synthetic_markov,32,256,fp32,measure,11,130.89195900101913,62585.96832473274,tokens/s,,,8.000519752502441,,ok,,,"{""n_params"": 4273664, ""d_model"": 256, ""n_layers"": 4, ""n_heads"": 4, ""tokens_per_step"": 8192, ""entropy_floor_loss"": 1.3862943611198906, ""step_ms"": 130.89195900101913}","{""torch"":""2.14.0"",""device_name"":""Apple M1 Pro (16-core GPU)"",""seed"":1234,""git_commit"":""2c24789d48523ca307f7e9c6d6bded783520cc40"",""code_sha256"":""ad2062058ca50491"",""hostname"":""Kims-MacBook-Pro-16.local""}"
20260919T172639,2026-09-19T17:28:33.441+07:00,transformer,mps,Apple M1 Pro (16-core GPU),gpt,synthetic_markov,32,256,fp32,measure,12,130.56395800231257,62743.19594274939,tokens/s,,,7.962893486022949,,ok,,,"{""n_params"": 4273664, ""d_model"": 256, ""n_layers"": 4, ""n_heads"": 4, ""tokens_per_step"": 8192, ""entropy_floor_loss"": 1.3862943611198906, ""step_ms"": 130.56395800231257}","{""torch"":""2.14.0"",""device_name"":""Apple M1 Pro (16-core GPU)"",""seed"":1234,""git_commit"":""2c24789d48523ca307f7e9c6d6bded783520cc40"",""code_sha256"":""ad2062058ca50491"",""hostname"":""Kims-MacBook-Pro-16.local""}"
20260919T172639,2026-09-19T17:28:33.571+07:00,transformer,mps,Apple M1 Pro (16-core GPU),gpt,synthetic_markov,32,256,fp32,measure,13,130.55262499983655,62748.64254939536,tokens/s,,,7.945847034454346,,ok,,,"{""n_params"": 4273664, ""d_model"": 256, ""n_layers"": 4, ""n_heads"": 4, ""tokens_per_step"": 8192, ""entropy_floor_loss"": 1.3862943611198906, ""step_ms"": 130.55262499983655}","{""torch"":""2.14.0"",""device_name"":""Apple M1 Pro (16-core GPU)"",""seed"":1234,""git_commit"":""2c24789d48523ca307f7e9c6d6bded783520cc40"",""code_sha256"":""ad2062058ca50491"",""hostname"":""Kims-MacBook-Pro-16.local""}"
20260919T172639,2026-09-19T17:28:33.704+07:00,transformer,mps,Apple M1 Pro (16-core GPU),gpt,synthetic_markov,32,256,fp32,measure,14,132.11262500408338,62007.69986779688,tokens/s,,,7.916052341461182,,ok,,,"{""n_params"": 4273664, ""d_model"": 256, ""n_layers"": 4, ""n_heads"": 4, ""tokens_per_step"": 8192, ""entropy_floor_loss"": 1.3862943611198906, ""step_ms"": 132.11262500408338}","{""torch"":""2.14.0"",""device_name"":""Apple M1 Pro (16-core GPU)"",""seed"":1234,""git_commit"":""2c24789d48523ca307f7e9c6d6bded783520cc40"",""code_sha256"":""ad2062058ca50491"",""hostname"":""Kims-MacBook-Pro-16.local""}"
20260919T172639,2026-09-19T17:28:33.834+07:00,transformer,mps,Apple M1 Pro (16-core GPU),gpt,synthetic_markov,32,256,fp32,measure,15,130.52841700118734,62760.28000803444,tokens/s,,,7.897788047790527,,ok,,,"{""n_params"": 4273664, ""d_model"": 256, ""n_layers"": 4, ""n_heads"": 4, ""tokens_per_step"": 8192, ""entropy_floor_loss"": 1.3862943611198906, ""step_ms"": 130.52841700118734}","{""torch"":""2.14.0"",""device_name"":""Apple M1 Pro (16-core GPU)"",""seed"":1234,""git_commit"":""2c24789d48523ca307f7e9c6d6bded783520cc40"",""code_sha256"":""ad2062058ca50491"",""hostname"":""Kims-MacBook-Pro-16.local""}"
20260919T172639,2026-09-19T17:28:33.965+07:00,transformer,mps,Apple M1 Pro (16-core GPU),gpt,synthetic_markov,32,256,fp32,measure,16,130.6433339996147,62705.074566025396,tokens/s,,,7.856263160705566,,ok,,,"{""n_params"": 4273664, ""d_model"": 256, ""n_layers"": 4, ""n_heads"": 4, ""tokens_per_step"": 8192, ""entropy_floor_loss"": 1.3862943611198906, ""step_ms"": 130.6433339996147}","{""torch"":""2.14.0"",""device_name"":""Apple M1 Pro (16-core GPU)"",""seed"":1234,""git_commit"":""2c24789d48523ca307f7e9c6d6bded783520cc40"",""code_sha256"":""ad2062058ca50491"",""hostname"":""Kims-MacBook-Pro-16.local""}"
20260919T172639,2026-09-19T17:28:34.096+07:00,transformer,mps,Apple M1 Pro (16-core GPU),gpt,synthetic_markov,32,256,fp32,measure,17,130.65208299667574,62700.875578144696,tokens/s,,,7.834067344665527,,ok,,,"{""n_params"": 4273664, ""d_model"": 256, ""n_layers"": 4, ""n_heads"": 4, ""tokens_per_step"": 8192, ""entropy_floor_loss"": 1.3862943611198906, ""step_ms"": 130.65208299667574}","{""torch"":""2.14.0"",""device_name"":""Apple M1 Pro (16-core GPU)"",""seed"":1234,""git_commit"":""2c24789d48523ca307f7e9c6d6bded783520cc40"",""code_sha256"":""ad2062058ca50491"",""hostname"":""Kims-MacBook-Pro-16.local""}"
20260919T172639,2026-09-19T17:28:34.227+07:00,transformer,mps,Apple M1 Pro (16-core GPU),gpt,synthetic_markov,32,256,fp32,measure,18,131.34312500187661,62370.98439589399,tokens/s,,,7.805289268493652,,ok,,,"{""n_params"": 4273664, ""d_model"": 256, ""n_layers"": 4, ""n_heads"": 4, ""tokens_per_step"": 8192, ""entropy_floor_loss"": 1.3862943611198906, ""step_ms"": 131.34312500187661}","{""torch"":""2.14.0"",""device_name"":""Apple M1 Pro (16-core GPU)"",""seed"":1234,""git_commit"":""2c24789d48523ca307f7e9c6d6bded783520cc40"",""code_sha256"":""ad2062058ca50491"",""hostname"":""Kims-MacBook-Pro-16.local""}"
20260919T172639,2026-09-19T17:28:34.358+07:00,transformer,mps,Apple M1 Pro (16-core GPU),gpt,synthetic_markov,32,256,fp32,measure,19,130.81337499897927,62623.56582470196,tokens/s,,,7.773318767547607,,ok,,,"{""n_params"": 4273664, ""d_model"": 256, ""n_layers"": 4, ""n_heads"": 4, ""tokens_per_step"": 8192, ""entropy_floor_loss"": 1.3862943611198906, ""step_ms"": 130.81337499897927}","{""torch"":""2.14.0"",""device_name"":""Apple M1 Pro (16-core GPU)"",""seed"":1234,""git_commit"":""2c24789d48523ca307f7e9c6d6bded783520cc40"",""code_sha256"":""ad2062058ca50491"",""hostname"":""Kims-MacBook-Pro-16.local""}"
20260919T172639,2026-09-19T17:28:34.359+07:00,transformer,mps,Apple M1 Pro (16-core GPU),gpt,synthetic_markov,32,256,fp32,config,,,,,2338.71875,"mps_driver_allocated_memory (snapshot after work, not a peak; includes allocator cache)",,,ok,,,"{""n_params"": 4273664, ""d_model"": 256, ""n_layers"": 4, ""n_heads"": 4, ""tokens_per_step"": 8192, ""entropy_floor_loss"": 1.3862943611198906, ""process_rss_mb"": 529.625, ""mps_current_allocated_mb"": 65.2109375, ""mps_driver_allocated_mb"": 2338.71875}","{""torch"":""2.14.0"",""device_name"":""Apple M1 Pro (16-core GPU)"",""seed"":1234,""git_commit"":""2c24789d48523ca307f7e9c6d6bded783520cc40"",""code_sha256"":""ad2062058ca50491"",""hostname"":""Kims-MacBook-Pro-16.local""}"
20260919T172639,2026-09-19T17:28:34.901+07:00,transformer,mps,Apple M1 Pro (16-core GPU),gpt,synthetic_markov,32,512,fp32,warmup,0,357.36433399870293,45846.76880502425,tokens/s,,,8.36662769317627,,ok,,,"{""n_params"": 4339200, ""d_model"": 256, ""n_layers"": 4, ""n_heads"": 4, ""tokens_per_step"": 16384, ""entropy_floor_loss"": 1.3862943611198906, ""step_ms"": 357.36433399870293}","{""torch"":""2.14.0"",""device_name"":""Apple M1 Pro (16-core GPU)"",""seed"":1234,""git_commit"":""2c24789d48523ca307f7e9c6d6bded783520cc40"",""code_sha256"":""ad2062058ca50491"",""hostname"":""Kims-MacBook-Pro-16.local""}"
20260919T172639,2026-09-19T17:28:35.199+07:00,transformer,mps,Apple M1 Pro (16-core GPU),gpt,synthetic_markov,32,512,fp32,warmup,1,298.44733299978543,54897.4582393463,tokens/s,,,8.31826400756836,,ok,,,"{""n_params"": 4339200, ""d_model"": 256, ""n_layers"": 4, ""n_heads"": 4, ""tokens_per_step"": 16384, ""entropy_floor_loss"": 1.3862943611198906, ""step_ms"": 298.44733299978543}","{""torch"":""2.14.0"",""device_name"":""Apple M1 Pro (16-core GPU)"",""seed"":1234,""git_commit"":""2c24789d48523ca307f7e9c6d6bded783520cc40"",""code_sha256"":""ad2062058ca50491"",""hostname"":""Kims-MacBook-Pro-16.local""}"
20260919T172639,2026-09-19T17:28:35.499+07:00,transformer,mps,Apple M1 Pro (16-core GPU),gpt,synthetic_markov,32,512,fp32,warmup,2,300.01845799415605,54609.973364769234,tokens/s,,,8.284736633300781,,ok,,,"{""n_params"": 4339200, ""d_model"": 256, ""n_layers"": 4, ""n_heads"": 4, ""tokens_per_step"": 16384, ""entropy_floor_loss"": 1.3862943611198906, ""step_ms"": 300.01845799415605}","{""torch"":""2.14.0"",""device_name"":""Apple M1 Pro (16-core GPU)"",""seed"":1234,""git_commit"":""2c24789d48523ca307f7e9c6d6bded783520cc40"",""code_sha256"":""ad2062058ca50491"",""hostname"":""Kims-MacBook-Pro-16.local""}"
20260919T172639,2026-09-19T17:28:35.797+07:00,transformer,mps,Apple M1 Pro (16-core GPU),gpt,synthetic_markov,32,512,fp32,measure,0,297.9478330016718,54989.49206960021,tokens/s,,,8.247682571411133,,ok,,,"{""n_params"": 4339200, ""d_model"": 256, ""n_layers"": 4, ""n_heads"": 4, ""tokens_per_step"": 16384, ""entropy_floor_loss"": 1.3862943611198906, ""step_ms"": 297.9478330016718}","{""torch"":""2.14.0"",""device_name"":""Apple M1 Pro (16-core GPU)"",""seed"":1234,""git_commit"":""2c24789d48523ca307f7e9c6d6bded783520cc40"",""code_sha256"":""ad2062058ca50491"",""hostname"":""Kims-MacBook-Pro-16.local""}"
20260919T172639,2026-09-19T17:28:36.098+07:00,transformer,mps,Apple M1 Pro (16-core GPU),gpt,synthetic_markov,32,512,fp32,measure,1,300.4844170063734,54525.29007403565,tokens/s,,,8.200255393981934,,ok,,,"{""n_params"": 4339200, ""d_model"": 256, ""n_layers"": 4, ""n_heads"": 4, ""tokens_per_step"": 16384, ""entropy_floor_loss"": 1.3862943611198906, ""step_ms"": 300.4844170063734}","{""torch"":""2.14.0"",""device_name"":""Apple M1 Pro (16-core GPU)"",""seed"":1234,""git_commit"":""2c24789d48523ca307f7e9c6d6bded783520cc40"",""code_sha256"":""ad2062058ca50491"",""hostname"":""Kims-MacBook-Pro-16.local""}"
20260919T172639,2026-09-19T17:28:36.402+07:00,transformer,mps,Apple M1 Pro (16-core GPU),gpt,synthetic_markov,32,512,fp32,measure,2,303.4810000026482,53986.90527531223,tokens/s,,,8.168621063232422,,ok,,,"{""n_params"": 4339200, ""d_model"": 256, ""n_layers"": 4, ""n_heads"": 4, ""tokens_per_step"": 16384, ""entropy_floor_loss"": 1.3862943611198906, ""step_ms"": 303.4810000026482}","{""torch"":""2.14.0"",""device_name"":""Apple M1 Pro (16-core GPU)"",""seed"":1234,""git_commit"":""2c24789d48523ca307f7e9c6d6bded783520cc40"",""code_sha256"":""ad2062058ca50491"",""hostname"":""Kims-MacBook-Pro-16.local""}"
20260919T172639,2026-09-19T17:28:36.700+07:00,transformer,mps,Apple M1 Pro (16-core GPU),gpt,synthetic_markov,32,512,fp32,measure,3,298.0638340013684,54968.09116373637,tokens/s,,,8.131532669067383,,ok,,,"{""n_params"": 4339200, ""d_model"": 256, ""n_layers"": 4, ""n_heads"": 4, ""tokens_per_step"": 16384, ""entropy_floor_loss"": 1.3862943611198906, ""step_ms"": 298.0638340013684}","{""torch"":""2.14.0"",""device_name"":""Apple M1 Pro (16-core GPU)"",""seed"":1234,""git_commit"":""2c24789d48523ca307f7e9c6d6bded783520cc40"",""code_sha256"":""ad2062058ca50491"",""hostname"":""Kims-MacBook-Pro-16.local""}"
20260919T172639,2026-09-19T17:28:37.000+07:00,transformer,mps,Apple M1 Pro (16-core GPU),gpt,synthetic_markov,32,512,fp32,measure,4,300.3556660041795,54548.6629833446,tokens/s,,,8.096824645996094,,ok,,,"{""n_params"": 4339200, ""d_model"": 256, ""n_layers"": 4, ""n_heads"": 4, ""tokens_per_step"": 16384, ""entropy_floor_loss"": 1.3862943611198906, ""step_ms"": 300.3556660041795}","{""torch"":""2.14.0"",""device_name"":""Apple M1 Pro (16-core GPU)"",""seed"":1234,""git_commit"":""2c24789d48523ca307f7e9c6d6bded783520cc40"",""code_sha256"":""ad2062058ca50491"",""hostname"":""Kims-MacBook-Pro-16.local""}"
20260919T172639,2026-09-19T17:28:37.301+07:00,transformer,mps,Apple M1 Pro (16-core GPU),gpt,synthetic_markov,32,512,fp32,measure,5,299.9782500046422,54617.29308623694,tokens/s,,,8.058110237121582,,ok,,,"{""n_params"": 4339200, ""d_model"": 256, ""n_layers"": 4, ""n_heads"": 4, ""tokens_per_step"": 16384, ""entropy_floor_loss"": 1.3862943611198906, ""step_ms"": 299.9782500046422}","{""torch"":""2.14.0"",""device_name"":""Apple M1 Pro (16-core GPU)"",""seed"":1234,""git_commit"":""2c24789d48523ca307f7e9c6d6bded783520cc40"",""code_sha256"":""ad2062058ca50491"",""hostname"":""Kims-MacBook-Pro-16.local""}"
20260919T172639,2026-09-19T17:28:37.602+07:00,transformer,mps,Apple M1 Pro (16-core GPU),gpt,synthetic_markov,32,512,fp32,measure,6,300.9997910048696,54431.931481756204,tokens/s,,,8.033080101013184,,ok,,,"{""n_params"": 4339200, ""d_model"": 256, ""n_layers"": 4, ""n_heads"": 4, ""tokens_per_step"": 16384, ""entropy_floor_loss"": 1.3862943611198906, ""step_ms"": 300.9997910048696}","{""torch"":""2.14.0"",""device_name"":""Apple M1 Pro (16-core GPU)"",""seed"":1234,""git_commit"":""2c24789d48523ca307f7e9c6d6bded783520cc40"",""code_sha256"":""ad2062058ca50491"",""hostname"":""Kims-MacBook-Pro-16.local""}"
20260919T172639,2026-09-19T17:28:37.907+07:00,transformer,mps,Apple M1 Pro (16-core GPU),gpt,synthetic_markov,32,512,fp32,measure,7,305.00129199936055,53717.805234852414,tokens/s,,,8.001245498657227,,ok,,,"{""n_params"": 4339200, ""d_model"": 256, ""n_layers"": 4, ""n_heads"": 4, ""tokens_per_step"": 16384, ""entropy_floor_loss"": 1.3862943611198906, ""step_ms"": 305.00129199936055}","{""torch"":""2.14.0"",""device_name"":""Apple M1 Pro (16-core GPU)"",""seed"":1234,""git_commit"":""2c24789d48523ca307f7e9c6d6bded783520cc40"",""code_sha256"":""ad2062058ca50491"",""hostname"":""Kims-MacBook-Pro-16.local""}"
20260919T172639,2026-09-19T17:28:38.207+07:00,transformer,mps,Apple M1 Pro (16-core GPU),gpt,synthetic_markov,32,512,fp32,measure,8,299.63349999889033,54680.13423085428,tokens/s,,,7.960997581481934,,ok,,,"{""n_params"": 4339200, ""d_model"": 256, ""n_layers"": 4, ""n_heads"": 4, ""tokens_per_step"": 16384, ""entropy_floor_loss"": 1.3862943611198906, ""step_ms"": 299.63349999889033}","{""torch"":""2.14.0"",""device_name"":""Apple M1 Pro (16-core GPU)"",""seed"":1234,""git_commit"":""2c24789d48523ca307f7e9c6d6bded783520cc40"",""code_sha256"":""ad2062058ca50491"",""hostname"":""Kims-MacBook-Pro-16.local""}"
20260919T172639,2026-09-19T17:28:38.508+07:00,transformer,mps,Apple M1 Pro (16-core GPU),gpt,synthetic_markov,32,512,fp32,measure,9,300.75024999678135,54477.09519834262,tokens/s,,,7.932685852050781,,ok,,,"{""n_params"": 4339200, ""d_model"": 256, ""n_layers"": 4, ""n_heads"": 4, ""tokens_per_step"": 16384, ""entropy_floor_loss"": 1.3862943611198906, ""step_ms"": 300.75024999678135}","{""torch"":""2.14.0"",""device_name"":""Apple M1 Pro (16-core GPU)"",""seed"":1234,""git_commit"":""2c24789d48523ca307f7e9c6d6bded783520cc40"",""code_sha256"":""ad2062058ca50491"",""hostname"":""Kims-MacBook-Pro-16.local""}"
20260919T172639,2026-09-19T17:28:38.809+07:00,transformer,mps,Apple M1 Pro (16-core GPU),gpt,synthetic_markov,32,512,fp32,measure,10,301.18279199814424,54398.8582193001,tokens/s,,,7.899387359619141,,ok,,,"{""n_params"": 4339200, ""d_model"": 256, ""n_layers"": 4, ""n_heads"": 4, ""tokens_per_step"": 16384, ""entropy_floor_loss"": 1.3862943611198906, ""step_ms"": 301.18279199814424}","{""torch"":""2.14.0"",""device_name"":""Apple M1 Pro (16-core GPU)"",""seed"":1234,""git_commit"":""2c24789d48523ca307f7e9c6d6bded783520cc40"",""code_sha256"":""ad2062058ca50491"",""hostname"":""Kims-MacBook-Pro-16.local""}"
20260919T172639,2026-09-19T17:28:39.110+07:00,transformer,mps,Apple M1 Pro (16-core GPU),gpt,synthetic_markov,32,512,fp32,measure,11,300.7519160019001,54476.79342430686,tokens/s,,,7.86627721786499,,ok,,,"{""n_params"": 4339200, ""d_model"": 256, ""n_layers"": 4, ""n_heads"": 4, ""tokens_per_step"": 16384, ""entropy_floor_loss"": 1.3862943611198906, ""step_ms"": 300.7519160019001}","{""torch"":""2.14.0"",""device_name"":""Apple M1 Pro (16-core GPU)"",""seed"":1234,""git_commit"":""2c24789d48523ca307f7e9c6d6bded783520cc40"",""code_sha256"":""ad2062058ca50491"",""hostname"":""Kims-MacBook-Pro-16.local""}"
20260919T172639,2026-09-19T17:28:39.413+07:00,transformer,mps,Apple M1 Pro (16-core GPU),gpt,synthetic_markov,32,512,fp32,measure,12,302.72687500109896,54121.392426557846,tokens/s,,,7.832271099090576,,ok,,,"{""n_params"": 4339200, ""d_model"": 256, ""n_layers"": 4, ""n_heads"": 4, ""tokens_per_step"": 16384, ""entropy_floor_loss"": 1.3862943611198906, ""step_ms"": 302.72687500109896}","{""torch"":""2.14.0"",""device_name"":""Apple M1 Pro (16-core GPU)"",""seed"":1234,""git_commit"":""2c24789d48523ca307f7e9c6d6bded783520cc40"",""code_sha256"":""ad2062058ca50491"",""hostname"":""Kims-MacBook-Pro-16.local""}"
20260919T172639,2026-09-19T17:28:39.713+07:00,transformer,mps,Apple M1 Pro (16-core GPU),gpt,synthetic_markov,32,512,fp32,measure,13,300.601375005499,54504.075371246334,tokens/s,,,7.806038856506348,,ok,,,"{""n_params"": 4339200, ""d_model"": 256, ""n_layers"": 4, ""n_heads"": 4, ""tokens_per_step"": 16384, ""entropy_floor_loss"": 1.3862943611198906, ""step_ms"": 300.601375005499}","{""torch"":""2.14.0"",""device_name"":""Apple M1 Pro (16-core GPU)"",""seed"":1234,""git_commit"":""2c24789d48523ca307f7e9c6d6bded783520cc40"",""code_sha256"":""ad2062058ca50491"",""hostname"":""Kims-MacBook-Pro-16.local""}"
20260919T172639,2026-09-19T17:28:40.014+07:00,transformer,mps,Apple M1 Pro (16-core GPU),gpt,synthetic_markov,32,512,fp32,measure,14,300.6019159947755,54503.97728098565,tokens/s,,,7.771326065063477,,ok,,,"{""n_params"": 4339200, ""d_model"": 256, ""n_layers"": 4, ""n_heads"": 4, ""tokens_per_step"": 16384, ""entropy_floor_loss"": 1.3862943611198906, ""step_ms"": 300.6019159947755}","{""torch"":""2.14.0"",""device_name"":""Apple M1 Pro (16-core GPU)"",""seed"":1234,""git_commit"":""2c24789d48523ca307f7e9c6d6bded783520cc40"",""code_sha256"":""ad2062058ca50491"",""hostname"":""Kims-MacBook-Pro-16.local""}"
20260919T172639,2026-09-19T17:28:40.314+07:00,transformer,mps,Apple M1 Pro (16-core GPU),gpt,synthetic_markov,32,512,fp32,measure,15,299.21795900008874,54756.07164339739,tokens/s,,,7.745755195617676,,ok,,,"{""n_params"": 4339200, ""d_model"": 256, ""n_layers"": 4, ""n_heads"": 4, ""tokens_per_step"": 16384, ""entropy_floor_loss"": 1.3862943611198906, ""step_ms"": 299.21795900008874}","{""torch"":""2.14.0"",""device_name"":""Apple M1 Pro (16-core GPU)"",""seed"":1234,""git_commit"":""2c24789d48523ca307f7e9c6d6bded783520cc40"",""code_sha256"":""ad2062058ca50491"",""hostname"":""Kims-MacBook-Pro-16.local""}"
20260919T172639,2026-09-19T17:28:40.612+07:00,transformer,mps,Apple M1 Pro (16-core GPU),gpt,synthetic_markov,32,512,fp32,measure,16,298.6095409942209,54867.637334860265,tokens/s,,,7.709478855133057,,ok,,,"{""n_params"": 4339200, ""d_model"": 256, ""n_layers"": 4, ""n_heads"": 4, ""tokens_per_step"": 16384, ""entropy_floor_loss"": 1.3862943611198906, ""step_ms"": 298.6095409942209}","{""torch"":""2.14.0"",""device_name"":""Apple M1 Pro (16-core GPU)"",""seed"":1234,""git_commit"":""2c24789d48523ca307f7e9c6d6bded783520cc40"",""code_sha256"":""ad2062058ca50491"",""hostname"":""Kims-MacBook-Pro-16.local""}"
20260919T172639,2026-09-19T17:28:40.914+07:00,transformer,mps,Apple M1 Pro (16-core GPU),gpt,synthetic_markov,32,512,fp32,measure,17,301.95000000094296,54260.63917850251,tokens/s,,,7.681744575500488,,ok,,,"{""n_params"": 4339200, ""d_model"": 256, ""n_layers"": 4, ""n_heads"": 4, ""tokens_per_step"": 16384, ""entropy_floor_loss"": 1.3862943611198906, ""step_ms"": 301.95000000094296}","{""torch"":""2.14.0"",""device_name"":""Apple M1 Pro (16-core GPU)"",""seed"":1234,""git_commit"":""2c24789d48523ca307f7e9c6d6bded783520cc40"",""code_sha256"":""ad2062058ca50491"",""hostname"":""Kims-MacBook-Pro-16.local""}"
20260919T172639,2026-09-19T17:28:41.217+07:00,transformer,mps,Apple M1 Pro (16-core GPU),gpt,synthetic_markov,32,512,fp32,measure,18,302.39904100017156,54180.06600090608,tokens/s,,,7.643586158752441,,ok,,,"{""n_params"": 4339200, ""d_model"": 256, ""n_layers"": 4, ""n_heads"": 4, ""tokens_per_step"": 16384, ""entropy_floor_loss"": 1.3862943611198906, ""step_ms"": 302.39904100017156}","{""torch"":""2.14.0"",""device_name"":""Apple M1 Pro (16-core GPU)"",""seed"":1234,""git_commit"":""2c24789d48523ca307f7e9c6d6bded783520cc40"",""code_sha256"":""ad2062058ca50491"",""hostname"":""Kims-MacBook-Pro-16.local""}"
20260919T172639,2026-09-19T17:28:41.515+07:00,transformer,mps,Apple M1 Pro (16-core GPU),gpt,synthetic_markov,32,512,fp32,measure,19,297.8646249976009,55004.8532957949,tokens/s,,,7.602056503295898,,ok,,,"{""n_params"": 4339200, ""d_model"": 256, ""n_layers"": 4, ""n_heads"": 4, ""tokens_per_step"": 16384, ""entropy_floor_loss"": 1.3862943611198906, ""step_ms"": 297.8646249976009}","{""torch"":""2.14.0"",""device_name"":""Apple M1 Pro (16-core GPU)"",""seed"":1234,""git_commit"":""2c24789d48523ca307f7e9c6d6bded783520cc40"",""code_sha256"":""ad2062058ca50491"",""hostname"":""Kims-MacBook-Pro-16.local""}"
20260919T172639,2026-09-19T17:28:41.515+07:00,transformer,mps,Apple M1 Pro (16-core GPU),gpt,synthetic_markov,32,512,fp32,config,,,,,3434.71875,"mps_driver_allocated_memory (snapshot after work, not a peak; includes allocator cache)",,,ok,,,"{""n_params"": 4339200, ""d_model"": 256, ""n_layers"": 4, ""n_heads"": 4, ""tokens_per_step"": 16384, ""entropy_floor_loss"": 1.3862943611198906, ""process_rss_mb"": 532.796875, ""mps_current_allocated_mb"": 66.2109375, ""mps_driver_allocated_mb"": 3434.71875}","{""torch"":""2.14.0"",""device_name"":""Apple M1 Pro (16-core GPU)"",""seed"":1234,""git_commit"":""2c24789d48523ca307f7e9c6d6bded783520cc40"",""code_sha256"":""ad2062058ca50491"",""hostname"":""Kims-MacBook-Pro-16.local""}"
